Name,Year of Incorporation,Employee Range,Investment Stage,Sector Labels,Tags,Website,Notes
ARCHES PTE. LTD.,2019,,Seed,Infocomm Tech,,https://arches-global.com/corporate/index,
LEXAGLE PTE. LTD.,2019,,Pre-seed,,,https://www.lexagle.com/,
AI PALETTE,2018,11 - 50,Pre-seed,Food Science and Technology; AI; Data Analysis; Big Data,"Foodtech, AI",https://www.aipalette.com/,
MAGORIUM PTE. LTD.,2019,1 - 10,Pre-seed,Urban Solutions; Others,Sustainability; Technology; waste plastic,http://www.magorium.com,
District Technologies,2017,11 - 50,Pre-seed,Gaming; Events; Digital Health; Entertainment; Lifestyle,health fitness run explore app,https://www.exploredistrict.com,
SILENCE LABORATORIES PTE. LTD.,2019,1 - 10,Seed,Infotech; AI; Fintech; Infocomm Tech; IoT,AUTHENTICATION; multi-factor; NBU; seamless security,http://silencelaboratories.com/,
EXPLICO PTE. LTD.,2019,11 - 50,Seed,Education,Edtech Assessment Learning School Education ; E-Learning; Learning Platform; onlineplatform; online-assessment ; examinationsystem,https://www.explico.sg,
FIXTUREGRAM PTE. LTD.,2019,1 - 10,Pre-seed,AI; Maritime; Supply Chain & Logistics; SaaS,bulk shipping,http://www.fixturegram.com,
TRAVELHORSE TECH PTE. LTD.,2020,1 - 10,Pre-seed,Transport; Travel & Hospitality; Supply Chain & Logistics; Urban Solutions; IoT,#luggage; #storage; #luggagestorage,https://www.travelhorse.co,
SUSGAIN PTE. LTD.,2020,1 - 10,Pre-seed,Infocomm Tech; Urban Solutions; Lifestyle,Sustainability; environmental impact; social impact; mobile app,https://susgain.com/,
ZOID LABS PTE. LTD.,2017,,Pre-seed,,,https://www.zoidlabs.com,
ESGpedia,2019,11 - 50,Pre-series A,AI; Fintech; Enterprise Solutions; Cleantech; Others,Green Building Technology; Emission Control; Eco Monitoring Technologies,https://stacs.io,
SUNPRIME SEMILLAS PTE. LTD.,2017,11 - 50,Pre-seed,Agritech; Biotech; Supply Chain & Logistics; Urban Solutions; Others,Seed; Organic Farming; Controlled Environment Agriculture; Genetic Engineering; Smart Farming; Microbiology; Soil Technology; Fertilisers; Bringing the farm to your table. ,http://www.sunprimeint.com,
FU TIEN PTE. LTD.,2019,1 - 10,Pre-seed,Food Science and Technology; Agritech; Urban Solutions; Food Manufacturing & Processing,urban farming; hydroponics; vertical; indoor,http://www.futien.com.sg,
ULAVI TECHNOLOGIES PTE. LTD.,2016,1 - 10,Pre-seed,Transport; Travel & Hospitality; SaaS,"Airport Transfers, Mobility, SaaS, Food Delivery, Ground Transfers",https://www.ulacab.com,
MANABIE INTERNATIONAL PRIVATE LIMITED,2019,101 - 200,Seed,Education,,https://manabie.com/,
HYPERHAUL PTE. LTD.,2018,1 - 10,Pre-seed,Infotech; Transport; AI; SaaS,Haulage,https://www.hyperhaul.com,
THUNES ASIA PRIVATE LIMITED,2019,,Series B,,,https://www.thunes.com/,
GUDANGADA INVESTMENT PTE. LTD.,2019,,Series A,,,https://www.gudangada.id/,
ESPORTS PTE. LTD.,2019,,Seed,,,https://espl.co/,
TICKENDY SINGAPORE PTE. LTD.,2020,1 - 10,Seed,Retail; AI; Fintech; Data Analysis; Big Data,Retail,https://web.tickendy.com/,
Lendor,2020,1 - 10,Pre-seed,Consumer Electronics; E-Commerce; Urban Solutions; Cleantech; SaaS,Circular Economy; Sharing Economy; Consumer Electronics; E-Commerce,https://lendor.sg,
NEXTGEN INFOTECH PTE. LTD.,2018,1 - 10,Pre-seed,AI; Infocomm Tech; SaaS; Cloud; Big Data,IT Support; Cloud Migration; Cybersecurity; Web Development; Mobile App Dev; IT COnsultancy,https://nextgenit.sg,
LEADIQ SINGAPORE PTE. LTD.,2016,11 - 50,Series A,Infotech,,https://leadiq.com/,
QRITIVE PTE. LTD.,2017,11 - 50,Series A,Medtech; Biotech; AI; Healthcare; Data Analysis,Digital Pathology; AI,http://www.qritive.com/,
SZONE MEDICAL PTE. LTD.,2019,1 - 10,Pre-seed,Medtech,Healthcare,https://www.trendlines.com/company/szone/,
CENTENAL PTE. LTD.,2017,1 - 10,Pre-seed,Fintech,FinTech; Regtech; Wealthtech; corporate innovation; AML; CRS; Customer Lifecycle Management; Compliance; Financial Institution; Smart Contract,https://www.centenal.com/,
CHIA FOODS PTE. LTD.,2020,1 - 10,Pre-seed,Food & Beverage; E-Commerce; Lifestyle; Food Manufacturing & Processing,#food#healthysnacks#lifestyle,http://jiayo.sg,
REVOLUT TECHNOLOGIES SINGAPORE PTE. LTD.,2017,,Series E,,,https://www.revolut.com/en-SG/,
PARTIPOST PTE. LTD.,2016,,Series A,,,http://www.partipost.com,
BOTSYNC PTE. LTD.,2017,,Seed,,,https://www.botsync.co/,
DISTRIBUTED LEDGER TECHNOLOGIES (DLT) PTE. LTD.,2018,,Series A,,,https://www.dlt.sg/,
EIGENFORM PTE. LTD.,2019,1 - 10,Seed,AI; SaaS; Data Analysis; Big Data,Data Analysis,https://eigenform.ai/,
XENNEXIS PTE. LTD.,2018,1 - 10,Pre-seed,Adtech; Infotech; Infocomm Tech,Application Development; Web Development,https://www.xennexis.com,
ZOLUTION PTE. LTD.,2019,,Pre-seed,,,https://www.zolution.co,
KIAST PTE. LTD.,2017,11 - 50,Pre-seed,Medtech; Precision Engineering; Biotech; Cleantech; Nanotechnology,Optics & Photonics,https://www.kiast-sg.com,
OKGLOBAL COIN SWITCH PTE. LTD.,2019,,Pre-seed,,,https://okglobalcoinsg.com,
SEVENTH SENSE ARTIFICIAL INTELLIGENCE PRIVATE LIMITED,2019,1 - 10,Pre-seed,AI; Real Estate; Infocomm Tech; Urban Solutions; IoT,video analytics; Facial recognition ; Vision AI; Edge Processing; Biometrics; Video Processing; Covid Solutions; biometric; digital identity; face recognition,https://www.seventhsense.ai,
ETAVOLT PTE. LTD.,2019,1 - 10,Pre-seed,Cleantech,Photovoltaics; Solar cell,http://www.etavolt.com,
CLOUD MILE PTE. LTD.,2018,,Pre-seed,,,,
REALLY PTE. LTD.,2019,11 - 50,Seed,,,https://www.really.sg/,
Syfe,2018,11 - 50,Series A,Fintech,Wealth Management; Risk Management; Investing; Investment; Asset Management,https://www.syfe.com,
GOCOMET SOLUTIONS PTE. LTD.,2018,11 - 50,Pre-seed,Transport; E-Commerce; Supply Chain & Logistics; SaaS,logistics; E-Commerce; SaaS,https://www.gocomet.com,
FINANCIAL BUTLER PTE. LTD.,2019,,Pre-seed,,,https://www.financialbutler.asia,
Knotz,2018,1 - 10,Pre-seed,Retail; E-Commerce,weddings; Retail; digitalisation; marketplace; Platform; Digital Marketing,https://www.knotz.sg/,
SINGROW PTE. LTD.,2019,1 - 10,Pre-seed,Agritech; IoT,Smart Farming; Precision Agriculture; Controlled Environment Agriculture,https://www.singrow.sg,
REAL IMPACT,2019,1 - 10,Pre-seed,Urban Solutions; Cleantech; IoT; Data Analysis; Big Data,Eco Monitoring Technologies; Data Analysis; Impact Certification; Zero Waste; Sustainability; Innovation,https://www.real.xyz/,
BANAHUB,2019,11 - 50,Series B,Education; Food Science and Technology; Gaming; Enterprise Solutions; Infocomm Tech,launch; Gamification; Entrepreneurship; Incubation; acceleration; startup; scaleup; Shiftup; Investing; vc,https://www.banahub.com/,
86LINKS (SINGAPORE) PTE. LTD.,2017,101 - 200,Seed,Infotech; E-Commerce; Real Estate; Enterprise Solutions; Big Data,industrial park; Recomendation Engine; E-Commerce,http://www.86links.com,
DREAMCORE PRIVATE LIMITED,2017,1 - 10,Pre-seed,Gaming; Consumer Electronics; E-Commerce; Enterprise Solutions,Gaming; workstations; enterprise solutions; machine learning; Data Science,https://www.dreamcore.com.sg,
SKILFINITY,2017,1 - 10,Pre-seed,Adtech; Media; Data Analysis,Social Media; Digital Marketing; Social Networking; Consumer & Marketing Analytics,https://skilfinity.com/,
XINFIN FINTECH PTE. LTD.,2017,1 - 10,Pre-seed,Fintech; Blockchain,Payment Systems; P2P Lending; Cryptocurrency; Trade finance,https://xinfin.org/,
QIMORO PTE. LTD.,2017,1 - 10,Pre-seed,E-Commerce; Consumer Electronics; Urban Solutions; IoT,IoT; Air Quality Monitor; IAQ; Indoor Air Quality Solutions,https://www.qimoro.com/,
A LEFTIE COMPANY PTE. LTD.,2019,11 - 50,Pre-seed,Adtech; Fintech; Enterprise Solutions; Supply Chain & Logistics; Big Data,Customer Relationship Management; Data Warehouse; Human Resources; Digital Marketing; Inventory Management; Consumer & Marketing Analytics; Legal Tech; Knowledge Management; Payment Systems; Risk Management,https://www.copyleft.sg,
ARCTAN ANALYTICS PTE. LTD.,2016,1 - 10,Pre-seed,AI; IoT; Data Analysis; Big Data,Video Processing,https://happymeter.ai,
AUGMENTEED PTE. LTD.,2019,1 - 10,Seed,Aerospace; Enterprise Solutions; Manufacturing & Engineering; AR/VR,AR/VR; standard operating procedures; SOP; MRO; Manufacturing; aerospace,https://www.augmenteed.tech/,
HAND PLUS ROBOTICS PTE. LTD.,2018,1 - 10,Pre-seed,Precision Engineering; Supply Chain & Logistics; Manufacturing & Engineering; Robotics,Roboti; AI; logistics; Manufacturing; Piece Picking; Healthcare,https://www.handplusrobotics.com/,
ENVERSE PTE. LTD.,2019,1 - 10,Pre-seed,AI; Cleantech; Manufacturing & Engineering; IoT; Big Data,Green Building Technology; Renewable Energy; Energy Storage; internet of things,http://www.enverselab.com,
PINC INTERACTIVE PTE. LTD.,2018,11 - 50,Seed,AI; Enterprise Solutions; Infocomm Tech; SaaS; Big Data,Social Media; SaaS; Big Data; Consumer & Marketing Analytics; Payment Systems; Digital Marketing; Social Networking; Web Development,https://www.pinc360.com,
UMMALINE PTE. LTD.,2019,,Pre-seed,,,,
"SAVE A CRUST PTE LTD, trading as CRUST GROUP",2019,1 - 10,Pre-seed,Food Science and Technology; Agritech; Food & Beverage; Food Manufacturing & Processing,"Smart & Sustainable Packaging; Food Packaging; Alternative Protein; Circular Economy, Minimising Food Wastage",https://www.crust-group.com/,
EVOLVE INNOVATIVE SOLUTIONS PTE. LTD.,2018,11 - 50,Pre-seed,Gaming; AI; E-Commerce; IoT; AR/VR,AR/VR,http://www.evolvear.io,
Hatch,2019,11 - 50,Pre-seed,Media; Education,Human Resources; Learning Platform,https://www.hatch.sg,
ARLOID AUTOMATION PTE. LTD.,2017,1 - 10,Seed,AI; Real Estate; Urban Solutions; IoT; SaaS,Facilities Management; IoT; AI; Smart City; Urban Solutions; energy saving; Energy optimisation; hvac; Seed; fundraising,https://arloid.com,
NOZOMI ONE PTE. LTD.,2019,1 - 10,Pre-seed,Infotech; Fintech; Enterprise Solutions; Data Analysis; Big Data,SaaS; Application Development,https://nozomi.app,
PLANNER BEE PTE. LTD.,2020,,Pre-seed,,,https://www.plannerbee.co/,
INSTITUTIONAL LENDING EXCHANGE PTE. LTD.,2019,,Pre-seed,,,https://ilex.sg/,
Navisteps,2019,1 - 10,Pre-seed,AI; Fintech; Enterprise Solutions; SaaS; Data Analysis,Enterprise; b2b; SaaS,https://www.navisteps.com,
OTUA AUTO PTE. LTD.,2019,11 - 50,Pre-seed,Transport; E-Commerce,Digital Marketing,https://www.otua.sg/,
GREENHOUSE HOLDINGS PTE. LTD.,2017,11 - 50,Pre-series A,E-Commerce; Real Estate; Enterprise Solutions; Others,Legal Tech; Customer Relationship Management; E-Commerce,https://greenhouse.co/,
INTECH APAC PTE. LTD.,2018,,Pre-seed,,,http://www.intechww.com/,
SVBOOK PTE. LTD.,2018,1 - 10,Pre-seed,Education; AI; Infocomm Tech; Data Analysis; Big Data,E-Learning; E-Books; Learning Platform,http://www.svbook.com,
LYMOUS PTE. LTD.,2018,1 - 10,Pre-seed,Transport; Infotech; Travel & Hospitality; Enterprise Solutions,Ride Sharing; Application Development,https://lymous.com,
HALOV SINGAPORE PRIVATE LIMITED,2019,,Pre-seed,,,http://www.halov-sg.com,
GREEN TERP TECHNOLOGIES PTE. LTD.,2020,1 - 10,Pre-seed,AI; Events; SaaS; Cloud; Big Data,MICE; Multi-language Conferencing; Remote Simultaneous Interpreting; Natural Language Processing; Virtual Meetings; AI-Augmented Human Interpreter,https://www.gtmeeting.com,
PLANCKERA PTE. LTD.,2020,1 - 10,Pre-seed,Education; Infocomm Tech; Cloud,E-Learning; Learning & Development; Cloud,https://www.planckera.com,
SKAINOM PTE. LTD.,2017,,Pre-seed,Biotech; AI,,http://www.skainom.net/,based on internet checks
XYPHER PTE. LTD.,2018,,Pre-seed,AI; Enterprise Solutions; Blockchain; Data Analysis,,,no webpage found
HEPMIL MEDIA GROUP PTE. LTD.,2016,51 - 100,Seed,Adtech; Media; Events; Entertainment,,http://hepmil.com/,
XYLONIX PTE. LTD.,2016,,Pre-seed,Biotech,,https://xylonix.io/,based on internet checks
CELLIGENICS PTE. LTD.,2016,,Pre-seed,Biotech,,https://www.celligenics.com/,based on internet checks
SINOPSEE THERAPEUTICS PTE. LTD.,2017,,Pre-seed,Biotech,,http://www.sinopsee-therapeutics.com,
IOTA MEDTECH PTE. LTD.,2017,,Pre-seed,Medtech; AI; Healthcare,,,
1ST MEDTECH PTE. LTD.,2016,,Pre-seed,Medtech,,,
PORTCAST PTE. LTD.,2017,,Pre-seed,Maritime; AI; Supply Chain & Logistics,,https://portcast.io,
FINKYCK PTE. LTD.,2016,,Pre-seed,Fintech; Blockchain,,https://kyck.sg/,based on internet checks
CULUM CAPITAL PTE. LTD.,2016,,Pre-seed,Fintech; Supply Chain & Logistics,,https://culumcapital.com/,based on internet checks
BINANCE ASIA SERVICES PTE. LTD.,2018,,Pre-seed,Fintech; Blockchain,,,
PLMP FINTECH PTE. LTD.,2017,,Pre-seed,Fintech; Blockchain,,,
L'TRIA PRIVATE LIMITED,2017,,Pre-seed,Infocomm Tech,,https://www.tribebenefits.com/,based on internet checks
ABAKUS (ASIA PACIFIC) PTE. LTD.,2016,,Pre-seed,AI; Fintech; Big Data,,,no webpage found
STORIFY PTE. LTD.,2020,1 - 10,Seed,Adtech; Media; AI; Infocomm Tech; Big Data,Social Media; Digital Marketing; Consumer & Marketing Analytics,https://hello.storify.me,
BOUNTIE HOLDINGS PTE. LTD.,2019,1 - 10,Pre-series A,Media; Gaming; Events; E-Commerce; Entertainment,e-sports; Gaming; Tournaments; Payment Gateway; Coupon Affiliate; Advertising; Marketing,https://bountie.io,
SMARTER HEALTH PTE. LTD.,2016,,Pre-seed,Healthcare Services; Healthcare,,https://www.smarterhealth.sg,
MOTIVARE PTE. LTD.,2017,,Pre-seed,Enterprise Solutions,,https://motivare.com.sg/,based on internet checks
POLYGO WASTE MANAGEMENT PTE. LTD.,2019,1 - 10,Pre-seed,Urban Solutions; Cleantech,Recycling; Water Treatment; Waste Technology; Waste Management,http://www.polygo.sg,
AWINNING PTE. LTD.,2020,1 - 10,Pre-seed,Biotech; Complementary Health Products; E-Commerce; Healthcare; Lifestyle,Traditional Medicine; Health Supplements; Bioinformatics,http://www.awinning.com.sg,
SIMTRUM PTE. LTD.,2019,1 - 10,Pre-seed,Precision Engineering; Infotech; E-Commerce; SaaS; Cloud,SaaS; Optics & Photonics; E-Commerce; Cloud; Supply Chain; Modules & Components,http://www.simtrum.com,
ATLANTIS FINANCIAL TECHNOLOGIES PTE. LTD.,2020,,Pre-seed,,,http://www.atlantistech.co,
KELVIN WAVE (PTE. LTD.),2017,1 - 10,Pre-seed,Maritime; Marine & Offshore; Manufacturing & Engineering; Robotics,rescue boat; Planning & Design; lifeboat; high speed boat; Additive Manufacturing; boat building,https://www.kelvin-wave.com.sg/,
IDEA PRO PTE. LTD.,2020,1 - 10,Pre-seed,Infotech; Infocomm Tech; Hardware,Systems Development; Application Development; Web Development,https://www.ideapro.sg,
BUDDINGS PRIVATE LIMITED,2020,,Pre-seed,,,https://www.linkedin.com/in/marianne-chin/,
Indo4ward,2020,1 - 10,Pre-seed,Infotech; Retail; E-Commerce; Supply Chain & Logistics,Indonesia; E-Commerce; singapore; Forwarding; Indo4ward; Shipping ; shopping; Malaysia; Australia,https://www.indo4ward.com,
POLYMERIZE PTE. LTD.,2020,1 - 10,Pre-seed,Medtech; Semiconductor; AI; Manufacturing & Engineering; SaaS,Materials & Processes; Plastic ; Material informatics; formulation development; Polymers; research and development,https://polymerize.io/,
GROBRIX PTE. LTD.,2020,1 - 10,Seed,Agritech,"urban farming, indoor farming",https://www.grobrix.com,
FINEMA COMPANY PTE. LTD.,2020,51 - 100,Pre-series A,AI; E-Commerce; Fintech; Enterprise Solutions; SaaS,Blockchain; digital identity; Digital signatures; Cyber Security; IAM; Digital Signature; IDProofing ; AUTHENTICATION; DecentralizedIdentity; IDAffirmation,https://finema.co/,
BLUEFIRE AI HOLDINGS PTE. LTD.,2019,11 - 50,Pre-seed,AI; Fintech; SaaS,Risk Management; Trading; Investing,http://www.bluefireai.com,
HYPOTENUSE TECHNOLOGIES PTE. LTD.,2020,11 - 50,Seed,AI; E-Commerce; Enterprise Solutions; Infocomm Tech; SaaS,AI; machine learning; Digital Marketing; E-Commerce; copywriting; Artificial intelligence; SaaS; Retail; content marketing; Consumer & Marketing Analytics,http://hypotenuse.ai/,
NEXTKIDNEY SG PTE. LTD. ,2018,,Pre-seed,,,http://www.dialyss.com,
ROCKET CAPITAL INVESTMENT PTE. LTD.,2019,1 - 10,Seed,AI; Fintech; Others; Blockchain; Big Data,"blockchain, artificialintelligence, hedgefund; Trading; Cryptocurrency; Investing",https://yiedl.ai/,
HEALIUM DIGITAL HEALTHCARE PTE. LTD.,2019,,Pre-seed,,,https://www.healium.ai,based on internet checks
HICURA MEDICAL PTE. LTD.,2019,,Pre-seed,,,https://www.hicuramedical.com/,
KENT RIDGE HEALTHCARE SINGAPORE PRIVATE LIMITED,2017,101 - 200,Series A,Digital Health; Healthcare Services; IoT; Big Data,Digitised Health Systems; Mobile Health; Health Analytics,https://www.kentridgehealth.com/,
REEFIC PTE. LTD.,2016,1 - 10,Pre-seed,Adtech; AI; Enterprise Solutions; Data Analysis,Customer Relationship Management; Data Warehouse; Knowledge Management,https://guppy.redharestudios.sg,
DEAFTAWK PTE. LTD.,2019,11 - 50,Seed,Education; AI; Enterprise Solutions,Communication Systems; inclusion; Health; Education; deaf; bridgethegap,https://www.deaftawk.com,
RIVERR PTE. LTD.,2020,1 - 10,Pre-seed,AI; Maritime; Digital Health; Marine & Offshore; Blockchain,Digitised Health Systems; certificates ; Training; digital wallet ,https://riverr.ai/,
SHOWSUITE (SG) PTE. LTD.,2017,11 - 50,Pre-seed,Infotech; Real Estate; Enterprise Solutions; SaaS; Data Analysis,Smart Contracts; Inventory Management; Customer Relationship Management; SaaS,https://showsuite.com/,
OOBLECK PRIVATE LIMITED,2019,1 - 10,Pre-seed,AI; E-Commerce; Enterprise Solutions; Supply Chain & Logistics,Inventory Management,https://www.tshirtkaki.com.sg,
GetSpaces,2020,1 - 10,Pre-seed,E-Commerce; Real Estate,proptech; marketplace; property; ecommerce; Services,https://getspaces.com,
VESTR PTE. LTD.,2021,11 - 50,Series A,Fintech; Cloud,Asset Management; Portfolio Management; Capital Markets; digitalisation; Technology Provider; Actively Managed Investment Products; Portfolio Rebalancing; Investment Management,https://www.vestr.com/,
ACCUPREDICT SERVICES PTE. LTD.,2021,11 - 50,Pre-seed,IoT,"#Predictive Maintenance, #Predictive Analytics, #Smart Manufacturing, #Industry 4.0",https://accupredict.io/,
BUMPP PTE. LTD.,2020,1 - 10,Pre-seed,Enterprise Solutions; SaaS,SaaS; Social Networking,https://www.bumpp.io,
Data Recovery Singapore,2017,1 - 10,Pre-seed,Media; Infotech; Enterprise Solutions; Data Analysis,Big Data; Data Analysis,https://www.datarecoverysingapore.org,
FOLLOWTRADE PTE. LTD.,2021,1 - 10,Pre-seed,Education; Fintech,Learning Platform; Gamification; Social Trading,https://www.follow-trade.com,
NUSOIL PTE. LTD.,2019,1 - 10,Pre-seed,Food Science and Technology; Agritech; Urban Solutions,Smart Farming; Soil Technology; Fertilisers; Seed; Controlled Environment Agriculture; Precision Agriculture,https://nusoil.com.sg/,
JUN AND JUNG PTE. LTD.,2020,1 - 10,Pre-seed,AI; IoT; Big Data,Data Analysis; Big Data; Digitised Health Systems; Data Warehouse,http://www.startupsg.gov.sg/profiles/27628,
SCENT JOURNER PTE. LTD.,2021,1 - 10,Pre-seed,Retail; E-Commerce; Lifestyle; Others; Hardware,E-Commerce; Perfume; Cosmetic; Mental Wellness; Home & Living,https://www.scentjourner.com,
DIVE AR PTE. LTD.,2021,1 - 10,Pre-seed,Media; Retail; Food & Beverage; Entertainment,Digital Marketing; marketplace; Media; O2O; O2O2O; Retail,https://divedeals.sg,
STEMLY,2020,11 - 50,Seed,Fintech; Enterprise Solutions; Supply Chain & Logistics; SaaS; Big Data,Data Analysis; Big Data; Forecasting; Artificial intelligence; SaaS; Demand Planning; Enterprise Solution; FinTech; Supply Chain; Technology,https://www.stemly.ai/,
MICELAH PTE. LTD.,2021,1 - 10,Seed,Transport; Events; Food & Beverage; Travel & Hospitality; Lifestyle,MICE,https://www.micelah.com,
GENERAL SYSTEMS SG PTE. LTD.,2021,1 - 10,Pre-seed,AI; Real Estate; IoT; Hardware; Robotics,Robotics; construction tech; Automation; sustainable buildings; precision construction; workforce productivity; building masonry,https://www.generalsystems.tech/,
FLOATINGON PTE. LTD.,2021,1 - 10,Pre-seed,Travel & Hospitality; Real Estate; Urban Solutions,Planning & Design; Facilities Management; Renewable Energy,http://www.floatingon.com.sg,
URBAN ORIGINS PTE. LTD.,2021,1 - 10,Pre-seed,Retail; E-Commerce; Food & Beverage; Supply Chain & Logistics; Urban Solutions,food security; food sustainability; food tech; E-Commerce; urban food; future foods; plant-based food; meat alternatives; alternative proteins; insect proteins,https://www.urbanorigins.sg/,
CTRL ALT DEL PTE. LTD.,2018,,Pre-seed,,,https://cad.sg,
KEMANG INTERNET PTE. LTD.,2020,1 - 10,Pre-seed,Adtech; Media; Others; Big Data,Digital Marketing; Social Media,https://www.kemang.sg,
PAWS AND PLAY SG PTE. LTD.,2021,1 - 10,Pre-seed,Media; Education; E-Commerce; Lifestyle,Social Media; E-Commerce; Learning Platform,https://pawsandplay.sg/,
CURIUM PTE. LTD.,2020,1 - 10,Pre-series A,Transport; Supply Chain & Logistics; Urban Solutions,"Software-defined Sensing, Automotive, Smart Cities",https://curium.sg/,
SNATCHJOBS SINGAPORE PTE. LTD.,2020,1 - 10,Pre-seed,Infotech; AI; Others,hr,https://www.snatchjobs.sg,
MAIDEN ASIA PTE. LTD.,2020,1 - 10,Pre-seed,Enterprise Solutions; SaaS,SaaS Enterprise Platform Builder for Niche Industries,https://www.maiden.asia,
Defog.ai,2021,1 - 10,Seed,AI; Data Analysis; Big Data,ai generated content; data research; Data Analysis,https://datanarratives.com,
Socium Consultancy Pte Ltd,2020,1 - 10,Pre-seed,Adtech; Media; AI; Infocomm Tech,Social Networking; Digital Marketing; Social Media; Consumer & Marketing Analytics; E-Commerce; Web Development,https://socium.sg,
METACOSMOS PTE. LTD.,2021,,Pre-seed,,,https://metacosm.ooo,
EZSY PTE. LTD.,2018,11 - 50,Pre-seed,E-Commerce; Fintech; Urban Solutions; Blockchain,Trading; Payment Systems; Investing; Personal Finance; Cryptocurrency; Anti-Money Laundering; Crowdfunding,https://ezsy.com/,
PARATLAS PRIVATE LIMITED,2021,1 - 10,Pre-seed,Education; AI; Infocomm Tech,Training; Virtualisation; Education; AI,https://www.unravelx.app,
AQUIP.IO PTE. LTD,2019,1 - 10,Pre-seed,Infotech; AI; Fintech; Data Analysis; Cloud,Systems Development; SaaS; Web Development; Application Development,https://aquip.io/,
EQUINET ACADEMY PRIVATE LIMITED,2017,1 - 10,Pre-seed,Media; Education,Digital Marketing; Social Media; Consumer & Marketing Analytics; Web Development,https://www.equinetacademy.com/,
YODOGGO PTE. LTD.,2021,1 - 10,Pre-seed,Food Science and Technology; Agritech; E-Commerce; Food Manufacturing & Processing; Others,"Pet Food; Direct to Consumer; Freeze drying, eCommerce, Food manufacturing; Pet care; pet services",https://yodoggo.com/,
UMAMI BIOWORKS PTE. LTD.,2020,11 - 50,Seed,Food Science and Technology; Biotech; Food & Beverage,Alternative Protein,https://www.umamibioworks.com,
SCRATCHBAC,2021,1 - 10,Pre-seed,Media; E-Commerce; Infocomm Tech; Lifestyle,Social Networking; Social Media; Geosocial Media; Hyperlocal; Community,https://www.scratchbac.com,
CONNECTINGDNA GLOBAL PTE. LTD.,2021,1 - 10,Pre-seed,Education; AI; Digital Health; E-Commerce; Big Data,DNA; Telemedicine; alternative health; digitization; personalized solutions,https://connectingdna.com/,
CAPITALTECH PTE. LTD.,2021,1 - 10,Pre-seed,Blockchain,Digital Marketing; Blockchain,https://www.capitaltech.dev/,
BLOCK AERO TECHNOLOGIES ASIA PTE. LTD.,2020,1 - 10,Seed,Aerospace; Enterprise Solutions; Manufacturing & Engineering; Blockchain; Cloud,Aviation; SaaS; Inventory Management,https://block.aero/,
MinterestPay,2020,11 - 50,Pre-seed,Retail; E-Commerce; Fintech; Lifestyle,Payment Systems; Personal Finance,https://minterestpay.com/,
BLUENTE PTE. LTD.,2021,11 - 50,Pre-seed,Education,Education; Natural Language Processing; Learning Platform,https://www.bluente.com,
AURORAFOOD PTE. LTD.,2020,1 - 10,Seed,Food Science and Technology; Food & Beverage; Food Manufacturing & Processing,food science; blood sugar management; functional food; food innovations,https://aurorafoodsg.com/,
ERLEADX PTE. LTD.,2021,,Pre-seed,,,http://erleadx.com,
ENTO INDUSTRIES PTE. LTD.,2020,1 - 10,Pre-seed,Agritech; Cleantech; Manufacturing & Engineering,Waste Management; Insect Farming; Renewable Energy; Controlled Environment Agriculture; Recycling; Fertilisers; Livestock; Precision Agriculture; Waste Technology; Smart Farming,https://www.entoindustries.com,
NEIGHBOURHOOD PTE. LTD.,2021,1 - 10,Pre-seed,Adtech; Infotech; Infocomm Tech; Lifestyle; Cloud,Web Development; Home & Living; Systems Development; Communication Systems; Application Development; Content Hosting,http://www.nextblock.sg,
COOLESTDC PTE. LTD.,2020,,Pre-seed,,,https://www.coolestdc.com/,
IPPLUS TECHNOLOGY PTE. LTD.,2019,1 - 10,Pre-seed,Infotech; AI; SaaS; Big Data,SaaS; Systems Development; Legal Tech; Big Data; E-Commerce,http://www.ipplus.io,
Upskillcycle,2021,1 - 10,Pre-seed,Education; AI; Infocomm Tech; SaaS,Learning Platform; SaaS; Edtech; Big Data; E-Learning; Application Development; Web Development; Human Resources; Data Analysis,https://upskillcycle.com/,
MEKA ROBOTICS PTE. LTD.,2021,1 - 10,Pre-seed,Consumer Electronics; AI; IoT; Hardware; Robotics,Consumer Electronics,https://perfect-narcissus-4d9.notion.site/Automatic-Garment-Steamer-41064d2fdfe04e0ba09de5c23439a683,
XEN TECHNOLOGIES PTE. LTD.,2018,,Pre-seed,Fintech,,,
CLASSDO PTE. LTD.,2017,11 - 50,Seed,Education; Enterprise Solutions; Data Analysis,Learning Platform; E-Learning; Education; Video conference,https://ClassDo.com,
J RENTAL CENTRE PTE. LTD.,2016,,Pre-seed,Media; E-Commerce,,,
AIGO LIVE PTE. LTD.,2021,1 - 10,Pre-seed,Infotech; Retail; E-Commerce; Enterprise Solutions; IoT,E-Commerce; Systems Development; Retail; Inventory Management; IoT,https://aigolive.com/,
ISBC INNOVATIONS PTE. LTD.,2019,1 - 10,Pre-seed,Precision Engineering; Semiconductor; Infotech; Infocomm Tech; IoT,rfid; NFC; Semiconductor; IoT; mifare; ntag; ucode; Modules & Components; hang tags,https://isbc.sg,
DUMPSTERZ PTE LTD,2018,,Pre-seed,Others,,,
DECK TOYS PTE LTD,2017,,Pre-seed,Education,,,
"NFT11 - The most beautiful game, now on the blockchain!",2021,1 - 10,Seed,Gaming; AI; E-Commerce; Fintech; Blockchain,"Cryptocurrency; blockchain, PlaytoEarn, GameFi, ; AR/VR; Gamification; Investing",https://nft11.io/,
OMCOM PTE. LTD.,2021,1 - 10,Pre-seed,E-Commerce; SaaS; Data Analysis,conversational commerce; E-Commerce; SaaS,https://omcom.io/,
IPORT PTE LTD,2017,,Pre-seed,Supply Chain & Logistics,,,no webpage found
LIFECO TECHNOLOGY (SINGAPORE) PTE. LTD.,2016,,Pre-seed,Agritech; Healthcare; Lifestyle; Others,,,no webpage found
KINNVA (PRIVATE) LIMITED,2018,1 - 10,Seed,Food Science and Technology; Agritech; Biotech; Urban Solutions; Food Manufacturing & Processing,Alternative Protein; Functional Feed Additive; Microbe-Assisted Crop Solution; Fertilisers; Organic Farming; Microbiology; Cleaning Technology,https://www.kinnva.com/,
SpeQtral PTE. LTD.,2017,,Pre-seed,Infocomm Tech; Others,,https://www.speqtral.space,
XCM SECURITY PTE. LTD,2018,,Pre-seed,Infotech; Hardware,,,
PROTEGE VENTURES PTE LTD,2017,,Pre-seed,Others,,https://protege.vc,based on internet checks
Senquire Pte. Ltd.,2017,1 - 10,Pre-series A,AI; Manufacturing & Engineering; Data Analysis,Video Processing,https://www.senquire.com,
Shopavision Pte Ltd,2018,,Pre-seed,Retail; Food & Beverage; Infocomm Tech,,https://shopavision.com/,based on internet checks
Nervotec Pte Ltd,2020,,Pre-seed,AI; Healthcare; Data Analysis,,https://nervotec.com,based on internet checks
Clockster PTE LTD,2018,,Pre-seed,Infotech; Enterprise Solutions,,https://www.clockster.com/en/about,based on internet checks
Morpheus Labs Pte Ltd,2017,,Pre-seed,Infotech; Blockchain,,,
Assemblr Pte Ltd,2018,,Pre-seed,Enterprise Solutions,,,
3E Memtech Pte Ltd,2018,,Pre-seed,Urban Solutions,,,
KARYA KARSA PTE. LTD. ,2020,,Pre-seed,Entertainment,,https://karyakarsa.com,based on internet checks
Nitex Pte Ltd,2019,,Pre-seed,Lifestyle,,https://nitex.com/,based on internet checks
Jolly Companion Limited,2017,,Pre-seed,Healthcare,,,
HonesTrades,2018,,Pre-seed,Infotech,,https://www.honestrades.com/,based on internet checks
Torre AI Pte Ltd,2019,,Pre-seed,Infocomm Tech; Others,,,
Zero-Error System Pte Ltd (ZES),2019,1 - 10,Pre-seed,Semiconductor; Aerospace; Industrial Electronics; IoT; Hardware,Satellite Communications; Semiconductor; Autonomous Vehicles; power management,https://zero-errorsystems.com/,
Threatspan Pte Ltd,2019,,Pre-seed,Infotech,,,
Aeras Medical Holdings Pte Ltd,2018,,Pre-seed,Medtech; Healthcare,,https://www.aerasmedical.com/,based on internet checks
ISIXI Pte Ltd,2017,,Pre-seed,IoT; Data Analysis,,,no webpage found
Nuevocor Pte Ltd,2020,,Pre-seed,Biotech,,https://www.nuevocor.com/,based on internet checks
Pathnova Laboratories Pte. Ltd.,2017,,Pre-seed,Healthcare; Data Analysis,,,
Lucence Life Sciences Pte Ltd,2018,,Pre-seed,Biotech; Healthcare,,,
Codefolio Pte Ltd,2019,,Pre-seed,Education,,,
CONFETTI FINE FOODS PRIVATE LIMITED,2018,,Pre-seed,Food & Beverage,,https://www.confettisnacks.com/,based on internet checks
SIXIDES ADVERTISING PTE. LTD.,2021,1 - 10,Pre-seed,Media; AI; Real Estate; SaaS,AI; SaaS; Social Media; Digital Marketing; Consumer & Marketing Analytics; interior design; renovation platform; Customer Relationship Management,https://sixides.com,
DOO CAPITAL MARKET SG PTE. LTD.,2020,1 - 10,Pre-seed,E-Commerce; Fintech,Capital Markets Services (CMS) Licence,https://www.doogroup.com/,
WORKCLASS PTE. LTD.,2019,11 - 50,Pre-seed,Enterprise Solutions; SaaS,Human Resources,https://workclass.co/,
BETTER URBAN FARMS PTE. LTD.,2021,1 - 10,Pre-seed,Food Science and Technology; Agritech; Manufacturing & Engineering; Food Manufacturing & Processing,Precision Agriculture; Controlled Environment Agriculture; Agritech Technology; Manufacturing Engineering,,no webpage found
TRUMP COLLECTIBLES PRIVATE LIMITED,2022,1 - 10,Pre-seed,E-Commerce; Entertainment; Big Data,collectibles; trading cards; Game,https://www.trumpcards.app,
BILIMBER PTE. LTD.,2020,1 - 10,Pre-seed,Education; AI,E-Learning; Gamification; Learning Platform,https://bilimber.co/,
ANTS INNOVATE PTE. LTD.,2020,1 - 10,Seed,Food Science and Technology; Agritech; Biotech,Alternative Protein,https://www.antsinnovate.com/,
DYSON SPHERE NEW ENERGY PTE. LTD.,2021,1 - 10,Pre-seed,Urban Solutions; Cleantech,"Renewable Energy; Greentech,; Energy Storage; Waste Management; Recycling",https://www.dysonsphere.com.sg/,
ASIA FOLKS PTE. LTD.,2021,1 - 10,Pre-seed,Media; Events; Lifestyle; Others,Social Media; Digital Marketing; Video Streaming; MICE; Planning & Design,https://www.theasiafolks.com,
AIRUDDER PTE. LTD.,2021,101 - 200,Series B,AI; SaaS,voice ai; voice assistants; voice bots; Customer Experience; call center solutions,https://www.airudder.com/,
FUTURE STEPS PTE. LTD.,2020,1 - 10,Pre-seed,Education,Edtech; E-Learning; Gamification; Learning Platform,https://www.futuresteps.com.sg,
FINGENESIS QUANTS PTE. LTD.,2018,11 - 50,Seed,AI; Fintech,Investing; Risk Management; Trading; Cryptocurrency,http://www.simonmarineservices.com.sg/,
SYNAPTIC DELVER PTE. LTD.,2022,1 - 10,Pre-seed,Biotech; AI; Healthcare; Big Data; Robotics,Neurotechnology; Neurorobotics; Brain Computer Interfacing; Neuroimaging; DeepTech; AI; ML; Mental Health Devices,https://synapticdelver.com/,
AIRWALLEX (SINGAPORE) PTE. LTD.,2016,Above 200,Pre-seed,Fintech; Enterprise Solutions; SaaS,Payment Systems; FinTech; neobank; Digital banking; Payments; infrastructure,https://www.airwallex.com/sg,
NOUSQ PTE. LTD.,2018,1 - 10,Pre-series A,Medtech; Precision Engineering; Healthcare; Robotics,Medical devices,https://www.nousq.com/,
NESTED TECHNOLOGIES PTE. LTD.,2020,,Pre-seed,,,https://www.nested.ai,
SUVACA TECHNOLOGIES PTE. LTD.,2020,1 - 10,Pre-seed,Semiconductor; Industrial Electronics; Hardware,Electronic Component Distribution and Hardware Design Services,http://www.suvaca.com,
FABRICA ROBOTICS PTE. LTD.,2022,1 - 10,Pre-seed,AI; Hardware; Robotics,Robotics; Hardware; AI,https://www.fabrica.ai,
XENSAI PTE. LTD.,2021,,Pre-seed,,,https://xensai.com/,
ALTENT RENEWABLES PTE. LTD.,2022,1 - 10,Pre-seed,Cleantech,Waste Technology; Renewable Energy,https://altentrenewables.com/,
HomeMatch.sg,2022,1 - 10,Series B,Others,Home & Living,https://homematch.sg,
neubie.co,2020,1 - 10,Pre-seed,E-Commerce; Supply Chain & Logistics,E-Commerce; Cloud; Cloud-Warehousing; Entrepreneurship; Business Solutions,https://neubie.co,
CHOYS TECHNOLOGIES PTE. LTD.,2022,1 - 10,Seed,Fintech; SaaS,Insurtech; Human Resources; Data Warehouse,https://getchoys.com/,
KABAM Robotics,2018,11 - 50,Pre-seed,AI; Enterprise Solutions; SaaS; Robotics,Robotics; Security; Facilities Management; surveillance,https://kabam.ai,
PEAKFLO PTE. LTD.,2020,11 - 50,Seed,Fintech; SaaS,SaaS; Payment Systems,https://peakflo.co,
WINOVUS PTE. LTD.,2019,11 - 50,Pre-seed,Precision Engineering; Medtech; Manufacturing & Engineering; Nanotechnology; AR/VR,Optics & Photonics; Surface Coating; Semiconductor,https://www.winovus.com.sg/,
SAUWAT.EDUCATION PRIVATE LIMITED,2020,,Pre-seed,,,https://sauwat.education/,
WHYRE TECHNOLOGIES PTE. LTD.,2020,1 - 10,Pre-seed,Precision Engineering; AI; Enterprise Solutions; Manufacturing & Engineering; IoT,Systems Development; Machinery & Systems; Electric Vehicles,https://www.whyretech.com/,
INVENTIO INNOVATIONS PTE. LTD.,2022,1 - 10,Pre-seed,Manufacturing & Engineering; Others,Engineering; Invention; Product Development; Manufacturing,http://inventio.sg,
POLICYDOCK TECHNOLOGIES PTE. LTD.,2020,1 - 10,Pre-seed,Fintech; Enterprise Solutions; Infocomm Tech; Blockchain; SaaS,Insurtech; Big Data,https://www.policydock.com,
SPEDGROW PTE. LTD.,2022,1 - 10,Pre-seed,Education,"Disabilities, special needs; inclusion; Edtech",https://www.spedgrow.org/,
KINN INNOVATIONS PTE. LTD.,2022,1 - 10,Pre-seed,Medtech; Digital Health; AI; SaaS; Big Data,veterinary; SaaS; Data Warehouse; Data Analysis; Cloud; Animal Welfare ;  Medical EHR; Clinic Management ; Patient Management; Disease Management,http://www.nextofkinn.com,
BLUENEST PTE. LTD.,2019,,Pre-seed,,,https://www.bluenest.sg/,
YouTrip,2016,,Pre-seed,Fintech,,https://www.you.co/sg,based on internet checks
Pace Enterprise Pte Ltd,2020,,Pre-seed,Fintech; Infocomm Tech,,https://pacenow.co,based on internet checks
Growthwell Group,2017,,Pre-seed,Food & Beverage,,https://growthwellfoods.com,based on internet checks
METALOOP INNOVATION LABS PTE. LTD.,2018,,Pre-seed,Fintech; Infocomm Tech,,,
NEUROGLEE THERAPEUTICS PTE. LTD.,2020,,Pre-seed,Biotech,,,
JENFI PTE. LTD.,2019,,Series B,Fintech; SaaS; Data Analysis,,https://jenfi.com/,based on internet checks
DIGITAL RISK DEVELOPMENT PTE. LTD.,2019,,Pre-seed,Fintech; Blockchain,,,no webpage found
SPARROW TECH PRIVATE LIMITED,2018,,Pre-seed,Fintech; Blockchain,,,
GOFX PLATFORM TECHNOLOGIES PTE. LTD.,2021,,Pre-seed,Infotech; Blockchain,,,no webpage found
INKR GLOBAL PTE. LTD.,2019,,Pre-seed,Media; Infocomm Tech,,https://inkr.com,based on internet checks
FEFIFO PTE. LTD.,2019,11 - 50,Pre-seed,Agritech; Fintech; Urban Solutions; Food Manufacturing & Processing; IoT,cofarming; Agtech; smallholder farmers; agropreneurs; contract farming; digital agriculture; Precision Agriculture,https://www.fefifo.co/,
CYBAVO PTE. LTD.,2018,,Pre-seed,Infotech; Fintech; Blockchain,,,no webpage found
DRIVE LAH VENTURES HOLDING PTE. LTD.,2019,51 - 100,Pre-seed,Transport; Travel & Hospitality; Urban Solutions; IoT,sharedmoblity; carsharing; Car Subscription; smartcities; urbanmobility,http://www.drivelah.sg,
VEREMARK PTE. LTD.,2020,,Pre-seed,Infotech; Others; Big Data,,,
CREATIVE GALILEO PTE. LTD.,2019,,Pre-seed,Education,,,
TIFFINLABS PTE. LTD.,2020,,Pre-seed,E-Commerce; Food & Beverage,,,
DEDOCO PTE. LTD.,2020,,Pre-seed,Blockchain; SaaS,,https://www.dedoco.com,based on internet checks
DURIANPAY PTE. LTD.,2020,51 - 100,Seed,Fintech; SaaS,Payment Systems,https://durianpay.id/,
FAIRBANC PTE. LTD.,2019,,Pre-seed,E-Commerce; Fintech,,https://fairbanc.app,based on internet checks
STOWFLOW PTE. LTD.,2019,,Pre-seed,Education; AI,,,
TERRAVIEW PTE. LTD.,2019,,Pre-seed,Aerospace; Industrial Electronics; Consumer Electronics,,,
EMET TECHNOLOGIES PTE. LTD.,2019,,Pre-seed,Blockchain; Data Analysis,,,no webpage found
Fefifo,2017,,Pre-seed,Agritech,,,
Butleric PTE. LTD.,2018,,Pre-seed,AI; Enterprise Solutions; Data Analysis,,,
Carer PTE. LTD.,2018,1 - 10,Pre-seed,Healthcare Services; Digital Health; Healthcare,Intermediate and Long Term Care,https://www.carer.com.sg/,
Lumani PTE. LTD.,2017,,Pre-seed,AI; Urban Solutions; Data Analysis,,http://www.lumazones.com/,based on internet checks
CytoMed Therapeutics Pte Ltd,2018,1 - 10,Pre-series A,Biotech,biotech; car-t; gdtc; ipsc; msc; cancer immunotherapy,https://www.cytomed.sg/,
SOYNERGY PTE. LTD.,2019,1 - 10,Pre-seed,Food Science and Technology; Biotech,food biotechnology,https://www.soynergy.com/,
Pulsifi pte LTD,2016,,Pre-seed,AI; SaaS,,,
INSEACT PTE. LTD.,2019,,Pre-seed,Biotech; Agritech; Urban Solutions,,https://inseact.com,based on internet checks
SGRECYCLE PTE. LTD.,2021,,Pre-seed,Urban Solutions,,https://sgrecycle.com/,based on internet checks
MHC ASIA GROUP PTE. LTD.,2018,,Pre-seed,Enterprise Solutions; Healthcare; Data Analysis,,https://mhcasia.com/,based on internet checks
BRIOHR PTE. LTD.,2018,,Pre-seed,Infotech; Enterprise Solutions; SaaS,,https://briohr.com,based on internet checks
JAMBOX GAMES PTE. LTD.,2020,,Pre-seed,Gaming; Data Analysis,,https://jambox.games,based on internet checks
CLIMATE+ PTE. LTD.,2022,1 - 10,Pre-seed,Infotech; AI; Fintech; SaaS; Data Analysis,Investing; Sustainability; Impact; Eco Monitoring Technologies; Data Analysis; Climate Change; SDGs; Circular Economy; Carbon; FinTech,https://www.cplusglobal.com,
ALMOND FINTECH PTE. LTD.,2021,11 - 50,Pre-seed,Fintech,Cryptocurrency,https://almondfintech.com/,
RAILPAYS (SINGAPORE) PTE. LTD.,2022,1 - 10,Pre-seed,Fintech,Payment Systems,http://www.railpays.com,
VIRSPATIAL TECHNOLOGIES PTE. LTD.,2020,51 - 100,Pre-seed,Enterprise Solutions; Infocomm Tech; Urban Solutions; IoT; AR/VR,Data Warehouse; Inventory Management; Enterprise Metaverse; digital twin ,https://www.virspatial.com/,
ATTA SYSTEMS PTE. LTD.,2021,1 - 10,Pre-seed,Medtech; Education; Digital Health; Healthcare; Data Analysis,E-Learning; Telemedicine; Digitised Health Systems; Health Analytics; Mobile Health; Learning Platform,https://www.atta.systems,
NEU Battery Materials,2021,,Pre-seed,,,https://www.neumaterials.com/,
VOLTALITY PTE. LTD.,2022,1 - 10,Pre-seed,Transport; Fintech; Enterprise Solutions; IoT; SaaS,Payment Systems; Electric Vehicles,https://www.voltality.io,
AILIVERSE PTE. LTD.,2022,1 - 10,Pre-seed,AI,#nocodeai #10Xfaster #only10%trainingdata needed; #noaiexpert,https://www.ailiverse.com/,
JOY TECHNOLOGIES PTE. LTD.,2021,11 - 50,Pre-seed,Retail; E-Commerce; Lifestyle; Others,E-Commerce; Consumer Goods,https://joybox.co.id/,
GOTSURGE PTE. LTD.,2021,11 - 50,Pre-seed,Supply Chain & Logistics,Maritime; Marine; logistics; ports; Shipping ; Electric Vehicles,https://gotsurge.co/,
YSK INNOVATION TECHNOLOGY PTE. LTD.,2022,1 - 10,Pre-seed,Biotech,biotech,http://www.njyspharma.com/,
HIVEBOTICS PTE. LTD.,2022,1 - 10,Pre-seed,Robotics,Robotics; Cleaning Technology; Toilet Cleaning,https://hivebotics.tech,
BETTAMINT TECHNOLOGIES PTE. LTD.,2022,1 - 10,Pre-seed,Real Estate; Others,On demand staffing; Construction; marketplace,https://www.bettamint.com,
Dynameat,2021,,Pre-seed,,,http://www.thedynameat.com/,
Sierra Research,2021,1 - 10,Pre-seed,Fintech; Enterprise Solutions,research and development; Systems Development,https://sierra.team/,
HERON TECHNOLOGY PTE. LTD.,2017,11 - 50,Pre-seed,Aerospace; Infotech; Urban Solutions,Drones; Aviation; Cyber Security,https://www.heron-technology.com,
PROPERTYSHOW PTE. LTD.,2018,1 - 10,Pre-seed,E-Commerce; Real Estate; Lifestyle; Big Data,Investing; Home & Living; Personal Finance; proptech,http://propertyshow.com,
WASTEX PTE. LTD.,2022,1 - 10,Pre-seed,Agritech,Waste Technology; Waste Management; Waste ,https://www.wastex.io/,
BETR BETA PTE. LTD.,2022,1 - 10,Pre-seed,Transport; IoT; SaaS; Data Analysis; Robotics,Autonomous Vehicles; edge computing; Software Security; Digital Transformation; CISO,https://www.betrbeta.com,
OAK TECH PTE. LTD.,2021,1 - 10,Pre-seed,Media; AI; Entertainment; Blockchain; Hardware,NFT; Metahuman; Blockchain; Web3.0; metaverse,https://www.oaktech.com.sg,
CIVILS.AI PTE. LTD.,2022,1 - 10,Pre-seed,Manufacturing & Engineering; SaaS,constructiontech; SaaS; AI; data,https://civils.ai/,
Tiger Brokers,2018,,Pre-seed,,,https://www.tigerbrokers.com.sg/,
CONSUMER DRIVEN INNOVATION PTE. LTD.,2022,1 - 10,Pre-seed,Food Science and Technology,Food Packaging; Product Development; sensory; market research ; Training; workshop; food science; food innovation; food solution; flavour,http://innovation.com.sg,
PAND.AI PTE. LTD. ,2016,,Pre-seed,,,https://www.pand.ai/,
Hugosave,2019,,Pre-seed,,,https://www.hugosave.com/,
CYLYNX PTE. LTD. ,2019,,Pre-seed,,,https://www.cylynx.io/,
ULTIMEAT INTERNATIONAL PTE. LTD.,2022,11 - 50,Pre-seed,Food Science and Technology; Biotech; Food Manufacturing & Processing,Innovation in Food to save mankind and our earth! Healthy Food Substitution.,http://ultimeat.com,
VUE REALITY LABS PTE. LTD.,2021,,Pre-seed,,,,
THE BIOLABS PTE. LTD.,2020,,Pre-seed,,,,no webpage found
EDUFIED PTE. LTD.,2018,,Pre-seed,,,http://edufied.network,
MOON TECHNOLOGIES PTE. LTD.,2018,,Pre-seed,,,https://www.moontechnologies.com/,based on internet checks
LUCERA PHOTONLABS PTE. LTD.,2018,,Pre-seed,,,https://luceraphoton.com,based on internet checks
UNIQLOGICS PTE. LTD.,2017,,Pre-seed,,,,no webpage found
VALERIO PRIVATE LIMITED,2018,,Pre-seed,,,,
SCOTIA SG GLOBAL PTE. LTD.,2017,,Pre-seed,,,,no webpage found
CHERYL LAU SURGICAL CONSULTANCY PTE. LTD.,2019,,Pre-seed,,,,
SPECO SINGAPORE PTE. LTD.,2017,,Pre-seed,,,,
VERY KIASU FOODIES PTE. LTD.,2019,,Pre-seed,,,https://www.kiasufoodies.com/,based on internet checks
VERACITY AI PTE. LTD.,2019,,Pre-seed,,,https://veracitytrustnetwork.com/,based on internet checks
WORKULTURE PTE. LTD.,2019,,Pre-seed,,,,no webpage found
ASA TECH PTE. LTD.,2017,,Pre-seed,,,,
THE BOND ANALYST PTE. LTD.,2020,,Pre-seed,,,,
GRADUATE INVESTMENT PRIVATE LIMITED,2019,,Pre-seed,,,,
TUTOROO PTE. LTD.,2017,,Pre-seed,,,,
OH MY GOODNESS! PTE. LTD.,2017,,Pre-seed,,,,no webpage found
OMNI SHARING PTE. LTD.,2018,,Pre-seed,,,https://www.the0mn1.com,based on internet checks
CHEKTEC PTE. LTD.,2018,,Pre-seed,,,https://chektec.com/,based on internet checks
STAKE TECHNOLOGIES PTE. LTD.,2020,,Pre-seed,,,,
AGROS PTE. LTD.,2019,,Pre-seed,,,,no webpage found
HR EASILY PTE. LTD.,2017,,Pre-seed,,,,
GROUP8 CYBER PTE. LTD.,2018,,Pre-seed,,,https://www.group8.co/,based on internet checks
TYRON PUNGTAS PTE. LTD.,2021,,Pre-seed,,,https://www.tyron.io,based on internet checks
NEW ECON HOLDINGS PTE. LTD.,2017,,Pre-seed,,,https://newecon.sg/,based on internet checks
NUFIN DATA PTE. LTD.,2017,,Pre-seed,,,https://www.nufindata.com/,based on internet checks
SENSORFLOW PTE. LTD.,2016,,Pre-seed,,,https://www.sensorflow.co/,based on internet checks
D'OATH CORPORATE ADVISORY PTE. LTD.,2018,,Pre-seed,,,,
CAPBRIDGE FINANCIAL PTE. LTD.,2017,,Pre-seed,,,https://www.capbridge.sg,based on internet checks
OMMRA PTE. LTD.,2018,,Pre-seed,,,,no webpage found
BATTLEBREW PRODUCTIONS PRIVATE LIMITED,2017,,Pre-seed,,,https://www.battle-brew.com,based on internet checks
THINTUIT PTE. LTD.,2022,1 - 10,Pre-seed,AI; Urban Solutions; Cleantech; Blockchain; Robotics,deep learning; Sensor Fusion ; Waste Technology; Recycling; Reverse Vending Machine; Robot as a Service; Urban Infrastructure; Consumer & Marketing Analytics; Crowdsourcing,https://www.thintuit.com,
KOMISI TECHNOLOGIES PTE. LTD.,2021,11 - 50,Pre-seed,,,https://elevate.so,
GOOD WORK PTE. LTD.,2021,1 - 10,Pre-seed,Media; IoT; SaaS; AR/VR,"javascript, webar, web3d, webgl, platform, product, tech, digital",https://goodwork.sg,
A42 PTE. LTD.,2021,1 - 10,Pre-seed,Blockchain; IoT; SaaS,IoT; Authentication/Authorization; Blockchain,https://scrapbox.io/a42/,
Ticketer,2022,1 - 10,Pre-seed,E-Commerce; Events; Entertainment; Lifestyle; SaaS,SaaS; Lifestyle; Ticketing; events; Blockchain; NFT; web3,https://www.ticketer.sg,
BINACLE PTE. LTD.,2021,1 - 10,Pre-seed,Gaming; Entertainment,Gamification; video games; Mobile Games; Gaming; music,https://www.binacle.games/,
CRUX FOR X PTE. LTD.,2018,1 - 10,Pre-seed,Data Analysis; Big Data,Data Analysis; Data Warehouse; Big Data; Consumer & Marketing Analytics,https://cruxdata.co/,
CIRCONOMY PTE. LTD.,2022,1 - 10,Pre-seed,Agritech; AI; Cleantech,Waste Management; Emission Control; Waste Technology; Pollution Control; Smart Farming; Soil Technology; Cleaning Technology; Organic Farming,https://www.circonomy.co,
PLUTUS TECH PTE. LTD.,2021,1 - 10,Pre-seed,Travel & Hospitality,"travel, travel planning, travel guide",https://travelcliper.com,
T3 HEALTH PTE. LTD.,2018,,Pre-seed,,,https://novi-health.com/,
SMOTO PTE. LTD.,2020,11 - 50,Pre-seed,Transport; Urban Solutions; Manufacturing & Engineering,Electric Vehicles,https://www.smoto.sg,
INVUITE PTE. LTD.,2017,,Pre-seed,,,https://invuite.com/,based on internet checks
AIBC PTE. LTD.,2018,,Pre-seed,,,,
AVENEVV PTE. LTD.,2018,,Pre-seed,,,https://www.avenevv.com,based on internet checks
BRIDGEWATER OFFSHORE PTE. LTD.,2019,,Pre-seed,,,,no webpage found
GLOOBE PTE. LTD.,2018,,Pre-seed,,,,no webpage found
LIONSBOT INTERNATIONAL PTE. LTD.,2018,,Pre-seed,,,https://www.lionsbot.com/,based on internet checks
DUTYCAST PTE. LTD.,2021,,Pre-seed,,,https://dutycast.com/,based on internet checks
HALLASAN PTE. LTD.,2020,,Pre-seed,,,,
CJA PRODUCTIONS PTE. LTD.,2020,,Pre-seed,,,,
EVEREST DESIGN STUDIO (PTE. LTD.),2022,,Pre-seed,,,,
SG GRAPHENE TECHNOLOGIES PTE. LTD.,2021,1 - 10,Pre-seed,,"Graphene, supercapacitor, composite material ",https://www.sggraphene.com/,
CORNERSTONE OFFSHORE PTE. LTD.,2017,1 - 10,Pre-seed,Marine & Offshore; Robotics,Subsea rov underwater trenching plough,http://www.cornerstone-offshore.com,
NOURI BIOTECH PTE. LTD.,2021,1 - 10,Pre-seed,Agritech; Biotech,safefood; bio-fertiliser; bio-stimulant; safefeed; sustainable; Circular Economy,http://Nourisg.com,
EAT ME GLOBAL SG PTE. LTD.,2022,1 - 10,Pre-seed,E-Commerce; Food & Beverage; Fintech; SaaS; Cloud,Payment Systems; Application Development; Web Development,https://eatme.sg,
CF FOODS GROUP APAC PTE. LTD.,2023,1 - 10,Pre-seed,Food Science and Technology; Agritech; Biotech; Food & Beverage; Food Manufacturing & Processing,cultivated meat ; Alternative Protein; Agtech; FoodTech; Smart & Sustainable Packaging; ESG; sustainable; biotech; Food; Diversity,https://www.cffoodsgroup.com,
CRYO SYSTEMS REFRIGERATION TECHNOLOGY PTE. LTD.,2022,1 - 10,Pre-seed,Infotech; SaaS; Data Analysis,SaaS; Systems Development; Application Development,https://cryo-systems.com.sg/,
CRECTECH PTE. LTD.,2022,1 - 10,Pre-seed,Cleantech,Hydrogen; low-carbon; Renewable Energy; Cleantech; green energy; carbon dioxide utilization; CCUS; catalyst; Reforming,https://www.crectech.net/,
VENTI TECHNOLOGIES PTE. LTD.,2020,,Pre-seed,,,https://www.ventitechnologies.com/,based on internet checks
LEARNIFY PTE. LTD.,2023,1 - 10,Pre-seed,Education; E-Commerce; Lifestyle; IoT,Edtech; Education; Growth; Personal Development,https://www.learnify.space/,
WOZI PTE. LTD.,2023,1 - 10,Pre-seed,Education,product,https://wozi.app/,
SKYBOTS PTE. LTD.,2022,1 - 10,Pre-seed,Others; Data Analysis,"RPA, Automation, Sustainability, Accounting, Assurance, Tax",https://www.skybotssg.com/,
GOOD BARDS PTE. LTD.,2021,1 - 10,Pre-seed,AI; Enterprise Solutions; Data Analysis; Cloud; Big Data,Customer Relationship Management; Consumer & Marketing Analytics; Digital Marketing; Customer Experience; marketing technology; Customer 360,https://www.goodbards.com,
PREFER PTE. LTD.,2022,1 - 10,Pre-seed,Food Science and Technology; Biotech; Food & Beverage; Food Manufacturing & Processing,coffee,https://prefer.bio,
DANSHUI CARBON TECHNOLOGY PTE. LTD.,2023,1 - 10,Pre-seed,Agritech; Cleantech,Renewable Energy; activated charcoal,https://www.mls.com.cn/,
SOCIALABS PTE. LTD.,2022,,Pre-seed,,,,
SHOPTRADE PTE. LTD.,2023,11 - 50,Pre-seed,E-Commerce; SaaS,Shopify; SaaS; E-Commerce,https://shoptrade.co,
ENSURO PTE. LTD.,2021,,Pre-seed,Fintech; Blockchain,,,
WE ARE DAY ONE PTE. LTD.,2020,,Pre-seed,SaaS,,,
PROENX PTE. LTD.,2018,,Pre-seed,Media; Infotech,,https://www.rdep.io,
KARD TECH PTE. LTD.,2020,,Pre-seed,E-Commerce; Fintech,,,no webpage found
LITTLEOAK ORGANICS PTE. LTD.,2017,,Pre-seed,Food & Beverage,,https://thelittleoakcompany.sg/,based on internet checks
SHOPLIVE PTE. LTD.,2020,,Pre-seed,E-Commerce; SaaS,,,
BE TAGGED PTE. LTD.,2017,,Pre-seed,AI; Others,,,
REBEL FITNESS PTE. LTD.,2019,,Pre-seed,Healthcare; Others,,,
WHOLESELECT TECHNOLOGY PTE. LTD.,2020,,Pre-seed,Infotech; Retail; Supply Chain & Logistics,,,
Genesis Medtech,2019,,Pre-seed,Healthcare,,https://www.genesismedtech.com/,based on internet checks
UNOASIA PTE. LTD.,2020,,Pre-seed,Fintech,,,no webpage found
RESEARCHMYUSERS PTE. LTD.,2019,,Pre-seed,Infotech; Fintech; Data Analysis,,,
EASE HEALTHCARE PTE. LTD.,2019,,Pre-seed,Medtech; Healthcare Services; Digital Health,,https://ease-healthcare.com,based on internet checks
DEELISH BRANDS PTE. LTD.,2017,,Pre-seed,Food & Beverage,,https://deelishbrands.com,based on internet checks
KINOBI TECHNOLOGIES PTE. LTD.,2021,,Pre-seed,Education,,https://kinobi.tech/,based on internet checks
BIXIE PTE. LTD.,2021,,Pre-seed,AI; Fintech,,,
Gateway+ Learning,2022,11 - 50,Pre-seed,Education; Infotech,E-Learning; Gamification; Learning Platform; SaaS,https://gateway-plus.com,
IVERIA DIAGNOSTICS PTE. LTD.,2021,1 - 10,Pre-seed,Medtech; Biotech; Healthcare Services; Healthcare,In Vitro Diagnostics (IVD); Diagnostics; Medical devices,https://www.iveriadx.com/,
Nothing Real Pte. Ltd.,2022,1 - 10,Pre-seed,Others,web3; Crypto,https://nothingreal.xyz,
AUPTIMATE,2021,1 - 10,Pre-seed,Fintech,Investing,https://www.auptimate.com,
BRIJ EDUCATION PTE. LTD.,2019,1 - 10,Pre-seed,Education; Gaming,Gamification; E-Learning; Learning Platform; Data-driven Learning; Language Acquisition; Learning Community; Social Media; K12; Chinese Language,https://www.brijedu.com,
DATA NOODLE PTE. LTD.,2017,1 - 10,Pre-seed,SaaS,#ecommercedata #dataanalytics #dodataright,https://www.datanoodle.com/,
SPEED MANAGED PTE. LTD.,2020,1 - 10,Pre-seed,Aerospace; AI; Data Analysis; Cloud; Big Data,Aviation; transport; Decarbonisation; Sustainability; AI/ML; Big Data; Data Analysis,https://speedmanaged.com,
YOURS SKINLABS PTE. LTD.,2018,11 - 50,Pre-seed,Lifestyle,beautytech,https://lovefromyours.com,
EQUATORIAL SPACE SYSTEMS PTE. LTD.,2020,,Pre-seed,Aerospace; Transport,,,
MOBIO INTERACTIVE PTE. LTD.,2020,,Pre-seed,Healthcare,,https://www.mobiointeractive.com,based on internet checks
INOVA MOTION PTE. LTD.,2017,1 - 10,Pre-seed,Food Science and Technology; Industrial Electronics; Manufacturing & Engineering; IoT; Robotics,Robotics,http://www.inovamotion.com,
JOGA INCORPORATED PTE. LTD.,2017,,Pre-seed,,,,no webpage found
BACKPACK PTE. LTD.,2017,,Pre-seed,,,,no webpage found
TENGRI UAV PTE. LTD.,2017,,Pre-seed,,,http://tengriuav.com/,based on internet checks
CRIAT PTE. LTD.,2017,,Pre-seed,,,https://www.criat.sg,based on internet checks
SMARTEN SPACES PTE. LTD.,2017,,Pre-seed,,,https://smartenspaces.com,based on internet checks
INDORSE PTE. LTD.,2017,,Pre-seed,,,,
ESSEPLORE PTE. LTD.,2017,,Pre-seed,,,,
TRIPLE A TECHNOLOGIES PTE. LTD.,2017,,Pre-seed,,,,
DANCINGMIND PTE. LTD.,2017,,Pre-seed,,,https://www.dancingmind.com/,based on internet checks
AUTOARMOUR PTE. LTD.,2017,,Pre-seed,,,,
ATC FINETR SOFTWARE PTE. LTD.,2017,,Pre-seed,,,,
ARIVAL PTE. LTD.,2017,,Pre-seed,,,https://www.arivalbank.com,based on internet checks
SKILLRIDGE PARTNER PRIVATE LIMITED,2017,,Pre-seed,,,,
AAVACC PTE. LTD.,2017,,Pre-seed,,,https://aavacc.com/,based on internet checks
SELLMETRIC PTE. LTD.,2017,,Pre-seed,,,https://www.sellerapp.com/,based on internet checks
RIMM SUSTAINABILITY PTE. LTD.,2017,,Pre-seed,,,https://rimm.io,based on internet checks
CENTER FOR RESEARCH AND INNOVATION PTE. LTD.,2017,,Pre-seed,,,,
CLEAR BLOCKCHAIN TECHNOLOGIES PTE. LTD.,2018,,Pre-seed,,,https://www.clearx.io,based on internet checks
CEESUITE PTE. LTD.,2018,,Pre-seed,,,https://www.ceesuite.com/,based on internet checks
JOLT DIGITAL PTE. LTD.,2018,,Pre-seed,,,https://jolt-digital.com/,based on internet checks
SAFE HAVEN TECH PTE. LTD.,2018,,Pre-seed,,,https://safehaven.io,based on internet checks
TERRAFORM LABS PTE. LTD.,2018,,Pre-seed,,,,no webpage found
JUSTCO HOLDINGS PTE. LTD.,2018,,Pre-seed,,,,
SYNONYM ENTERTAINMENT PTE. LTD.,2022,1 - 10,Pre-seed,Media; Events; Entertainment; Lifestyle; Others,Where Imagination Comes to Life; Video Streaming; Social Media; Social Networking; Music & Podcasts,https://synonym-entertainment.mystrikingly.com,
SANCRO PTE. LTD.,2018,11 - 50,Pre-seed,,,https://www.sancrotech.com,
SEVENONE COLLECTIVE PTE. LTD.,2023,1 - 10,Pre-seed,Retail; Complementary Health Products; Digital Health; E-Commerce; Lifestyle,E-Commerce; Health Supplements; Customer Relationship Management,http://www.71collective.xyz,
FUZZY SEQUENCE PTE. LTD.,2023,1 - 10,Pre-seed,AI; Enterprise Solutions; SaaS,SalesTech; SaaS; AI; Sales; MarTech,https://www.fuzzysequence.com/,
FAVOURED GROUP PTE. LTD.,2022,1 - 10,Pre-seed,Education; Events; Enterprise Solutions; Entertainment; Data Analysis,SaaS; Data Analysis; Health Analytics; Human Resources; Gamification; Big Data; Social Networking,https://favouredmoments.com,
PROLED PTE. LTD.,2023,1 - 10,Pre-seed,Education; AI; Lifestyle; SaaS; Big Data,Education; marketplace; Music & Podcasts; Fitness; Sports; arts; Learning Platform; E-Learning; Social Networking; SaaS,https://www.proled.app/,
TRIDENTECH PTE. LTD.,2022,1 - 10,Pre-seed,Semiconductor; Manufacturing & Engineering,Ultra High Purity,https://tridentech.sg,
WILD ORCHARD BEVERAGES PTE. LTD.,2023,1 - 10,Pre-seed,Food & Beverage,Fruit Sparkling Water made with real fruit and natural ingredients ,https://www.drinkwildorchard.com/,
BCL BIOTECH PRIVATE LIMITED,2022,,Pre-seed,,,,no webpage found
AXJ INTERNATIONAL PTE. LTD.,2020,,Pre-seed,,,,
CHAINSIGHT PTE. LTD.,2020,,Pre-seed,,,,
CAVAGO PTE. LTD.,2018,,Pre-seed,,,https://mycavago.com/,based on internet checks
CIRCO PTE. LTD.,2019,,Pre-seed,,,,
DHATA TECH PTE. LTD.,2021,,Pre-seed,,,https://www.dhatatech.com,based on internet checks
DIGITAL ENTERTAINMENT ASSET PTE. LTD.,2018,,Pre-seed,,,,
INFINA HOLDINGS PTE. LTD.,2020,,Pre-seed,,,https://infina.co/,based on internet checks
IMMUNEFI SERIES A INVESTORS SPV PTE. LTD.,2022,,Pre-seed,,,,no webpage found
INTELLIMED HEALTHCARE PTE. LTD.,2020,,Pre-seed,,,https://intellimed.com.sg/,based on internet checks
ISKRA PTE. LTD.,2021,,Pre-seed,,,https://iskra.world/,based on internet checks
MIRXES HOLDING PTE. LTD.,2020,,Pre-seed,,,https://www.mirxes.com/,based on internet checks
MONKWISH PTE. LTD.,2021,,Pre-seed,,,https://www.monkwish.com,based on internet checks
NEST.BIO LABS PTE. LTD.,2019,,Pre-seed,,,https://nsgbio.com/,based on internet checks
NUGURU WELLNESS SOLUTIONS PTE. LTD.,2020,,Pre-seed,,,https://www.nuguru.com/,based on internet checks
PIXCAP PTE. LTD.,2020,,Pre-seed,,,https://pixcap.com/,based on internet checks
PARALLELCHAIN LAB PRIVATE LIMITED,2021,,Pre-seed,,,https://parallelchain-lab.io/,based on internet checks
PLOVER TECH PTE. LTD.,2019,,Pre-seed,,,https://www.plover.co/,based on internet checks
PLUGO PTE. LTD.,2022,,Pre-seed,,,https://www.plugo.co,based on internet checks
PRISM TECH PRIVATE LIMITED,2017,,Pre-seed,,,,
QUANTUM MOBILITY PTE. LTD.,2021,,Pre-seed,,,https://www.quantum-ev.co,based on internet checks
RECUR TECHNOLOGIES PTE. LTD.,2021,,Pre-seed,,,,
RUBIX SYNERGY PTE. LTD.,2020,,Pre-seed,,,,
RMDY CLINIC PTE. LTD.,2021,,Pre-seed,,,https://www.rmdyclinic.com/,based on internet checks
SOILABS PTE. LTD.,2020,,Pre-seed,,,,no webpage found
TECHNICORUM HOLDINGS PTE. LTD.,2020,,Pre-seed,,,https://www.technicorum.com/,based on internet checks
THE WORLD OF CTA PTE. LTD.,2021,,Pre-seed,,,https://www.crosstheages.com,based on internet checks
URECA PTE. LTD.,2021,,Pre-seed,,,https://www.ureca.com/,based on internet checks
WEFAA ROBOTICS PTE. LTD.,2021,,Pre-seed,,,https://www.wefaarobotics.com/,based on internet checks
SYGNUM PTE. LTD.,2018,,Pre-seed,,,https://www.sygnum.com/sg/,based on internet checks
MARKETNODE PTE. LTD.,2021,,Pre-seed,,,,
SWIVELT PTE. LTD.,2018,,Pre-seed,,,,
STACKTRIBE PTE. LTD.,2019,,Pre-seed,,,https://www.stacktribe.dev,based on internet checks
CODE CRACKER PTE. LTD.,2020,,Pre-seed,,,,no webpage found
BUILDBLOCK TECH PTE. LTD.,2021,,Pre-seed,,,,no webpage found
ALGORIX TECHNOLOGY PTE. LTD.,2019,,Pre-seed,,,https://www.algorix.co,based on internet checks
CONSOLIADS PTE. LTD.,2018,,Pre-seed,,,https://consoliads.com/,based on internet checks
GREEN COP PTE. LTD.,2021,1 - 10,Pre-seed,Agritech; Biotech; Maritime; Cleantech,Sustainable Energy; green technology,https://www.greencop.sg,
ASIA INTELLIGENCE TECHNOLOGY PTE. LTD.,2018,,Pre-seed,,,,no webpage found
PRIVATE EXCHANGE GROUP PTE. LTD.,2018,,Pre-seed,,,,
MUJOY PTE. LTD.,2018,,Pre-seed,,,,
AGRIDENCE PTE. LTD.,2018,,Pre-seed,,,,
DOUBLE S INTELLIGENT TECHNOLOGY PTE. LTD.,2018,,Pre-seed,,,http://www.smartSGP.com,
TECHCHOIX PTE. LTD.,2018,,Pre-seed,,,,
AQILLIZ PTE. LTD.,2019,,Pre-seed,,,,
WONDERCHAT PRIVATE LIMITED,2019,,Pre-seed,,,,
APPBOXO PTE. LTD.,2019,,Pre-seed,,,https://www.boxo.io,based on internet checks
PIXIEPOINT SECURITY PTE. LTD.,2019,,Pre-seed,,,,
SPENNY PTE. LTD.,2019,,Pre-seed,,,,no webpage found
CLIMATE TECHNOLOGY SOLUTIONS PTE. LTD.,2019,,Pre-seed,,,,no webpage found
INTERSTELLAR RESEARCH PTE. LTD.,2019,,Pre-seed,,,https://interstellar.sg/,based on internet checks
THE WALNUT AI PTE. LTD.,2020,,Pre-seed,,,https://www.thewalnut.ai/,based on internet checks
ARGUS ASIA PTE. LTD.,2020,,Pre-seed,,,,
CASHAPON PTE. LTD.,2020,,Pre-seed,,,,no webpage found
APRIMEROSE PTE. LTD.,2020,,Pre-seed,,,https://aprimerose.com,based on internet checks
HEAPS GLOBAL HEALTH HOLDINGS PTE. LTD.,2020,,Pre-seed,,,,no webpage found
ENTSECURE SOUTH EAST ASIA PTE. LTD.,2020,11 - 50,Pre-seed,Infotech; Enterprise Solutions,SaaS; Cyber Security,https://www.evren.co,
PIXELCRAFT STUDIOS PTE. LTD.,2020,,Pre-seed,,,,
ADFIXUS PTE. LTD.,2020,11 - 50,Pre-series A,Adtech; Enterprise Solutions; Data Analysis; Big Data,privacy; Identity; First-party; Adtech; Consumer & Marketing Analytics; Digital Marketing,https://www.adfixus.com,
2MR LABS PTE. LTD.,2022,,Pre-seed,,,,no webpage found
VAULTEX PTE. LTD.,2018,,Pre-seed,,,,
A45 PTE. LTD.,2019,,Pre-seed,,,,no webpage found
BAY OF BENGAL MARKETPLACE PTE. LTD.,2019,,Pre-seed,,,,no webpage found
DHOST PTE. LTD.,2020,,Pre-seed,,,,
ENVY IF PTE. LTD.,2020,,Pre-seed,,,,no webpage found
YELLOWTECH HOLDINGS PTE. LTD.,2020,,Pre-seed,,,,
AICADIUM HOLDINGS PTE. LTD.,2020,,Pre-seed,,,https://aicadium.ai,based on internet checks
PLOVER PTE. LTD.,2021,,Pre-seed,,,,no webpage found
GOBBLEME PTE. LTD.,2021,,Pre-seed,,,,
WHOLESOME SAVOUR PTE. LTD.,2018,,Pre-seed,,,https://www.wholesomesavour.com/,based on internet checks
KETOMEI PTE. LTD.,2019,,Pre-seed,,,https://www.ketomei.com,based on internet checks
FLYORO TECHNOLOGIES PTE. LTD.,2021,,Pre-seed,,,https://www.flyoro.co/,based on internet checks
GILL LAB PTE. LTD.,2020,,Pre-seed,,,,
UNRAVEL CARBON PTE. LTD.,2021,,Pre-seed,,,https://www.unravelcarbon.com,based on internet checks
NORTHWEST INDUSTRIAL LOGISTICS PTE. LTD.,2019,,Pre-seed,,,,
EDENS FOOD PTE. LTD.,2020,,Pre-seed,,,https://edenschips.com,based on internet checks
JJDL PTE. LTD.,2018,,Pre-seed,,,,no webpage found
MAJU ROBOTICS PTE. LTD.,2019,,Pre-seed,,,,
GENESIS MEDTECH INTERNATIONAL PRIVATE LIMITED,2019,,Pre-seed,,,https://www.genesismedtech.com,based on internet checks
BXHRLIFE PTE. LTD.,2022,1 - 10,Pre-seed,,,https://www.bxhrlife.com,
ORNAVERA PTE. LTD.,2018,1 - 10,Pre-seed,Agritech; IoT; Data Analysis,,https://www.ornavera.com,
AND WHYTE PTE. LTD.,2016,,Pre-seed,,,,
BANK-GENIE PTE. LIMITED,2016,,Pre-seed,,,,
3G&S TECHNOLOGIES PTE. LTD.,2021,,Pre-seed,,,https://3gands.com,based on internet checks
FIRSTCO TECHNOLOGIES PTE. LTD.,2016,,Pre-seed,,,,no webpage found
APPLIED NANOTEK PRIVATE LIMITED,2020,,Pre-seed,,,https://www.apntek.com,based on internet checks
FESTGROUND PTE. LTD.,2016,,Pre-seed,,,https://festground.com,based on internet checks
GAIA FOODS PTE. LTD.,2021,,Pre-seed,,,,no webpage found
PAIRX BIO PTE. LTD.,2020,,Pre-seed,,,,
NARWHAL FINANCIAL SYSTEMS PTE. LTD.,2020,,Pre-seed,,,https://narfin.co,based on internet checks
ADG LABS PTE. LTD.,2019,,Pre-seed,,,,no webpage found
GROUP-IB GLOBAL PRIVATE LIMITED,2019,,Pre-seed,,,https://www.group-ib.com,based on internet checks
NAVICLOUDR SOFTWARE PTE. LTD.,2020,,Pre-seed,,,,
GLOBAL PTW HOLDINGS PTE. LTD.,2022,,Pre-seed,,,,no webpage found
JUNIPER BIOLOGICS PTE. LTD.,2020,,Pre-seed,,,https://juniperbiologics.com,based on internet checks
VENTURE AI PTE. LTD.,2023,1 - 10,Pre-seed,AI; Enterprise Solutions; Data Analysis; Cloud; Big Data,,https://ventureai.sg,
COMMUN1TY PTE. LTD.,2023,1 - 10,Pre-seed,E-Commerce; Lifestyle; SaaS,Social Media; Social Networking; SaaS; E-Commerce,https://www.commun1ty.sg/,
SINGFISH PTE. LTD.,2023,1 - 10,Pre-seed,Education,Application Development; E-Learning; Knowledge Management; Learning Platform,http://www.notesplus.com,
AI PRO PTE. LTD.,2022,1 - 10,Pre-seed,AI; Enterprise Solutions; IoT; Data Analysis; AR/VR,,https://www.ai-prime.com,
ASTRONET TECHNOLOGY PTE. LTD.,2023,1 - 10,Pre-seed,Education; AI; SaaS,E-Books,https://www.scholaread.com,
Securade.ai,2023,1 - 10,Pre-seed,AI; Supply Chain & Logistics; Infocomm Tech; Manufacturing & Engineering; Big Data,Video Processing; Big Data,https://securade.ai,
SMUDG COMPANY PTE. LTD.,2019,1 - 10,Pre-seed,Retail; E-Commerce; Lifestyle,"beauty, beauty tech, retail tech, product discovery, ML, NLP, makeup, skincare, product recommendations, consumer tech, e-commerce",https://www.smudg.co,
SIGMAWAVE AI PTE. LTD.,2023,1 - 10,Pre-seed,AI; Urban Solutions; IoT; SaaS; Cloud,SaaS; Visual Synthetic Data; Artificial intelligence; Computer Vision; machine learning,https://www.sigmawave.ai,
GIGNITE.AI PTE. LTD.,2023,,Pre-seed,,,https://www.gignite.ai/,based on internet checks
CAR SEARCH PTE. LTD.,2017,1 - 10,Pre-seed,E-Commerce,E-Commerce,https://www.carsearch.com.sg,
VIZIR TECHNOLOGIES PTE. LTD.,2023,11 - 50,Pre-seed,,,https://vizir.studio/en,
FERILLA PTE. LTD.,2022,1 - 10,Pre-seed,AI; Enterprise Solutions; SaaS; Data Analysis; Big Data,,https://ferilla.com,
LOOKWARE PTE. LTD.,2017,1 - 10,Pre-seed,Infotech; SaaS,API; SaaS; openapi; testing; Web Development,https://reapi.com,
STARSEA ECOMMERCE PTE. LTD.,2023,1 - 10,Pre-seed,AI; E-Commerce; Consumer Electronics,E-Commerce; Consumer Electronics,https://www.jitangcn.com/,
APISEVEN PTE. LTD.,2023,1 - 10,Pre-seed,Infotech; Enterprise Solutions; SaaS; Cloud; Big Data,Technology; API Gateway; Apache APISIX; Open Source; Kubernetes; SaaS; corporate services,https://api7.ai,
MASTERBRANCH PTE. LTD.,2023,1 - 10,Pre-seed,SaaS; Cloud,SaaS; Application Development; Web Development; Systems Development,https://www.masterbranch.co/,
DROPS TECH PTE. LTD.,2023,1 - 10,Pre-seed,Fintech,FinTech; tech; platform development ; Application Development,https://www.dropsapp.co,
NGMOB PTE. LTD.,2023,1 - 10,Pre-seed,Gaming; AI; Fintech; Blockchain; Cloud,Trading; Cryptocurrency; AIGC; Model-Training; fine-tunning; quant-trading,https://ngmob.com,
EPYPHITE PTE. LTD.,2020,11 - 50,Pre-seed,Aerospace; Agritech; Marine & Offshore; Urban Solutions; IoT,Autonomous Vehicles; Space Technology; Precision Agriculture; Soil Technology; Insurtech; AR/VR,https://www.epiphite-corp.com,
ACTYV.AI PTE. LTD.,2022,51 - 100,Pre-seed,AI; Fintech; Enterprise Solutions; SaaS,SaaS; Insurtech,http://www.actyv.com,
HEPHAESTUS TECHNOLOGIES PTE. LTD.,2021,1 - 10,Pre-seed,Gaming; E-Commerce; Enterprise Solutions; Lifestyle; AR/VR,Furniture; 3D Rendering; Gamification; interior design; Interior Furnishing; unreal engine; 3D Digitization; Product Digitization; E-Commerce; Planning & Design,https://www.htech.com.sg/,
URAY TECHNOLOGIES PTE. LTD.,2023,1 - 10,Pre-seed,Medtech; AI; Healthcare; IoT; Hardware,Diagnostics; Medical devices; In Vitro Diagnostics (IVD); IoT; AI,https://uray.ai,
TRIETECH PTE. LTD.,2023,1 - 10,Pre-seed,Enterprise Solutions; SaaS; Cloud,SaaS; Web Development; Cloud,https://www.trietech.com,
OtterHalf Marketing Consultancy,2023,1 - 10,Pre-seed,Food Science and Technology; Food & Beverage; E-Commerce; Events; Travel & Hospitality,Digital Marketing; Consumer & Marketing Analytics; E-Commerce; Social Media; Web Development,https://www.otterhalf.co,
NU BROADCAST PTE. LTD.,2020,1 - 10,Pre-seed,Media; E-Commerce; Supply Chain & Logistics; Enterprise Solutions; Hardware,E-Commerce; Social Media; Space Technology; Data Warehouse; Energy Storage; Application Development; Machinery & Systems; Inventory Management; Knowledge Management; Legal Tech,https://www.nbpl.space,
SQUBIX DIGITAL PTE. LTD.,2021,11 - 50,Pre-seed,Education; Healthcare Services; E-Commerce; Fintech; Blockchain,Web Development; Mobile Health; Big Data; Digitised Health Systems; E-Commerce; Application Development; Insurtech; Natural Language Processing,https://squbix.com,
MODERN TRADE TECHNOLOGIES PTE. LTD.,2020,1 - 10,Pre-seed,AI; SaaS,AI; chatbots; b2b; SaaS,https://www.moderntrade.co,
KRISHNA ANALYTICS PTE. LTD.,2023,1 - 10,Pre-seed,E-Commerce; Enterprise Solutions; SaaS; Cloud,SaaS; Application Development; t,https://knotify.io/,
DEEPSPHERE.AI PTE. LTD.,2022,11 - 50,Pre-seed,Education; AI; Real Estate; Enterprise Solutions; Healthcare,Generative AI; Large Lange Model; Conversational Q & A; Conversational intelligence; Intelligent learning management ; Personalized learning; Cognitive learning; machine learning; Data Science; data engineering,https://www.deepsphere.ai/,
MORROW INTELLIGENCE PTE. LTD.,2023,1 - 10,Pre-seed,Urban Solutions,Planning & Design; public polcy; urban planning; cities; Scenario Planning; Futures; Strategic Scenarios; Benchmarking; index,https://morrowintel.sg/,
SINGAPORE THINK SMART TECHNOLOGY PTE. LTD.,2023,1 - 10,Pre-seed,,,https://www.startupsg.gov.sg/claim-profile/47923/tech-startup?first=1,
POWERZONE H2 TECHNOLOGIES PTE. LTD.,2021,1 - 10,Pre-seed,Manufacturing & Engineering,Renewable Energy,https://www.powerzoneh2.com.sg/,
U-VIEW SINGAPORE PTE. LTD.,2023,1 - 10,Pre-seed,Semiconductor; Retail; Lifestyle; Manufacturing & Engineering,stainless steel; architectural; lifts & escalators; internal finishing; facade; decorative; Decoration; Manufacturing; luxury retail,https://www.u-viewmetal.com/,
METAQUITY PTE. LTD.,2024,1 - 10,Pre-seed,Fintech; Cleantech; Blockchain,Renewable Energy,https://phyken.network/,
TERA-X PTE. LTD.,2022,1 - 10,Pre-seed,Medtech; Industrial Electronics; Hardware,Disruptive Terahertz Solutions,https://teraxlab.com/,
PLEXSONIC PTE. LTD.,2024,1 - 10,Pre-seed,Retail; Consumer Electronics; Manufacturing & Engineering; Hardware,custom earphones; audio; Wearables,https://www.plexsonic.com/,
NAUTISENSE PTE. LTD.,2023,1 - 10,Pre-seed,Maritime,AI,https://www.nautisense.ai/,
FLOODX (SINGAPORE) PTE. LTD.,2020,1 - 10,Pre-seed,Manufacturing & Engineering,stormwater; flood protection; environment; Water Treatment,https://www.floodx.com.sg,
NEST SOFT PTE. LTD.,2018,,Pre-seed,,,,no webpage found
NOBA PTE. LTD.,2021,,Pre-seed,,,https://www.noba.sg,based on internet checks
EQUITECH PRIVATE LIMITED,2024,1 - 10,Pre-seed,Medtech; AI; Digital Health; Healthcare,Health Analytics; Digitised Health Systems; SaaS,https://www.speedback.com/,
MKI.AI PTE. LTD.,2023,1 - 10,Pre-seed,Education,,https://merakiacademy.sg/,
CYBERATHLETE PTE. LTD.,2020,,Pre-seed,,,https://www.cyberathlete.com/,based on internet checks
CONSTRUCKK PTE. LTD.,2025,1 - 10,Pre-seed,Events; Others; SaaS,Community; b2b,https://construckk.com/,
MAC ROBOT PTE. LTD.,2024,1 - 10,Pre-seed,AI,Robotics; AI; Precision Agriculture,http://www.macbot.ai,
PERIZOPE PTE. LTD.,2024,1 - 10,Pre-seed,,,https://www.perizope.com,
SMARTASS PTE. LTD.,2024,1 - 10,Pre-seed,Retail; Food & Beverage; Enterprise Solutions; Urban Solutions; SaaS,SaaS; enterprise solutions,http://www.smartasos.com,
PEAKY TRAVEL PTE. LTD.,2024,1 - 10,Pre-seed,AI; Travel & Hospitality; Blockchain; SaaS; Big Data,SaaS; Travel-Tech,https://prime.peakah.com/,
OKIDEX PTE. LTD.,2024,1 - 10,Pre-seed,SaaS; Data Analysis; Big Data,Application Development; SaaS,https://okidex.com/,
ASIA INNOVATE HUB PTE. LTD.,2023,1 - 10,Pre-seed,AI; Enterprise Solutions; Blockchain; SaaS; Big Data,,https://www.asiainnovatehub.com,
DAE IT SOLUTIONS PTE. LTD.,2024,11 - 50,Pre-seed,AI; Enterprise Solutions; Cleantech; SaaS; Data Analysis,"Fuel retail, AI agents, HSSE, safety, loss prevention, targeted marketing",https://www.daeit.com.sg,
PENCIL LABS PTE. LTD.,2024,1 - 10,Pre-seed,AI; Enterprise Solutions; SaaS; Data Analysis,Inventory Management; Knowledge Management; Data Warehouse,https://www.pencillabs.io,
CELESTAI PTE. LTD.,2024,1 - 10,Pre-seed,Infotech; AI; Enterprise Solutions,AI; Business Automation;; Digital Transformation,https://www.celestai.com.sg,
ONEORVE PTE. LTD.,2025,1 - 10,Pre-seed,Education; Infotech; Lifestyle; IoT,Digital Transformation; data privacy; Sustainable Innovation; Responsible Tech; Digital Consultation; Technology Solutions,https://www.oneorve.com,
JIA ORANGE PTE. LTD.,2024,,Pre-seed,,,,no webpage found
FORGETTABLE PTE. LTD.,2024,1 - 10,Pre-seed,AI; Fintech,Insurtech; INSURANCE; AI,https://forgettable.ai,
SLASH ADVANCE PTE. LTD.,2024,,Pre-seed,,,,
FLAVORIST PTE. LTD.,2024,1 - 10,Pre-seed,Food & Beverage; AI; Others; SaaS,,https://flavoristapp.com/,
UNIBYTES SOLUTIONS PTE. LTD.,2025,1 - 10,Pre-seed,Infotech; Fintech; Enterprise Solutions; Infocomm Tech,Knowledge Management; Customer Relationship Management; Payment Systems,http://unibytes.com.sg,
BOLV PTE. LTD.,2023,1 - 10,Pre-seed,Events; AI; Real Estate; Healthcare,technology ;consulting; accelerator; matchmaking; IP  ,http://www.businesslandingchina.com,
DECODA PTE. LTD.,2025,1 - 10,Pre-seed,AI; Fintech,Risk Management; Payment Systems; Anti-Money Laundering,http://decoda.tech,
VECTOR8 PTE. LTD.,2024,1 - 10,Pre-seed,Gaming; AI; Entertainment; AR/VR; Robotics,unreal engine,https://loeizd.github.io/Vector8/,
OKCAN SOFTWARE PTE. LTD.,2025,1 - 10,Pre-seed,Education; AI; Data Analysis,Learning Platform; E-Learning,https://okcan.ai,
AUCTUCEL PTE. LTD.,2024,1 - 10,Pre-seed,Food Science and Technology; Biotech; Healthcare Services; Pharmaceutical,Bioinformatics; bioprocessing; life science research; cell therapy; vaccine ; antibody production; cultivated meat ,https://auctucel.com/,
GREYDX.AI (PRIVATE LIMITED),2025,1 - 10,Pre-seed,Medtech; AI; Healthcare; SaaS; Big Data,#HealthcareAI #ClinicalDecisionSupport #MedicalDiagnostics #HealthTech #ArtificialIntelligence #MedTech #DigitalHealth #MachineLearning #HealthcareInnovation #ClinicalAI,https://greydx.ai,
GREENVITA PTE. LTD.,2024,1 - 10,Pre-seed,Infotech; Real Estate; Urban Solutions; SaaS,Smart Cities; Landscape AI Management; Climate Resilience; Predictive Analytics; Urban Tree Healthcare; AI for Tropical Tree Solutions; Sustainable Urban Forestry; Green Technology Innovation; Data-Driven Tree Care; Environmental Risk Management,https://506116924.wixsite.com/automatic-arborist,
HOOPOE HEALTHTECH PTE. LTD.,2025,11 - 50,Pre-seed,AI; Digital Health; Healthcare Services; Enterprise Solutions; SaaS,Digitised Health Systems; Telemedicine; Systems Development; Application Development; SaaS; Big Data; Customer Relationship Management; Consumer & Marketing Analytics,https://hoopoeholding.com/,
ADAPTIVEX PTE. LTD.,2024,1 - 10,Pre-seed,Education; AI; Enterprise Solutions,,http://ww.adaptivex.sg,
DEMOKRAFT PTE. LTD.,2024,1 - 10,Pre-seed,Infotech; AI; Enterprise Solutions; SaaS,demokraftai; B2BSaaS; demo automation; Video marketing; AI; lead qualification,https://www.demokraft.ai,
TESSAL8 PTE. LTD.,2025,1 - 10,Pre-seed,Infotech; Enterprise Solutions; SaaS; Data Analysis,Human Resources; Data Analysis,https://www.tessal8.com/,
FRONTIER BIO PTE. LTD.,2025,1 - 10,Pre-seed,Medtech; Biotech; Pharmaceutical; Healthcare; Manufacturing & Engineering,"innovation, frontier tech, deep tech, regenerative medicine, tissue engineering",https://www.frontierbio.com,
LIVING COMPASS PTE. LTD.,2025,1 - 10,Pre-seed,Real Estate; Enterprise Solutions; Big Data,"property, tenancy, data, AI, market",https://www.living-compass.com/,
MAVIC PTE. LTD.,2023,1 - 10,Pre-seed,Medtech; E-Commerce; Food & Beverage; AI; SaaS,AI; Digital Marketing; Consumer & Marketing Analytics; branding; SMEs,https://mavic.ai/,
MINDWISE APP PTE. LTD.,2025,1 - 10,Pre-seed,AI; Complementary Health Products,,https://www.mindwis.so,
LIVSEN HEALTHTECH PTE. LTD.,2025,1 - 10,Pre-seed,Medtech; Healthcare,Medical Device; healthcare supplement technologies,https://livsenhealth.com/,
CHONNECT PTE. LTD.,2025,1 - 10,Pre-seed,AI; Enterprise Solutions; SaaS,Marketing/ Media/ HR Tech/ Future of Work / Creator Economy / B2B SaaS,https://www.chonnect.com/,
VDAPTIVE PTE. LTD.,2023,1 - 10,Pre-seed,Infotech; AI; Supply Chain & Logistics; Enterprise Solutions; Cloud,Facilities Management; SaaS,https://vdaptive.net/,
BC RESEARCH PTE. LTD.,2024,1 - 10,Pre-seed,AI; E-Commerce,,https://drct.co,
XGAI PTE. LTD.,2025,1 - 10,Pre-seed,Aerospace; AI; Infocomm Tech; IoT; Cloud,,https://www.xgai.sg,
DATAHONDO PTE. LTD.,2022,11 - 50,Seed,Infotech; Fintech; Data Analysis; Cloud; Big Data,Big Data; Data Warehouse; Data Analysis; Cloud; tech,https://datahondo.com/,
AMPLICITY (PTE. LTD.),2023,1 - 10,Pre-seed,Industrial Electronics; Cleantech; Manufacturing & Engineering,Renewable Energy; Energy Storage; Cleaning Technology; Facilities Management,https://www.amplicity.energy,
EVERHAUS GROUP PTE. LTD.,2025,1 - 10,Pre-seed,Travel & Hospitality; Fintech,Hospitality Innovation; Hotel Asset Optimisation; Tokenisation of Real Assets; Hospitality Transformation; Hospitality Investment Platform; Industry-Academia Collaboration; Hospitality Ecosystem Development,https://everhausgroup.com/,
LUKK AUTOMATION SOLUTION PTE. LTD.,2023,1 - 10,Pre-seed,AI; Enterprise Solutions; IoT; SaaS; Robotics,Robotics; Data Analysis; Autonomous Vehicles; Application Development; video analytics; AI analytics,https://www.lukkautomations.com,
ACEAI PTE. LTD.,2025,1 - 10,Pre-seed,AI; Enterprise Solutions; SaaS; Data Analysis,,http://www.aceai.sg,
LOAN CITY PTE. LTD.,2025,1 - 10,Pre-seed,Fintech,Personal Finance; P2P Lending; Anti-Money Laundering; Investing,https://loancity.sg/,
SOILSENSE PTE. LTD.,2025,1 - 10,Pre-seed,,,https://linkedin.com/in/soil-sense-6b382b39a,
PATHSAFE PTE. LTD.,2025,1 - 10,Pre-seed,,,https://tinyurl.com/pathsafe,
VALSEA PTE. LTD.,2025,1 - 10,Pre-seed,Retail; AI; E-Commerce; Fintech,ASR; speech processing; speech engine,https://valsea.app,
CYRENXTECH PRIVATE LIMITED,2025,1 - 10,Pre-seed,Infotech; AI; E-Commerce; Fintech; IoT,AI Branding,http://www.cyrenx.com,
CROWDCOM TECHNOLOGIES PTE. LTD.,2025,1 - 10,Pre-seed,Retail; AI; E-Commerce; Enterprise Solutions; Infocomm Tech,Intelligent Pricing; Dynamic pricing; Retail Tech; Agentic AI; Pricing Strategy; Price Optimization; Margin Protection; Sales Acceleration; Omnichannel Retail; Crowdshopping,https://www.crowdcom.io,
DASCAIN PTE. LTD.,2026,1 - 10,Pre-seed,AI; Fintech; Enterprise Solutions; Blockchain; Cloud,Big Data; Data Analysis; SaaS; Data Warehouse; Communication Systems; Risk Management,https://www.dascain.com,
ART AGAIN PTE. LTD.,2025,,Pre-seed,,,https://artagain.co/,
INDEXYNC PTE. LTD.,2025,1 - 10,Pre-seed,E-Commerce; Enterprise Solutions; SaaS,E-Commerce; SaaS; Inventory Management,https://indexync.com/,
CHAMPION WEB PTE. LTD.,2025,1 - 10,Pre-seed,E-Commerce; SaaS; Data Analysis; Big Data,,https://championweb.com,
ROBOT FARM PTE. LTD.,2025,1 - 10,Pre-seed,Agritech; Retail; Supply Chain & Logistics; Food Manufacturing & Processing; Robotics,Precision Agriculture; Food Packaging; Organic Farming,https://ohmystrawberry.com/,
CASTOMIZE TECHNOLOGIES PTE. LTD.,2022,1 - 10,Pre-seed,Medtech,Medical devices; 3D Printing,https://castomize.co,
GUIDE PASS ASIA PTE. LTD.,2024,1 - 10,Pre-seed,Media; Travel & Hospitality; SaaS,smart tourism; cultural technology; travel technology; night economy; Immersive Media; tourism saas; digital infrastructure; Experience Economy; asean tech,http://www.guidepassasia.com,
APEX HEALTH SYSTEMS PTE. LTD.,2025,1 - 10,Pre-seed,AI; Healthcare,,https://zeya.health,
FILEPILLAR PTE. LTD.,2026,1 - 10,Pre-seed,AI; Fintech; Enterprise Solutions; SaaS,"Artificial intelligence, Fintech, Taxtech, SAAS",https://filepillar.com/,
2STRANDS BIOSCIENCES PTE. LTD.,2023,1 - 10,Pre-seed,Medtech,"Precision Oncology, MRD, Liquid Biopsy",https://2strandsbiosciences.com/,
EASYCUBE SG PTE. LTD.,2026,1 - 10,Pre-seed,AI; E-Commerce; IoT,,https://easycubesg.com,
ANTOMATION PTE. LTD.,2023,1 - 10,Pre-seed,Aerospace; AI; Manufacturing & Engineering; Hardware,AI; Robotics; physical ai; Automation; machine vision,https://antomation.net,
OSIRIS TECHNOLOGY PTE. LTD.,2024,1 - 10,Pre-seed,AI; Enterprise Solutions; IoT; Data Analysis; Big Data,Application Development; SaaS; Inventory Management; Data Analysis,https://osiris.so/,
GRAIL COMPUTER LABS PTE. LTD.,2025,1 - 10,Pre-seed,AI; Enterprise Solutions,,https://grail.computer/,
BUILDSBE PTE. LTD.,2024,1 - 10,Pre-seed,,,http://Buildsbe.com,
SEDIFLY PTE. LTD.,2025,11 - 50,Pre-seed,Education,Education; college; ivy league; oxbridge; Edtech,https://www.sedifly.com/,
BION OS PTE. LTD.,2026,1 - 10,Pre-seed,Gaming; Infotech; AI; Digital Health; Lifestyle,Health; Fitness; Gamification; AI; Performance; Wellness,https://getbion.com,
PATHLOOP PTE. LTD.,2025,1 - 10,Pre-seed,AI; Enterprise Solutions; SaaS,AI; ai agents; RevOps; B2B SaaS; AI Infrastructure; enterprise software; Vertical SaaS; LLM; Automation; Workflows,https://trypathloop.com,
SAXTY PTE. LTD.,2025,1 - 10,Pre-seed,,,https://www.youtube.com/channel/UColrbeK6VMRZrTT0h60pO5g,
ASSESSLY PTE. LTD.,2026,1 - 10,Pre-seed,AI; Enterprise Solutions; Manufacturing & Engineering; SaaS; Data Analysis,,https://www.assessly.ai/,
KITE SEMICONDUCTOR PTE. LTD.,2026,1 - 10,Pre-seed,AI; Telecom; Infocomm Tech; Hardware,"High Speed IOs, ESD Reliability, AI Hardware Interface",http://kitesemiconductor.com/,
PRECIFLO PRIVATE LIMITED,2026,1 - 10,Pre-seed,AI; Enterprise Solutions; Data Analysis; Big Data,Customer Relationship Management; Data Analysis; AI; Agentic AI; sales intelligence,https://www.preciflo.com,
AVNR PTE. LTD.,2024,1 - 10,Pre-seed,AI; Fintech; Enterprise Solutions,Risk Management; Knowledge Management,https://www.avnr.ai,
FUSIONCORE PTE. LTD.,2024,1 - 10,Pre-seed,,Travel Guide Tour ,https://tourna.io/,
STYR ASIA PTE. LTD.,2025,1 - 10,Pre-seed,Transport; AI; Data Analysis; Big Data,,https://www.styr.asia,
INFERNOGUARDVEIL PTE. LTD.,2025,1 - 10,Pre-seed,Urban Solutions; Manufacturing & Engineering,Renewable Energy,https://igv.sg,
CLARION ANALYTICS PTE. LTD.,2021,1 - 10,Pre-seed,AI; Enterprise Solutions; IoT; SaaS,entreprise ai; Health Insurance Claim Intelligence API; Compliance and Hazard Detection Systems; Conversational voice AI for lead response and qualification,https://clarion.ai/,
CERUCLEAN PTE. LTD.,2025,1 - 10,Pre-seed,Medtech,"Hearing aid cleaning, receiver cleaning, Earwax removal fro hearing aids",https://cerucolve.com,
DOCTHREAD AI PTE. LTD.,2024,1 - 10,Pre-seed,Infotech; AI; Enterprise Solutions; Infocomm Tech; Cloud,Systems Development; SaaS,https://www.docthread.ai,
AUTO INTELLIGENCE PTE. LTD.,2024,1 - 10,Pre-seed,,,https://www.shopee.sg/funtasticfoodies,
MAMAME WHOLE FOODS PTE. LTD.,2023,11 - 50,Pre-seed,Food Science and Technology; Food & Beverage; Food Manufacturing & Processing,Smart & Sustainable Packaging; Alternative Protein; Food Packaging,https://www.mamamewholefoods.com,
HYBRIDAI PTE. LTD.,2024,1 - 10,Pre-seed,AI; Enterprise Solutions; SaaS; Cloud,,https://hybridai.ai,
Canterly,2024,1 - 10,Pre-seed,Agritech; AI; SaaS; Data Analysis,SaaS; Seed; Equestrian; sportstech ,https://canterly.com,
MLTECH SOFT PTE. LTD.,2023,11 - 50,Pre-seed,AI,FMCG; Software Company; AI; SaaS,https://mltechsoft.com,
KNITFIT PTE. LTD.,2024,1 - 10,Pre-seed,Healthcare; Manufacturing & Engineering; Robotics,Textiles; Knitting; Garments; customised; On-Demand; Compression Garments; Machine Knitting,https://knit.fit,
NATTYNITES PTE. LTD.,2024,1 - 10,Pre-seed,E-Commerce; Real Estate; Travel & Hospitality; Lifestyle; Blockchain,Cryptocurrency; Investing; E-Commerce; Home & Living,https://nattynites.club/,
ROOTS INNOVATION PTE. LIMITED,2023,1 - 10,Pre-seed,AI; Enterprise Solutions; Infocomm Tech; Healthcare; Big Data,Big Data; Data Analysis; microservices; AI; Digital Transformation; Kubernetes; data mesh,https://rtsinv.com/,
POPWOW SPACE PTE. LTD.,2022,1 - 10,Pre-seed,Education; E-Commerce; Events; Healthcare Services; Lifestyle,Wellness; women; Fitness; active; motherhood; sisterhood,https://www.popwow.space,
MOTTAINAI FOOD TECH PTE. LTD.,2022,1 - 10,Pre-seed,Food Science and Technology; Food & Beverage; Food Manufacturing & Processing,,https://mtnfoodtech.com/,
RIZQX PTE. LTD.,2023,1 - 10,Pre-seed,Fintech; Lifestyle,Personal Finance,https://rizqx.sg/,
3T'S DIGITAL PTE. LTD.,2023,1 - 10,Pre-seed,Supply Chain & Logistics,,https://www.carousell.sg/u/g.thachna/,
SUNLUNE (SINGAPORE) PTE. LTD.,2022,11 - 50,Pre-seed,Semiconductor; AI; Nanotechnology; Blockchain; IoT,Semiconductor,https://sunlune.us/#/home/index,
ORCHID CALIBRATION PTE. LTD.,2019,1 - 10,Pre-seed,Aerospace; Marine & Offshore,Aviation,http://www.orchidcal.com,
EFL AG-DATA PTE. LTD.,2024,1 - 10,Pre-seed,Agritech; AI; SaaS; Data Analysis; Big Data,#agriculture #data #ai #artificialintelligence #bigdata #dataanalytics #agritech #dataanalysis ,https://www.eflagdata.com,
IMIDAILY PTE. LTD.,2022,1 - 10,Pre-seed,Fintech; Travel & Hospitality; Lifestyle,"Immigration, Marketplace",https://www.imi-asia.com,
CALL HANDYMAN PTE. LTD.,2024,1 - 10,Pre-seed,E-Commerce; Enterprise Solutions; Lifestyle; Others; SaaS,Home & Living; E-Commerce; Facilities Management; SaaS; handyman platform; Home Services; services matching;  home maintenance; Renovation; app-based services,https://www.callsifu.com/,
SYSTEMSYN TECHNOLOGIES PTE. LTD.,2023,1 - 10,Pre-seed,Transport; AI; Infocomm Tech; Data Analysis; Big Data,AI video Analysis System,https://systemsyn-tech.com,
CAPTAIN CRANBERRY PTE. LTD.,2024,1 - 10,Pre-seed,AI; E-Commerce; Lifestyle,E-Commerce; Home & Living; Data Analysis,https://captaincranberry.com/,
STACKBRAINS PTE. LTD.,2024,1 - 10,Pre-seed,,,https://stackbrains.dev,
RIDM PTE. LTD.,2023,1 - 10,Pre-seed,Semiconductor,Semiconductor,https://ridm.tech,
AKEERA PTE. LTD.,2020,1 - 10,Pre-seed,AI; Digital Health; Enterprise Solutions; SaaS; Big Data,Health Analytics; Mobile Health; Telemedicine; SaaS,https://healthqr.co,
VIEWMAX M&E ENGINEERING PTE LTD,2024,11 - 50,Pre-seed,Real Estate; Manufacturing & Engineering; Hardware,M&E; ELECTRICAL WORKS; Construction; PLUMBING,http://www.viewmax.me,
SPINDLE PTE. LTD.,2023,1 - 10,Pre-series A,Medtech; AI; Nanotechnology; SaaS; Cloud,#SpinningQuantum,https://www.spindle.sg/,
BROADWAN TECHNOLOGIES PTE. LTD.,2023,1 - 10,Pre-seed,Retail; Infotech; Telecom; Infocomm Tech,"NETWORKING PRODUCTS (EG ROUTERS, SWITCHES)",http://www.broadwan.co,
ROSALIND DX PTE. LTD.,2024,1 - 10,Pre-seed,Medtech; Biotech; Healthcare,Diagnostics; In Vitro Diagnostics (IVD); biotech; MedTech,https://www.rosalinddx.com,
RAYVENX PTE. LTD.,2024,1 - 10,Pre-seed,,,https://rayvenx.com,
NEXT BIG HIT SPORTS PTE. LTD.,2024,1 - 10,Pre-seed,Education; Complementary Health Products; Events; Enterprise Solutions; Entertainment,Sports MICE Travel; Sport Tourism Management ; Sports Event Planning; Sports Technology ; Sports Copyright Holder Overseas Project; Sports Club Venue Management ,http://www.nbhsports.com,
GLORIOUS CARE PTE. LTD.,2023,1 - 10,Pre-seed,AI; Digital Health; Healthcare; SaaS,"AI, Eldercare, SaaS, B2B SaaS, Digital Health",https://beglorious.co,
WUBBLE.AI PTE. LTD.,2024,1 - 10,Pre-seed,Gaming; AI; Events; Enterprise Solutions; Entertainment,AI Music B2B Marketing Content Advertising Gaming Retail Hospitality,https://www.wubble.ai/,
GRANTBII TECHNOLOGIES PTE. LTD.,2024,1 - 10,Pre-seed,AI; Infocomm Tech; Big Data,#AIGrantManagement #BusinessFundingAutomation #GlobalGrantDiscovery #SmartProposalGeneration #GrantLifecycleSolutions,https://grantbii.com/,
HEXCORE LABS PTE. LTD.,2024,1 - 10,Pre-seed,Education; Gaming; Infotech; Infocomm Tech; Cloud,Cyber Security; E-Learning; Gamification,https://hexcore-labs.com,
SHOMVOB PTE. LTD.,2022,11 - 50,Pre-seed,Fintech; SaaS,Investing,https://shomvob.co/,
NOVERSE INC. PRIVATE LIMITED,2024,1 - 10,Pre-seed,Education,#edutech,https://www.linkedin.com/company/101741082/admin/dashboard/,
CULINARY UNITED PTE. LTD.,2023,1 - 10,Pre-seed,,,https://www.instagram.com/idrink_sg/,
TYPFACE PTE. LTD.,2023,1 - 10,Pre-seed,Gaming; E-Commerce; Hardware,industrial design; product design; Consumer Electronics,https://typface.com/,
ETNIC TECHNOLOGIES PTE. LTD.,2024,1 - 10,Pre-seed,Infocomm Tech,Software,https://stackd.club/,
LINCORE PRIVATE LIMITED,2024,1 - 10,Pre-seed,Urban Solutions; Cleantech; Hardware,,https://www.linkedin.com/company/lincoretech/,
STONE RHINO SERVICES PRIVATE LIMITED,2021,1 - 10,Pre-seed,Enterprise Solutions; Supply Chain & Logistics; IoT,"Document Storage, Furniture Storage, ERP, Digitization, Document Destruction",https://www.stonerhinosvc.com,
DIGITAL SPORT SOLUTIONS PTE. LTD.,2023,1 - 10,Pre-seed,AI; Data Analysis,,https://adasports.tech/,
CENTAURION LOGISTICS PTE. LTD.,2024,1 - 10,Pre-seed,Supply Chain & Logistics,logistics; last mile,https://www.centaurionlogistics.com/,
ACOERELA PTE. LTD.,2022,1 - 10,Pre-seed,Food Science and Technology; Biotech; Pharmaceutical; Nanotechnology,Medical devices; In Vitro Diagnostics (IVD); Life Science Tools; Application Development; Optics & Photonics; Medical Imaging; Microbiology; Rapid Testing Kits,http://www.acoerela.com,
SELAYY PTE. LTD.,2024,1 - 10,Pre-seed,Media; Industrial Electronics; E-Commerce; Enterprise Solutions; IoT,E-Commerce; Home & Living; Social Networking,https://www.tiktok.com/@whiff.sg,
AMBLE CO PTE. LTD.,2024,1 - 10,Pre-seed,AI; Lifestyle; SaaS,Social Networking; Conversation Facilitation; Matchmaking; networking; Mental Wellness; events,https://ambleproject.com/,
CINCH SG PTE. LTD.,2022,51 - 100,Seed,E-Commerce; Consumer Electronics; Fintech,E-Commerce; Payment Systems; Consumer Electronics,https://cinch.sg/,
N&E INNOVATIONS PTE. LTD.,2020,,Pre-seed,,,https://vi-kang.com,based on internet checks
NEWMAN COLLECTIVE PRIVATE LIMITED,2024,1 - 10,Pre-seed,Food Science and Technology; Food & Beverage; E-Commerce; Lifestyle; Food Manufacturing & Processing,Alternative Protein; Protein; Smart & Sustainable Packaging; Insect Farming; Health Supplements,https://newmansg.com/,
NANYANG VERSION MANAGEMENT LAB PTE. LTD.,2025,1 - 10,Pre-seed,Infotech; AI; Enterprise Solutions; SaaS,SaaS; Big Data; lear; Cloud; AI,https://gitme.ai,
CARROTBYTE PTE. LTD.,2025,1 - 10,Pre-seed,,,https://www.carrotbyte.io,
ANOMALY BIO PTE. LTD.,2025,1 - 10,Pre-seed,Biotech; Cleantech,fermentation; Genetic Engineering; Bioprocess Engineering,https://www.anomalybio.com/,
FLUXIA PTE. LTD.,2023,1 - 10,Pre-seed,Industrial Electronics; AI; Manufacturing & Engineering; IoT,"X-Ray, Imaging, AI, Sensing",https://www.fluxia.com,
FUTURELEARNER.AI PTE. LTD.,2025,1 - 10,Pre-seed,Education; E-Commerce; AI,E-Learning; E-Commerce,https://www.FutureLearner.ai,
TRIAJNA PTE. LTD.,2026,1 - 10,Pre-seed,Education; Travel & Hospitality; SaaS; Data Analysis,SaaS; hospitality; Education; AI,https://triajna.com/,
MAGICOD TECHNOLOGIES PTE. LTD.,2024,1 - 10,Pre-seed,AI; Enterprise Solutions; SaaS; Data Analysis; Big Data,SaaS; Sales AI; crm; Sales Automation; POS; All-in-one Sales solution; SME Solution; Digital Transformation; Sales and Marketing; content strategy,https://magicsas.app/,
TWILIGHTSUN PTE. LTD.,2024,1 - 10,Pre-seed,Food & Beverage; AI; Robotics,FoodTech;  AI ; Vending Automation;  Fresh Food;  F&B Innovation;  Smart Retail ; Food Automation ; ASEAN Expansion ; Urban Convenience ; Restaurant Technology,https://twilightsun.co,
ARDOR CEREBRUM PTE. LTD.,2024,1 - 10,Pre-seed,AI; Cloud,AI; Cloud; PaaS; Application Development; Devops,https://ardor.cloud,
NEXIOT PTE. LTD.,2023,1 - 10,Pre-seed,Supply Chain & Logistics; Manufacturing & Engineering; IoT; Hardware; AR/VR,IOT Hardware Startup Digitalization,http://www.nexpcb.com,
THIN MARGIN,2016,,Pre-seed,Fintech,,https://www.thinmargin.com/,
PolicyPal,2018,11 - 50,Seed,Fintech,,http://www.policypal.com,
Freedom Cups Pte Ltd,2016,1 - 10,Pre-seed,,,http://www.freedomcups.org/,
Practicle Pte Ltd,2017,1 - 10,Pre-seed,Education,Learning Platform,https://practicle.sg/,
CombineSell,2017,11 - 50,Seed,Lifestyle,E-Commerce,https://blog.combinesell.com/,
Techssisted Micromed Pte. Ltd.,2016,,Pre-seed,Medtech,,http://www.techssisted.com/,
Precision Medical Private Limited,2016,1 - 10,Pre-seed,Medtech,Medical devices; Diagnostics,http://www.precisionmedical.com.sg/,
MONEYSMART,2016,11 - 50,Series B,,,https://www.moneysmart.sg/,
Fixit.sg,2016,1 - 10,Pre-seed,Lifestyle,,https://www.fixit.sg,based on internet checks
Gush,2017,51 - 100,Pre-series A,Cleantech; Lifestyle,Urban Solutions; Cleantech; Lifestyle,https://www.gowithgush.com/,
Aevice Health,2016,11 - 50,Seed,Digital Health,Health Analytics; Medical devices; Digital Health,https://www.aevice.com/,
Noodle Factory,2018,11 - 50,Seed,Education; AI,Learning Platform; E-Learning; chatbot; AI; Edtech,https://www.noodlefactory.ai/,
StaffAny,2018,1 - 10,Seed,Enterprise Solutions,,https://www.staffany.com/,
Jules,2017,1 - 10,Pre-series A,Education,Gamification; Learning Platform; E-Learning; 21st Century skills; Computational Thinking; Digital Literacy; preschool,https://www.juleszone.com/,
Performance Rotors,2016,11 - 50,Pre-series A,Aerospace; AI; Maritime; Marine & Offshore; Robotics,Drones; Confined Space Inspection ; Non-GPS; Thickness Measurement; NDT; UAV,https://performance-rotors.com/,
Crowbar,2016,,Pre-seed,Enterprise Solutions,Legal Tech; Human Resources,,
iWonder,2018,1 - 10,Seed,Media; Education; Infocomm Tech; Entertainment,Video Streaming; E-Learning; Learning Platform; Music & Podcasts,https://iwonder.com/,
iimafix,2017,1 - 10,Seed,Education; E-Commerce; Real Estate,"Blockchain, productivity, algorithm, geolocation, home repair, mobile app, commoditise, price efficiency, productivity; handyman, education, lifeskills",https://www.iimafix.com/,
DDIY,2018,11 - 50,Pre-seed,Retail; AI; Real Estate; Urban Solutions; Lifestyle,Home & Living; Facilities Management; Planning & Design; Urban Living; Smart Cities,http://www.dd-iy.com,
Value3,2018,1 - 10,Seed,AI; Fintech; SaaS; Data Analysis; Big Data,Risk Management; Asset Management; credit rating; credit research; robo advisory; chatbot; machine learning; Natural Language Processing; Deep Tech,https://www.value3-advisory.com/,
Stretchskin Technologies,2018,,Pre-seed,Medtech,,https://www.privicu.com/,
Burst Learning,2017,1 - 10,Pre-seed,Education; AI; Blockchain,Edtech; Learning Platform; E-Learning,https://burstlearning.ai/,
Sinfootech,2018,,Pre-seed,Agritech,,http://sinfootech.com/,
Aersure,2018,1 - 10,Pre-seed,Aerospace; Transport; E-Commerce; Supply Chain & Logistics; Cloud,Aviation; logistics; Air Freight; E-Commerce; cross-border; Shipping ; B2C; last-mile; SaaS; Automation,https://www.aersure.com,
Robin.AI,2018,,Pre-seed,Enterprise Solutions,,https://www.hirerobin.ai/,
TALCYON PTE. LTD.,2017,,Pre-seed,,,http://www.talcyon.com/,
Doctor Anywhere,2016,,Series B,Healthcare Services,,https://doctoranywhere.com/,
PAYX ASIA PTE. LTD.,2018,11 - 50,Pre-seed,Fintech; Enterprise Solutions,Knowledge Management; Banks; Payments,http://www.payxintl.com,
SMART SOLUTION(S) PTE. LTD.,2016,1 - 10,Seed,,,http://www.smarts.sg,
Oncoshot,2018,1 - 10,Seed,Healthcare Services,cancer clinical trials healthcare,https://www.oncoshot.com/,
EMULYA FINTECH PTE. LTD.,2018,,Pre-seed,,,,no webpage found
OTOMOBIRU PTE. LTD.,2018,1 - 10,Pre-seed,Transport; AI; Enterprise Solutions; Data Analysis; Big Data,automotive ecosystem; machine learning; digital twin ,http://www.otomobiru.com,
FEYTH PTE. LTD.,2017,1 - 10,Pre-seed,AI; Manufacturing & Engineering; IoT; Data Analysis; Big Data,Prescriptive maintenance,,
Digital Commerce Intelligence,2018,11 - 50,Seed,AI; E-Commerce; Data Analysis; Big Data,eCommerce Market Share; Commercial AI ; data,https://dci.ai,
Newton's Meter,2017,1 - 10,Pre-seed,Industrial Electronics; AI; Consumer Electronics; Others; IoT,Accident and Emergency; Elder Care; Hotline; SOS; Road safety; Skip and Fall safety; Women’s Safety; Kids Safety; Artificial intelligence; Big Data,https://www.newtonsmeter.com,
GENETECH BIOTECHNOLOGY PTE. LTD.,2018,,Pre-seed,,,,
ZAPPGEN TECHNOLOGIES PTE. LTD.,2018,1 - 10,Pre-seed,Infotech; E-Commerce; Enterprise Solutions; Cloud; Big Data,appdevelopment ; websitedevelopment; crm; ecommerce; webapps,https://zappgen.com,
PROPRE PTE. LTD.,2017,11 - 50,Pre-seed,AI; Real Estate; Others; Data Analysis; Big Data,#PropTech; #realestatetechnology; #futureofrealestate; #propertydatabase; #realestatedatabase; #globalpropertyguide; #globalrealestate; #investmentdata; #propertydataanalysis; #realstateanalysis,https://propre.com/,
PIGGYBACK PTE. LTD.,2018,1 - 10,Pre-seed,Retail; E-Commerce; Supply Chain & Logistics; Urban Solutions; Lifestyle,delivery; transport; logistics; community marketplace; Platform; small businesses; E-Commerce; excess; Food Packaging; Waste Management,http://www.piggyback.sg,
WHIZZSTAR TECHNOLOGIES PTE. LTD.,2018,1 - 10,Pre-seed,Infotech; Enterprise Solutions; IoT; Data Analysis,"Data Analytics, IT System Integrator",http://whizzstar.com,
KVP-SOLUTION PTE. LTD.,2018,1 - 10,Pre-seed,E-Commerce; Others; Cloud,digital; Marketing,http://kvp-solution.com,
SEAPLUS INFONAUTICS PTE. LTD.,2017,,Pre-seed,,,https://www.seaplusinfonautics.com,
SEESAME PTE. LTD.,2021,1 - 10,Pre-seed,Infotech; AI; Fintech; Enterprise Solutions; Data Analysis,#AI; Personal Finance; Customer Relationship Management,https://www.kiitos.app,
DATATURNER PTE. LTD.,2026,1 - 10,Pre-seed,AI; Enterprise Solutions; Infocomm Tech; SaaS; Big Data,ai agents; agents; Enterprise; query; wholesale; F&B,http://dataturner.io,
SPACE ARMOUR PTE. LTD.,2024,1 - 10,Pre-seed,Aerospace; AI; Others,Space Technology,https://spacearmour.io/,
OMMU PTE. LTD.,2025,1 - 10,Pre-seed,AI; Food & Beverage; Travel & Hospitality; Enterprise Solutions; SaaS,Artificial intelligence; Generative AI / LLM; Natural Language Processing (NLP); Food & Beverage (F&B); Hospitality Tech; enterprise software; Software as a Service (SaaS); operational intelligence; workflow automation; Data Analytics,https://ommu.ai,
QRUNCHI PRIVATE LIMITED,2026,1 - 10,Pre-seed,Food & Beverage; Food Manufacturing & Processing,Food; Breakfast; snack; Cereal; Granola; Zero sugar; Traditional Chinese Medicine; TCM,https://qrunchigranola.com/,
STATGRAF RESEARCH PTE. LTD.,2025,1 - 10,Pre-seed,Semiconductor; Aerospace; Industrial Electronics; AI; Robotics,,https://stagraf.com/,
CARECAM PTE. LTD.,2022,1 - 10,Pre-series A,Medtech; AI; Digital Health; Healthcare,Medical devices; Geriatrics; Neurology; Musculoskeletal; Orthopedics; Routine care,https://carecam.ai,
LARK TECHNOLOGIES PTE. LTD.,2018,,Pre-seed,Enterprise Solutions; SaaS,,https://www.larksuite.com/,based on internet checks
RE-POLY3D PTE. LTD.,2025,1 - 10,Pre-seed,Precision Engineering; E-Commerce; Cleantech; Manufacturing & Engineering; Hardware,3D Printing; Pollution Control; Recycling; Waste Technology; Waste Management; Cleaning Technology; Materials & Processes,https://re-poly3d.com/,
JUST DABAO PTE. LTD.,2020,1 - 10,Pre-seed,Food & Beverage; E-Commerce; Lifestyle; Data Analysis,food waste; market place; Sustainability; budget friendly; Mobile Application; discount; rescue food; surplus food; food and drinks; unsold food,https://justdabao.com/,
SUSTAINABLE AI PTE. LTD.,2025,1 - 10,Pre-seed,AI; Enterprise Solutions,Sustainability; AI; consulting ,https://sustainable-ai.sg/,
ALTRONIS PTE. LTD.,2026,1 - 10,Pre-seed,Infotech; AI; Enterprise Solutions; Manufacturing & Engineering; Cloud,"Natural Language Processing, Knowledge Management, Customer Relationship Management, Systems Development, Application Development, SaaS, Data Analysis, Big Data, Risk Management, Cyber Security",https://altronis.sg,
FORENSIGHTS PTE. LTD.,2025,1 - 10,Pre-seed,AI; Others; Data Analysis; Big Data,Cyber Security; Data Analysis,https://forensights.com/,
Haulio Pte Ltd,2016,11 - 50,Pre-series A,Supply Chain & Logistics,Haulage; Cargo; Container Haulage,http://www.haulio.io/,
Gluu Life Pte Ltd,2017,1 - 10,Pre-seed,Telecom,Sharing Economy; Communication Systems,http://www.gluu.life,
Speedoc,2017,101 - 200,Series A,Healthcare Services; Digital Health; AI; Healthcare; IoT,Medical devices; Diagnostics; MedTech; Primary Care; Specialist Care; Digitised Health Systems; Health Analytics; Telemedicine; Mobile Health; Tertiary Care,https://www.speedoc.com/,
ESCO REGENERATIVE MEDICINE PTE. LTD.,2016,Above 200,Pre-seed,Medtech,,http://escoventures.com,
F&B SMART AUTOMATION SYSTEMS PRIVATE LIMITED,2016,1 - 10,Pre-seed,Food & Beverage,,,
MAGMASOFT,2016,,Pre-seed,Precision Engineering,,https://www.magmasoft.com.sg/en/,
SWISS HEALTH VENTURES PTE. LTD.,2020,1 - 10,Pre-seed,Complementary Health Products,Medical devices; Telemedicine; Health Analytics; Digitised Health Systems,https://alethia-life-sciences.jimdofree.com/,
STEP SURGICAL SOLUTIONS PTE. LTD.,2020,1 - 10,Pre-seed,Medtech,Surgery; Medical devices; Hospital; Instruments; Laproscopy; Endoscopy,https://www.trendlines.com/company/step/,
CELLWAVE TECHNOLOGIES PTE. LTD.,2019,1 - 10,Seed,Medtech; Biotech,Microbiology; molecular diagnostics; molecular medicine; precision medicine,http://www.cellwavetech.com,
GRANDVIEW HEALTHCARE PTE. LTD.,2020,1 - 10,Pre-seed,Digital Health; Healthcare Services; Enterprise Solutions; Healthcare; IoT,Digitised Health Systems; Health Analytics; Primary Care; Tertiary Care; Mobile Health; Intermediate and Long Term Care; Real-Time Location Systems; Indoor Position Systems; Patient Safety; operational efficiency,https://www.gvkinetics.com,
MyrLabs,2018,1 - 10,Pre-seed,IoT; Robotics,,http://www.myrmidonlaboratories.com/,
PURPOSE PERFORMANCE WEAR PTE. LTD.,2016,1 - 10,Pre-seed,Retail; Complementary Health Products; E-Commerce; Lifestyle; Manufacturing & Engineering,E-Commerce; Sports; apparels; Fashion; Athleisure; Sportswear,https://purpose.asia,
APPLIEDCHEMSG PTE. LTD.,2019,1 - 10,Pre-seed,Precision Engineering; Retail; Healthcare; Manufacturing & Engineering,Surface Coating; AM; 3D Printing; Jewellery; CAD,https://www.appliedchemsg.com,
BITDATA DIGITAL TECH PTE. LTD.,2019,11 - 50,Series A,Fintech; Blockchain,Cryptocurrency; Personal Finance; Trading; Finance; Investing; Anti-Money Laundering; Cyber Security; Payment Systems; Risk Management,https://www.bitex.sg/,
TruTrip,2019,11 - 50,Pre-seed,Travel & Hospitality; Enterprise Solutions; SaaS,travel; Travel Management; Risk Management,https://trutrip.co,
EMIT TECHNOLOGY GLOBAL PTE. LTD.,2020,,Pre-seed,,,https://www.tenxbrands.com/,
CARNET TECHNOLOGY PTE. LTD.,2019,1 - 10,Seed,E-Commerce,An Apps that provides a peace of mind for car owners when comes to their cars maintenance and repair.,https://www.facebook.com/sgislandwide,
K9 CONNECTION PTE. LTD.,2020,1 - 10,Pre-seed,Education; Urban Solutions; Lifestyle,"security solutions, pet solutions",http://www.k9connectionsg.com,
BEAMSTART,2016,1 - 10,Pre-seed,Media; Infotech; Events; SaaS; Data Analysis,Social Media; News; startup; Business; networking; Community; events; Jobs; Funding; Invest,https://beamstart.com,
HEALTHDR PTE. LTD.,2020,,Pre-seed,,,,no webpage found
ALIENA PTE. LTD.,2018,1 - 10,Seed,Aerospace; Manufacturing & Engineering; IoT; Data Analysis; Big Data,Space Technology,http://www.aliena.sg,
ECHOVENTO PTE. LTD.,2019,11 - 50,Pre-seed,Cleantech,Solarpower Cleantech ,https://www.facebook.com/impactechos,
UNISTOP TECH PTE. LTD.,2020,1 - 10,Pre-seed,Retail; AI; E-Commerce; Robotics,E-Commerce; Robotics,http://www.unistoptech.com,
PERSPECTIVES DESIGN PTE. LTD.,2016,1 - 10,Pre-seed,Events; Others; Data Analysis; AR/VR,MICE; Planning & Design; AR/VR; 3D Rendering,https://www.perspectives.com.sg/,
PANZER TECHNOLOGY PTE. LTD.,2017,1 - 10,Pre-seed,Retail; Enterprise Solutions; Lifestyle; Blockchain; IoT,Systems Development; Application Development; Communication Systems; Web Development; Content Hosting; SaaS; Facilities Management; Social Media; hospitality management,https://www.panzertech.com/,
GENG YUN TECHNOLOGY PTE. LTD.,2020,1 - 10,Pre-seed,Consumer Electronics; Manufacturing & Engineering; Cloud; Big Data; Hardware,ssd; test; pc; Cloud; nvme,http://pynv.me,
V360PROPERTY (SINGAPORE) PTE. LTD.,2017,,Pre-seed,,,https://v360property.com,
WERMTECH.ASIA PTE. LTD.,2020,1 - 10,Pre-seed,Education; Agritech; E-Commerce; Others,Insect Farming; Agritech; livefeeder; enrichment; Education,https://www.wermsinc.com/,
SAVOUR NETWORK PTE. LTD.,2020,11 - 50,Pre-seed,Retail; Events; E-Commerce; Food & Beverage; Enterprise Solutions,E-Commerce; MICE,https://www.savourapp.co,
VIRGATE PTE. LTD.,2020,1 - 10,Pre-seed,AI; Real Estate; Big Data,Cloud,,
PLOT-Z PTE. LTD.,2021,1 - 10,Pre-seed,AI; Real Estate; Enterprise Solutions; SaaS; Big Data,Planning & Design; Legal Tech; Data Analysis; Green Building Technology; Natural Language Processing; Recomendation Engine; SaaS; Data Warehouse,https://www.plot-z.co/,
FACTOREM PTE. LTD.,2020,1 - 10,Pre-seed,Precision Engineering; AI; Supply Chain & Logistics; Enterprise Solutions; Manufacturing & Engineering,Materials & Processes; 3D Printing; CNC Machining; Sheet Metal Fabrication; Surface Coating,https://www.factorem.co/,
AGILE COUNSEL,2019,1 - 10,Pre-seed,Others,Startup Counsel; Venture Capital; Global Expansion; Technology; M&A,https://agilecounsel.com/,
Quest,2020,11 - 50,Pre-seed,E-Commerce; Infocomm Tech; Lifestyle; SaaS; Big Data,gig; freelance; quest; tasking; Services; marketplace; students,https://quest-inc.co,
STAPLE AI PTE. LTD.,2018,11 - 50,Pre-seed,AI; Fintech; Enterprise Solutions; Supply Chain & Logistics,Data Analysis; data capture; OCR; Automation,https://staple.io,
1NURSE.COM PTE. LTD.,2021,11 - 50,Seed,Healthcare Services; E-Commerce; SaaS; Data Analysis,all nurses are here,https://www.1nurse.com/,
COACHVANTAGE PRIVATE LIMITED,2021,1 - 10,Pre-seed,Education; SaaS,coaching; SaaS; online courses; practice management software; Customer Relationship Management,https://www.coachvantage.com,
ZERO WASTE CITY PTE. LTD.,2019,1 - 10,Pre-seed,Food & Beverage; Pharmaceutical; Supply Chain & Logistics; Manufacturing & Engineering; Food Manufacturing & Processing,Waste Management; Food Packaging; Smart & Sustainable Packaging,https://zerowastecity.com/,
CHOCO UP SG PTE. LTD.,2020,11 - 50,Seed,E-Commerce; Fintech; Others; SaaS; Data Analysis,FinTech,https://choco-up.com/,
watchTowr,2020,1 - 10,Pre-seed,Infotech; AI; Infocomm Tech; SaaS,Cyber Security; SaaS,https://www.watchtowr.com,
LILI SG PTE. LTD.,2020,1 - 10,Pre-seed,Adtech; AI; E-Commerce; Data Analysis; Big Data,Consumer & Marketing Analytics; Digital Marketing; Data Analysis,https://lilisg.com,
360GREEN PTE. LTD.,2021,1 - 10,Pre-seed,Fintech; Urban Solutions; Cleantech; Blockchain,#carbon #CarbonNeutral #CarbonNegative #forestry #carbonmarkets #carboncredits #conservation #blockchain; Cleaning Technology; Renewable Energy,https://www.360green.io,
ProfilePrint,2018,11 - 50,Pre-seed,Agritech; AI; Supply Chain & Logistics,Rapid Testing Kits,https://theProfilePrint.com,
SCIKEY,2020,Above 200,Seed,Infotech; AI; Enterprise Solutions; SaaS; Big Data,SaaS; Human Resources; Systems Development; Web Development; Application Development,https://www.scikey.ai/,
CLICKS PTE. LTD.,2021,1 - 10,Pre-seed,Infotech; Real Estate; Infocomm Tech; SaaS,SaaS; Social Networking; Social Media; real estate; proptech,https://clicks.realestate,
AIRBRILS,2021,1 - 10,Pre-seed,Telecom; Infocomm Tech; Blockchain; IoT,Cryptocurrency; Distributed Wireless; WiFi-6/6E; nb-iot; edge computing; Blockchain; global; 5G,https://www.airbrils.com,
SMARTROOMS PTE. LTD.,2020,1 - 10,Pre-seed,SaaS,#remotework #innovation #SaaS,https://www.thesmartrooms.co,
KITESENSE PTE. LTD.,2021,1 - 10,Pre-seed,Education; SaaS; Data Analysis,E-Learning; Learning Platform; Edtech,https://www.kitesense.sg,
AISON PTE. LTD.,2020,1 - 10,Pre-seed,Precision Engineering; Retail; E-Commerce; Enterprise Solutions; Infocomm Tech,A.I.; Deep Tech; deep learning; Computer Vision; Automation; Cleantech; Ocular; Agritech; Cloud A.I.; Precision Engineering,http://www.aison.sg,
ITAKEJOB PTE. LTD.,2018,1 - 10,Pre-seed,Food & Beverage; Enterprise Solutions; Others,Human Resources,https://itakejob.com/,
CONNECT VISION PTE. LTD.,2020,1 - 10,Pre-seed,Media; Telecom; Events; Infocomm Tech,Video Streaming; live video production; Video conferencing; audience engagement,https://www.connectvision.sg,
INTERCHAIN PTE. LTD.,2021,1 - 10,Pre-seed,Fintech; Enterprise Solutions; Supply Chain & Logistics; Blockchain; SaaS,SaaS,http://www.interchainpte.com,
ALL NATURE THINGS PTE. LTD.,2021,11 - 50,Pre-seed,AI; Real Estate; Supply Chain & Logistics; Urban Solutions; IoT,Green Building Technology; Facilities Management; Commercial Real Estate; Corporates; hospitality; digital twin ; landscaping; biophilia; Planning & Design,https://www.getnaturethings.com,
NALURI THERAPEUTICS PTE. LTD.,2019,51 - 100,Series A,Healthcare Services; Digital Health; Healthcare,Digitised Health Systems; Health Analytics; Telemedicine; Mobile Health,https://www.naluri.life/,
MUSTARD PTE. LTD.,2021,1 - 10,Pre-seed,Media; Retail; Enterprise Solutions; Data Analysis; Cloud,Growth Marketing; Consumer & Marketing Analytics; Digital Marketing; E-Commerce; Social Networking; Business Consultancy; Growth Hacking; No-code; Digital Transformation; operations,https://www.growthmustard.com,
RED2 DIGITAL SOLUTIONS PTE. LTD.,2020,1 - 10,Pre-seed,Media; Others,Social Media,https://red2digitalsolutions.com.sg/,
SYNECTIFY PTE. LTD.,2020,1 - 10,Pre-seed,Infotech; Blockchain,FinTech; carbon markets; Sustainability; Renewable Energy,https://www.synectify.com,
LONGWAY A.I. TECHNOLOGIES PTE. LTD.,2018,1 - 10,Pre-seed,AI; Enterprise Solutions; Healthcare; Manufacturing & Engineering; Data Analysis,AI; monitoring; inspection; predictive model; fall prevention; ai chip; Security; face recognition; Data Analysis,https://www.longwayai.com/,
BIOLOGIC TECHNIK PRIVATE LIMITED,2019,,Pre-seed,,,https://biologic.com.sg/,
AI HUB SINGAPORE (PTE. LTD.),2018,11 - 50,Pre-seed,AI; SaaS; Data Analysis,Video Processing; Natural Language Processing; Data Analysis; SaaS; AI,https://www.aihub.sg,
KARDIA WORLD PTE. LTD.,2021,11 - 50,Pre-seed,Retail; E-Commerce; Real Estate; Enterprise Solutions; AR/VR,Planning & Design; E-Commerce; MICE; 3D Rendering; AR/VR,https://www.kardiaworld.com,
Phasio,2021,1 - 10,Pre-seed,Manufacturing & Engineering,3D Printing,https://phas.io,
BLUEFUTURE TECH PTE. LTD.,2021,11 - 50,Pre-seed,Fintech; Infocomm Tech; SaaS; Big Data,Crowdfunding; Insurtech; P2P Lending; Anti-Money Laundering; Personal Finance; Investing; Cryptocurrency; Payment Systems; Trading; Risk Management,http://www.aseal.asia,
SAASWORX PTE. LTD.,2020,1 - 10,Pre-seed,Infotech; E-Commerce; Enterprise Solutions; Infocomm Tech; IoT,SaaS; Application Development; Customer Relationship Management; Web Development,https://saasworx.sg/,
ALPHA IMPACT VENTURES PTE. LTD.,2021,1 - 10,Pre-seed,Blockchain,Social Media,https://alphaimpact.fi,
BUZZ ARVR PTE. LTD.,2018,,Pre-seed,,,,
AILYTICS PTE. LTD.,2021,1 - 10,Seed,AI; Real Estate; Enterprise Solutions; IoT; Data Analysis,AI; video analytics; Consturction Technology; Construction Safety; Construction Productivity; deep learning,https://www.ailytics.ai,
NUTRIIENT PTE. LTD.,2020,1 - 10,Pre-seed,Food Science and Technology,Diabetic Care; Health Supplements,https://nutriient.sg/,
APROXY PTE. LTD.,2021,1 - 10,Pre-seed,Medtech; Biotech; Healthcare; Nanotechnology,In Vitro Diagnostics (IVD); Life Science Tools; point-of-care; decentralized testing; Rapid Testing Kits,https://aproxy.tech/,
STELLAR AI HOLDINGS PTE. LIMITED,2021,1 - 10,Pre-seed,AI; Fintech; Enterprise Solutions; Big Data,AI; Artificial intelligence; AI Bot; AI Voice Bot; AI Chat Bot,https://stellar-ai.sg,
JOMIJA WORLD PTE. LTD.,2021,1 - 10,Pre-seed,Media; Gaming; Events; Entertainment; AR/VR,Gaming; AR/VR; Culture; Art,https://mindtourism.com,
REWARDLY PTE. LTD.,2021,11 - 50,Pre-seed,E-Commerce; Fintech; Infocomm Tech; Lifestyle; Data Analysis,Loyalty Programmes; Customer Relationship Management; Payment Systems; ecommerce,https://www.rewardly.sg,
NEWTON SERVICES RESEARCH PTE. LTD.,2019,11 - 50,Seed,Adtech; AI,E-Commerce; Recomendation Engine; Natural Language Processing,https://www.delvify.ai,
SCHOLIST PTE. LTD.,2021,,Pre-seed,,,https://scholist.io/,
SPARKLEHAZE INNOVATIONS PTE. LTD.,2021,1 - 10,Pre-seed,AI; Digital Health; Travel & Hospitality; IoT,Data Analysis; Big Data; SaaS; Consumer Electronics; Telemedicine,https://www.sparklehaze.com,
Nxfin,2021,11 - 50,Seed,AI; Fintech; Others; Big Data,FinTech; Lending; purposeful borrowing; credit; AI/ML; consumer intent; used cars; preowned vehicles; supply chain financing ; Risk Management,https://www.nxfin.in,
INDEPENDENT RESERVE SG PTE. LTD.,2019,,Pre-seed,,,https://www.independentreserve.com.sg/,
ARTICARES PTE. LTD.,2017,,Pre-seed,Medtech; Healthcare,,,
SCG CELL THERAPY PTE. LTD.,2017,,Pre-seed,Medtech; Biotech,,https://www.scgcell.com/,based on internet checks
CAMBRIDGE SENSING PTE. LTD.,2017,,Pre-seed,Manufacturing & Engineering,,,
VFLOWTECH PTE. LTD.,2018,,Pre-seed,Cleantech,,,
AUM BIOSCIENCES PTE. LTD.,2018,,Pre-seed,Biotech; AI,,http://aumbiosciences.com/,
HEALTHBEATS PTE. LTD.,2018,1 - 10,Pre-seed,Medtech; Healthcare; Cloud,,https://www.healthbeats.co/,
RESYNC TECHNOLOGIES PTE. LTD.,2017,11 - 50,Series A,AI; Cleantech; IoT; Cloud,Green Building Technology; Sustainability; Artificial intelligence; Cleantech; Built environment; energy efficiency; @Digitalisation; Eco Monitoring Technologies,https://www.resynctech.com,
OPLENTIA PTE. LTD.,2017,,Pre-seed,Semiconductor; AI; IoT,,,
NUBE TECH PTE. LTD.,2016,,Pre-seed,Enterprise Solutions; SaaS; Data Analysis; Cloud,,,
MFUN TECHNOLOGY PTE. LTD.,2018,,Pre-seed,Entertainment; Blockchain,,https://mfun.io/,
ZENSUNG SINGAPORE PTE. LTD.,2017,,Pre-seed,,,http://www.zensung.com,
WOEX PTE LTD,2019,,Pre-seed,Medtech; Healthcare; Robotics,,,
PFIBRE PTE LTD,2020,,Pre-seed,Urban Solutions,,https://pfibre.com,based on internet checks
Mycotech Pte. Ltd.,2018,,Pre-seed,Biotech; Urban Solutions,,,
MYCASH ONLINE (SG) PTE. LTD.,2019,,Pre-seed,Fintech,,https://mycashsg.com/,based on internet checks
FathomX,2019,1 - 10,Pre-series A,Medtech; AI; Digital Health,Medical Imaging; Medical devices; Diagnostics,http://fathomx.co,
Holosuit Pte Ltd,2018,,Pre-seed,Infotech; AR/VR,,https://www.holosuit.com/,based on internet checks
Allozymes Pte Ltd,2019,11 - 50,Pre-seed,Biotech,Genetic Engineering,https://www.allozymes.com/,
360 HealthTech Pte. Ltd.,2020,,Pre-seed,Infotech; Healthcare,,https://www.360health.tech,based on internet checks
Beep Technologies Pte Ltd,2018,11 - 50,Pre-seed,Fintech; Enterprise Solutions; IoT; SaaS,Payment Systems,https://beepbeep.tech,
Photonicity Pte Ltd,2019,,Pre-seed,Others; Hardware,,https://www.photonicity.com/,based on internet checks
NumuWorld,2020,,Pre-seed,Enterprise Solutions,,https://numuworld.com/en/,based on internet checks
NuSpace Pte Ltd,2018,1 - 10,Pre-seed,Aerospace; IoT,Space Technology; Satellite Communications,https://www.nuspace.sg,
Continale Medical Pte Ltd,2018,,Pre-seed,Medtech,,,
AyzerSense Technology Pte Ltd,2018,,Pre-seed,Medtech,,,no webpage found
SPEEDCARGO TECHNOLOGIES PTE. LTD.,2020,1 - 10,Pre-seed,AI; Robotics,Robotics,https://www.speedcargo.sg,
Grandtechnik Pte Ltd,2019,,Pre-seed,Biotech,,https://www.grandtechnik.com/,based on internet checks
SEALED NETWORK PTE. LTD.,2019,,Pre-seed,Infotech,,,no webpage found
INOVATYV PTE. LTD.,2019,1 - 10,Pre-seed,Enterprise Solutions,Software development; Application Development; UI/UX Design,https://inovatyv.com,
I.O.T. Workz Pte Ltd,2018,,Pre-seed,IoT; Hardware,,https://www.iotworkz.sg,
Wego Technologies Pte Ltd,2018,,Pre-seed,Travel & Hospitality,,https://www.wego.com,based on internet checks
Eko.AI Pte Ltd,2017,,Pre-seed,AI; Healthcare,,,
NUCLEUS HEALTH PTE. LTD.,2018,,Pre-seed,Healthcare,,https://nucleus-health.com/,based on internet checks
MY AONE LEARNING PTE. LTD.,2021,11 - 50,Seed,Education; Enterprise Solutions; SaaS; Cloud,Learning Platform; E-Learning; SaaS; Customer Relationship Management,https://AOneSchools.com,
PRIVYR PTE. LTD.,2018,11 - 50,Pre-seed,SaaS,SaaS,https://www.privyr.com,
DRIZZLIN MEDIA PTE. LTD.,2020,,Pre-seed,,,https://www.drizzlin.com/,
GLYPH TECHNOLOGIES PTE. LTD.,2021,1 - 10,Pre-seed,Infotech,Digital Marketing,https://www.glyph.social/,
TEA-LAB PTE. LTD.,2021,1 - 10,Pre-seed,Food & Beverage; E-Commerce; IoT; Cloud; Robotics,Social Networking; SaaS; emerging retail technology; Vending Machine,http://www.tea-lab.online,
WASNA PTE. LTD.,2021,1 - 10,Pre-seed,Food Science and Technology; Biotech; Agritech; Pharmaceutical,Alternative Protein; Wound Care,https://www.wasna.co,
ETHEREAL TECH PTE. LTD.,2018,51 - 100,Pre-seed,Blockchain; Cloud,Blockchain; Cloud; Computing; AI; Big Data; Technology; green energy,http://www.bitfufu.com,
TRRANSFER TECHNOLOGIES PTE. LTD.,2021,1 - 10,Pre-seed,Transport; Travel & Hospitality; Urban Solutions; SaaS,Mobility; ground transportation; travel; corporate travel,http://www.trransfer.com,
WIMERA SYSTEMS PTE. LTD.,2022,1 - 10,Pre-seed,IoT,Machinery & Systems,https://www.wimerasys.com,
SEEWORTHY PTE. LTD.,2021,1 - 10,Pre-seed,Marine & Offshore; Maritime; AR/VR,AR/VR,https://www.seeworthy.io,
HYPERNET PTE. LTD.,2020,11 - 50,Pre-seed,Fintech; Enterprise Solutions; Blockchain,Payment Systems; Anti-Money Laundering; mon,https://www.onehypernet.com/,
ORIGIN HEALTH PTE. LTD.,2020,1 - 10,Pre-seed,AI,Medical Imaging,https://www.originhealth.ai/,
ANGIE'S TEMPEH PTE. LTD.,2020,11 - 50,Seed,Food Science and Technology; Food & Beverage; Food Manufacturing & Processing,Food; plant protein; Sustainability; Sustainable Crops; Vegan,https://angiestempeh.com,
KENZAP PTE. LTD.,2020,1 - 10,Pre-seed,E-Commerce; Food & Beverage; Fintech; SaaS; Cloud,Cloud,http://kenzap.com,
EDUWEAVE TECHNOLOGIES PTE. LTD.,2021,1 - 10,Pre-seed,Education,Education; SaaS; Learning Platform,https://eduweave.com/,
IMPACFAT PTE. LTD.,2022,1 - 10,Pre-seed,Food Science and Technology; Biotech; Food Manufacturing & Processing,Alternative Protein,https://www.impacfat.com/,
MILESTONE EDU TECH PTE. LTD.,2021,1 - 10,Pre-seed,Education; Fintech,Personal Finance; Investing; E-Learning,http://www.milestone.sg,
DIGITAL LIFE LINE PTE. LTD.,2021,1 - 10,Pre-seed,Medtech; Digital Health; Healthcare,Medical devices; Diagnostics; Life Science Tools; In Vitro Diagnostics (IVD),https://digital-lifeline.com/,
FINIAC PTE. LTD.,2020,1 - 10,Pre-seed,Medtech,"Portable Head Scanner, Microwave Medical Imaging",https://www.finiac.io,
THOUGHTFULL WORLD PTE. LTD.,2019,11 - 50,Seed,Digital Health; Healthcare Services,Digitised Health Systems; Health Analytics; Mobile Health; mentalheath,https://www.thoughtfull.world/,
HEURE,2019,,Pre-seed,,,https://heurebeauty.com/,
ONWARD HEALTH RESEARCH PTE. LTD.,2019,1 - 10,Pre-seed,Digital Health,Clinical Trials; Clinical Research; Digital Health; Decentralized Clinical Trials; Biotechnology; pharmaceuticals; SaaS; SaMD; Software as a Medical Device; AI,https://www.onwardhealthresearch.com/,
GENESIS ONE TECH FARM PTE. LTD.,2019,1 - 10,Pre-seed,Lifestyle; Food Manufacturing & Processing,"Urban Farming, ; Hi-Tech Farming; Indoor farming",http://www.gofarm.sg,
AGROHUB PTE. LTD.,2020,1 - 10,Pre-seed,Data Analysis; Big Data,Precision Agriculture,https://agrohub.ag/,
LingoAce,2020,,Pre-seed,Education; Infotech,,https://www.lingoace.com/,based on internet checks
Aspire,2019,,Pre-seed,Fintech,,,
BigPay,2018,,Pre-seed,Fintech; Infocomm Tech,,,
Sky Mavis PTE. LTD,2019,,Pre-seed,Infocomm Tech; Blockchain,,,
"Lightnet Co., Ltd.",2018,,Pre-seed,Fintech; Blockchain,,https://www.lightnet.io/,based on internet checks
Velox Digital Singapore Pte. Ltd.,2018,,Pre-seed,Others,,https://www.velox-digital.com/,based on internet checks
MULTIVERSE LABS PTE. LTD.,2021,,Pre-seed,Gaming; AI; Blockchain,,https://multiverselabs.com/,based on internet checks
QAPITA FINTECH PTE. LTD.,2019,,Pre-seed,Fintech; SaaS,,,
TONIK FINANCIAL PTE. LTD.,2018,,Pre-seed,Fintech,,,
ABILLION PTE. LTD.,2017,,Pre-seed,Infocomm Tech; Urban Solutions,,https://www.abillion.com,based on internet checks
MULTIPLIER TECHNOLOGIES PTE. LTD.,2020,,Pre-seed,Fintech; SaaS,,,
BELIEVE PTE. LTD.,2020,,Pre-seed,Retail; Complementary Health Products; Lifestyle,,,
CLEAN EARTH TECHNOLOGIES LTD.,2019,,Pre-seed,Urban Solutions; Cleantech,,https://cleanearth.tech/,based on internet checks
MONK TECH LABS PTE. LTD.,2019,,Pre-seed,Others; SaaS,,https://thehousemonk.com,based on internet checks
FLYFARM SINGAPORE PTE. LTD.,2021,,Pre-seed,Agritech; Urban Solutions,,,
CLEVAI PTE. LTD.,2020,,Pre-seed,Education; AI,,https://clevai.edu.vn/,based on internet checks
TAZAPAY PTE. LTD.,2020,,Pre-seed,Infotech; Fintech; Cloud,,,
BICONOMY LABS PTE. LTD.,2019,,Pre-seed,Infotech; Blockchain,,,
OPULOUS PTE. LTD.,2021,,Pre-seed,Entertainment; Lifestyle; Blockchain,,https://opulous.org/,based on internet checks
FLEXOSENSE PTE. LTD.,2016,,Pre-seed,Healthcare; Lifestyle; Robotics,,,no webpage found
VARTEL PTE. LTD.,2016,,Pre-seed,Education; AR/VR,,,no webpage found
Ento Pte. Ltd.,2019,,Pre-seed,Food & Beverage,,,no webpage found
Reach52,2016,,Pre-seed,,,https://reach52.com/,
ADYA HEALTH PTE. LTD.,2021,1 - 10,Pre-seed,Digital Health; Healthcare,Digital Therapeutics,https://www.adya.care,
LITTLE WALLET PTE. LTD.,2022,1 - 10,Pre-seed,Education; Fintech,Crowdfunding; P2P Lending; Trading; Personal Finance; Cryptocurrency; Payment Systems; Anti-Money Laundering; Insurtech; Investing; Risk Management,https://www.littlewallet.co,
LUNARPUNK PTE. LTD.,2021,1 - 10,Pre-seed,Fintech; Enterprise Solutions; Blockchain; Cloud,Systems Development; Web Development; Application Development,https://lunarpunk.xyz,
FIZZ LIFE PTE. LTD.,2022,1 - 10,Pre-seed,Food Science and Technology; Food & Beverage; E-Commerce; Pharmaceutical; Food Manufacturing & Processing,Health Supplements; E-Commerce,https://fizzhydration.com/,
MASCHINE TECHNOLOGY PTE. LTD.,2018,1 - 10,Pre-seed,AI; Robotics,AI 3D imaging ; underbed 3D imaging ,https://www.maschinetech.com/,
WORKFUTUR PTE. LTD.,2022,1 - 10,Pre-seed,AI; Enterprise Solutions; SaaS; Data Analysis; Big Data,Human Resources; Data Science; machine learning; Future of Work; HRMS; scoring; rating; matching; prediction; model,https://www.workfutur.com/,
INTERNATIONAL PAYMENTS IDENTITY (IPID) PTE. LTD.,2021,,Pre-seed,,,https://ipid.tech/,
MARTIDE,2021,11 - 50,Pre-seed,Maritime; Marine & Offshore; SaaS,crewing,https://www.martide.com,
FARADAI PRIVATE LIMITED,2022,11 - 50,Pre-seed,Enterprise Solutions; Others; IoT; Data Analysis; Cloud,Sustainability; energy efficiency; net zero; Faradai Energy  ; Faradai Sustain  ; Energy & Sustainability Intelligence  ; IoT,https://faradai.ai/,
1COOL PTE. LTD.,2021,,Pre-seed,,,https://www.1coolsg.com,
FAZZ FINANCIAL GROUP PTE. LTD.,2019,Above 200,Series B,Fintech,Payment Systems,https://fazz.com/,
SEATOBAG PTE. LTD.,2018,1 - 10,Pre-seed,Food Science and Technology; Biotech; Agritech; Food & Beverage; Food Manufacturing & Processing,aquaculture; Livestock; Food Packaging; biotech; Disease Management; Functional Feed Additive; Smart & Sustainable Packaging,https://www.seatobag.com,
FABAFOOD PTE. LTD.,2021,1 - 10,Pre-seed,Food Science and Technology; E-Commerce; Food & Beverage; Food Manufacturing & Processing,Alternative Protein; Food Packaging; Smart & Sustainable Packaging; E-Commerce; Sustainability; Direct to Consumer; functional food,https://fabafood.co/,
ADVANCED MICROGRID SOLUTIONS PTE. LTD.,2021,1 - 10,Pre-seed,Cleantech,Renewable Energy,http://www.advancemicrogrids.com,
ELYON INFINITE PTE. LTD.,2022,1 - 10,Pre-seed,Infotech; AI; Data Analysis,Content Hosting; Application Development; Web Development; SaaS; Digital Marketing; Planning & Design; Data Analysis,https://minmei.tech/,
ARTHA SOLUTIONS PTE. LTD.,2020,1 - 10,Pre-seed,AI; Fintech; Data Analysis,"SME Credit, SME Financing, Credit Assessment, Lending Platform",https://arthacredit.com/,
CYGIENIC PTE. LTD.,2021,1 - 10,Pre-seed,Infocomm Tech; SaaS,Cyber Security; Risk Management,https://www.cygienic.com,
METAPAI PTE. LTD.,2022,1 - 10,Pre-seed,AI; Fintech; Blockchain; SaaS,agent skill; Cyber Security; Big Data; Risk Management,https://metapai.sg,
PROSHOP PTE. LTD.,2022,1 - 10,Pre-seed,E-Commerce; SaaS; Data Analysis,SaaS; E-Commerce; Data Analysis,https://www.grotech.id/,
ADVANCED BIO MACHINES PTE. LTD.,2016,,Pre-seed,,,https://safe.menlosecurity.com/https://abmrc.com/about/,
VIV PTE. LTD.,2022,11 - 50,Pre-seed,Fintech; Enterprise Solutions; Blockchain; SaaS; Data Analysis,Payment Systems; Cryptocurrency; Crowdfunding; Risk Management; Personal Finance; Trading,https://www.viv.com/,
BORRIES PTE. LTD.,2021,,Pre-seed,,,https://borriestech.com/,
AI SHOPHOUSE PTE. LTD.,2022,1 - 10,Pre-seed,Education; AI,Artificial intelligence; Learning Platform,http://www.aishophouse.com,
LUUCID PRIVATE LIMITED,2022,1 - 10,Pre-seed,SaaS; AR/VR,AR/VR; SaaS; saa,https://www.luucid.sg/,
ASIA DEAL HUB PTE. LTD.,2019,11 - 50,Pre-seed,Enterprise Solutions; Data Analysis,Green Building Technology; Big Data; Consumer & Marketing Analytics,http://www.asiadealhub.com,
DAS UMBRELLA PTE. LTD.,2020,11 - 50,Pre-seed,Retail; E-Commerce,Social Media; E-Commerce; Digital Marketing; Consumer & Marketing Analytics,https://dasumbrella.com/,
PRECISION GENOMICS BIOTECHNOLOGY (SINGAPORE) PTE. LTD.,2020,11 - 50,Pre-seed,Biotech,In Vitro Diagnostics (IVD),http://www.pg-bio.com,
MONSTRE PTE. LTD.,2022,1 - 10,Pre-seed,Education; Enterprise Solutions; Blockchain,Blockchain; web3,https://shop.monstre.net/,
SOFISH TECHNOLOGY PTE. LTD.,2022,1 - 10,Series B,Gaming,Gaming,https://www.sofish.com,
CRUQO PTE. LTD.,2022,1 - 10,Pre-seed,E-Commerce; Travel & Hospitality,E-Commerce; Payment Systems; Big Data; MICE,https://www.cruqo.com,
STREET PTE. LTD.,2016,,Pre-seed,,,,no webpage found
21 UNITED HOLDINGS PTE. LTD.,2019,,Pre-seed,,,,
VIVO SURGICAL PRIVATE LIMITED,2018,,Pre-seed,,,https://www.vivo-surgical.com,
BLOCKCHAIN SOLUTIONS PTE. LTD.,2016,,Pre-seed,,,https://blockchainsg.com,based on internet checks
QANEMATE PTE. LTD.,2017,,Pre-seed,,,,
VIITAR PTE. LTD.,2018,,Pre-seed,,,https://www.viitar.com/,based on internet checks
ADAZAL PRIVATE LIMITED,2020,,Pre-seed,,,,
CLEANEDGE WATER PTE. LTD.,2020,,Pre-seed,,,,
SHOPJJ PTE. LTD.,2017,,Pre-seed,,,,
SILVERSEA MEDIA (S) PTE. LTD.,2017,,Pre-seed,,,https://www.silversea-media.com/,based on internet checks
XCTUALITY PTE. LTD.,2018,,Pre-seed,,,,
NEEV ENERGY PTE. LTD.,2020,,Pre-seed,,,,
ENVICOM PTE. LTD.,2019,1 - 10,Pre-seed,Urban Solutions; Nanotechnology,Thin film wall paper like insulation made from recycled PET bottles,https://www.envicom.com.sg/,
INC. EQUALITY VENTURES PTE. LTD.,2019,,Pre-seed,,,,
NAVOZYME PTE. LTD.,2017,,Pre-seed,,,,
BUILD38 ASIA PACIFIC PTE. LTD.,2019,,Pre-seed,,,,
ONKOLYZE PTE. LTD.,2018,,Pre-seed,,,https://www.onkolyze.com,based on internet checks
EIKO TECHNO CORPORATION PTE. LTD.,2020,,Pre-seed,,,,
RESON8 CREATIVE PTE. LTD.,2018,,Pre-seed,,,https://reson8.asia,based on internet checks
OMNI APP SOLUTIONS PTE. LTD.,2018,,Pre-seed,,,https://omniappsolutions.com/,based on internet checks
SMART REVISE PTE. LTD.,2017,,Pre-seed,,,,no webpage found
TAI HE ELECTRONICS TRADING PTE. LTD.,2017,11 - 50,Pre-seed,Retail; Consumer Electronics; E-Commerce,#Traders,http://www.taiheelectronics.com,
VBS PTE. LTD.,2017,,Pre-seed,,,,no webpage found
VISIONTECH PTE. LTD.,2018,,Pre-seed,,,,
ENERGEIA TECHNOLOGIES PTE. LTD.,2017,,Pre-seed,,,,
EASYSTOCKUPS PTE. LTD.,2020,,Pre-seed,,,https://easystockups.com/,based on internet checks
SHENTON WIRE PTE. LTD.,2018,,Pre-seed,,,,
MY LEARN ZONE PTE. LTD.,2020,,Pre-seed,,,,no webpage found
AUTOLIFETECH PTE. LTD.,2020,,Pre-seed,,,https://autolifetech.com,based on internet checks
ZEALTHLIFE PTE. LTD.,2020,,Pre-seed,AI; Healthcare,,,
SKYBIT PTE. LTD.,2018,,Pre-seed,Fintech; Blockchain,,,no webpage found
EASTERN BLU SERVICES PTE. LTD.,2020,,Pre-seed,Others,,https://www.easternblu.com,based on internet checks
QAPITA PTE. LTD.,2018,,Pre-seed,Fintech; SaaS,,https://www.qapita.com/,based on internet checks
MVL FOUNDATION PTE. LTD.,2018,,Pre-seed,Others; Blockchain,,,
AMPVERSE PTE. LTD.,2019,,Pre-seed,Gaming; Entertainment,,https://www.ampversegroup.com,based on internet checks
AWESOME CONTAINER COMPANY PTE. LTD.,2020,,Pre-seed,Supply Chain & Logistics; Infocomm Tech,,,no webpage found
SPARES CNX PTE. LTD.,2019,,Pre-seed,Infotech; Maritime,,,
HONEST FINANCIAL TECHNOLOGIES INTERNATIONAL PRIVATE LIMITED,2019,,Pre-seed,Fintech,,https://www.honest.co.id/en,based on internet checks
WISE EGG PTE. LTD.,2019,,Pre-seed,Fintech,,,
Vauld,2019,,Pre-seed,Fintech; Blockchain,,,
QUINCUS PTE. LTD.,2018,101 - 200,Pre-seed,Transport; AI; Supply Chain & Logistics,Data Analysis; Big Data; Navigation; SaaS,https://www.quincus.com/,
GIGACOVER PTE. LTD.,2016,,Pre-seed,Others,,,
GENERAL PROTOCOLS PTE. LTD.,2019,,Pre-seed,Fintech; Blockchain,,,no webpage found
POLEMOS LABS PTE. LTD.,2021,,Pre-seed,Gaming; Blockchain,,https://polemos.io,based on internet checks
TALENTX AI PTE. LTD.,2020,,Pre-seed,Infotech; AI,,,
HANDPRINT TECH PTE. LTD.,2019,,Pre-seed,Infotech; Urban Solutions; Cleantech; SaaS,,,
ENTOBEL HOLDING PTE. LTD.,2018,,Pre-seed,Biotech; Agritech,,https://www.entobel.com/,based on internet checks
ORDEREZ PTE. LTD.,2019,,Pre-seed,Food & Beverage; SaaS,,,
ARCADE2BIT PTE. LTD,2022,,Pre-seed,,,https://www.arcade2bit.com,
FasRap,2019,,Pre-seed,,,https://www.fasrap.com/,
BEYOND BYND PTE. LTD.,2021,1 - 10,Pre-seed,Aerospace; Precision Engineering; Semiconductor; Industrial Electronics; Manufacturing & Engineering,3D Printing; Machinery & Systems; Space Technology; Robotics; Semiconductor; Consumer Electronics; Materials & Processes; Aviation; Drones; Medical devices,https://www.beyondbynd.com,
TEAMSOLVE PTE. LTD.,2022,1 - 10,Pre-seed,Enterprise Solutions; Infocomm Tech; SaaS; Data Analysis,Knowledge Management; Digital Transformation; Robotic Process Automation; Artificial intelligence; conversational ai,http://teamsolve.com,
THE SINGAPORE WHEELCHAIR PTE. LTD.,2022,1 - 10,Pre-seed,E-Commerce; Healthcare,Medical devices,https://thesingaporewheelchair.com/,
DALGONA TECHNOLOGIES PTE. LTD.,2020,,Pre-seed,AI; Others,,,no webpage found
ALICE LABS PTE. LTD.,2018,,Pre-seed,Infotech; AI; SaaS,,https://www.myalice.ai/,based on internet checks
MUGGLES PTE. LTD.,2021,,Pre-seed,Fintech; Blockchain,,,
KILDE PTE. LTD.,2019,,Pre-seed,Fintech,,,
CHAINSTACK PTE. LTD.,2018,,Pre-seed,,,https://chainstack.com/,based on internet checks
SIMPLEJOBS PTE. LTD.,2018,,Pre-seed,,,https://simplejobs.io/,based on internet checks
ENABLE & GROW CYBER LABS PTE. LTD.,2020,,Pre-seed,,,,
POLARIS INFOSEC PTE. LTD.,2019,,Pre-seed,,,,
VIRTUAL LABS PTE. LTD.,2020,,Pre-seed,,,,
ZEEVES PTE. LTD.,2020,,Pre-seed,,,https://zeeves.com/,based on internet checks
APPILEARN PTE. LTD.,2019,,Pre-seed,,,https://sgprimary.org/,based on internet checks
NATUREPACK PTE. LTD.,2018,,Pre-seed,,,,
UNBOUNDIVATE PTE. LTD.,2020,,Pre-seed,,,,
MOBKOI ASIA PTE. LTD.,2018,,Pre-seed,,,,
ZWEEC SECURTEC PTE. LTD.,2016,,Pre-seed,,,https://zweec.com/,based on internet checks
GISTER PRIVATE LIMITED,2016,,Pre-seed,,,,no webpage found
FURPAL PTE. LTD.,2020,,Pre-seed,,,https://www.furpal.co,based on internet checks
CREDITAI PTE. LTD.,2019,,Pre-seed,,,,
SPACIAL VISION PTE. LTD.,2018,,Pre-seed,,,,
MARINAX PTE. LTD.,2019,,Pre-seed,,,,
IMMORTALIZE PTE. LTD.,2018,1 - 10,Pre-seed,Infotech; E-Commerce; Enterprise Solutions; Others; Big Data,E-Commerce; Data Analysis; Big Data; SaaS; Legal Tech,https://immortalize.io,
SANSEVIERIAS PTE. LTD.,2022,1 - 10,Pre-seed,Robotics,robo; Consumer Electronics; 3D Printing; Learning Platform; Genetic Engineering; Autonomous Vehicles,https://www.sansevierias.com,
CONS SERVICES PTE. LTD.,2020,1 - 10,Pre-seed,Healthcare Services; Infocomm Tech; Manufacturing & Engineering,AI; Data Analysis; Machinery & Systems; Robotics,https://www.consservices.net/,
ROSTER PTE. LTD.,2022,1 - 10,Pre-seed,Media; AI; Entertainment; Others,Digital Marketing; Consumer & Marketing Analytics; Social Media,http://joinroster.co/,
EAS.AI PTE. LTD.,2017,11 - 50,Pre-seed,AI; Enterprise Solutions; Infocomm Tech; Data Analysis; Big Data,Big Data; Data Analysis,https://www.eas-ai.com/,
KEYOORS PTE. LTD.,2022,1 - 10,Pre-seed,Real Estate; SaaS; Cloud,Customer Relationship Management; Cloud; Payment Systems; SaaS,https://www.keyoors.com,
GO N SAVE PTE. LTD.,2021,1 - 10,Pre-seed,AI; Fintech; Data Analysis,Personal Finance,,
BIT COMPUTING PTE. LTD.,2022,1 - 10,Pre-seed,AI,ai agents; ai agent-generated content for social media; Social Media; opencordai; AIGC,https://www.opencord.ai,
MONOLITH PTE. LTD.,2019,1 - 10,Pre-seed,Precision Engineering; Retail; Manufacturing & Engineering; IoT; Hardware,#PolishingTools #Manufacturing #Engineering #Design #Innovation #CustomPolishingTools,https://www.monolith.sg,
ELAFI TECHNOLOGIES PTE. LTD.,2023,1 - 10,Pre-seed,Blockchain; SaaS,SaaS; Cryptocurrency,https://elafi.io,
THE NEW LUNCHER PTE. LTD.,2017,,Pre-seed,,,https://theschoolgrocer.com/,based on internet checks
NANO TECHNOLOGIES PTE. LTD.,2020,,Pre-seed,,,,
HAPPYEASYGO GROUP PTE. LTD.,2016,,Pre-seed,,,https://www.happyeasygo.com/,based on internet checks
CAPITAL C CORPORATION PTE. LTD.,2017,,Pre-seed,,,https://capc.com.sg,based on internet checks
ENDOSIQ TECHNOLOGY PTE. LTD.,2019,,Pre-seed,,,https://www.trendlines.com/portfolio/endosiq,
FBXO INDUSTRY PTE. LTD.,2020,,Pre-seed,,,,
MEMSIFT INNOVATIONS PTE. LTD.,2018,,Pre-seed,,,https://memsift.com/,based on internet checks
T-BOT TECHNOLOGIES PTE. LTD.,2020,,Pre-seed,,,,
SHOPMATIC HOLDINGS PTE. LTD.,2016,,Pre-seed,,,https://goshopmatic.com/,based on internet checks
PYXIS MARITIME PTE. LTD.,2020,,Pre-seed,,,,
AIMORRA TECHNOLOGY PTE. LTD.,2020,,Pre-seed,,,https://aimorra.com.sg/,
FYZANT PHARMA PTE. LTD.,2020,1 - 10,Pre-seed,Biotech,"biotech, research, antibody drugs",http://www.fyzant.com,
AJOURNEY TECHNOLOGIES PTE. LTD.,2022,1 - 10,Pre-seed,,,https://ajourney.io,
JBT TECHNOLOGY PTE. LTD.,2017,,Pre-seed,,,,
HYBRID EVENTS PTE. LTD.,2022,1 - 10,Pre-seed,Media; Gaming; Events; Lifestyle; Others,Video Streaming; Digital Marketing; Video Processing; Media,https://hybridevents.show,
BRAIN & FITNESS PTE. LTD.,2020,1 - 10,Pre-seed,Healthcare Services; Others,,https://www.sparkdfitness.com/,
CYBERJET PTE. LTD.,2022,1 - 10,Pre-seed,Infocomm Tech,telecommunication; Network Service,https://www.cyberjet.app/,
LEV HOLDINGS PTE. LTD.,2021,1 - 10,Pre-seed,Transport,Electric Vehicles,https://autovecto.xyz,
CROWDSERVE PTE. LTD.,2022,1 - 10,Pre-seed,Events; Entertainment; Lifestyle; Blockchain; Data Analysis,Data Analysis; Systems Development; Gamification; Loyalty Programmes; Payment Systems; Trading,https://www.crowdserve.xyz/,
GOODIE TECHNOLOGY PTE. LTD.,2021,1 - 10,Pre-seed,,,https://www.goodiewholesale.com,
CANLAH TECH PTE. LTD.,2022,11 - 50,Pre-seed,E-Commerce,E-Commerce,https://www.canlah.com,
PBRAIN PTE. LTD.,2017,1 - 10,Pre-seed,AI; SaaS; Data Analysis; Cloud,Generative AI; AI Chatbots,https://pbrain.biz,
TEEMUNO PTE. LTD.,2022,11 - 50,Pre-seed,Adtech; AI; Enterprise Solutions; SaaS; Cloud,"AI, Marketing, ",http://gimmefy.ai,
ASIA NGR PTE. LTD.,2022,,Pre-seed,,,,no webpage found
VOLTADE PTE. LTD.,2023,1 - 10,Pre-seed,AI; Enterprise Solutions,ChatGPT; consulting ; custom built; Customer Relationship Management; Sales,https://voltade.com,
J|S BROD PRIVATE LIMITED,2018,1 - 10,Pre-seed,AI; Enterprise Solutions; Infocomm Tech; Cleantech; IoT,Systems Development; Application Development; Eco Monitoring Technologies,https://jsbrod.com,
METAGETX PTE. LTD.,2021,1 - 10,Pre-seed,Gaming; E-Commerce; Events; Lifestyle; Blockchain,Loyalty Programmes; Digital Marketing; Blockchain; ecommerce,http://www.metagetx.io,
DREAMFELLAS PTE. LTD.,2022,1 - 10,Pre-seed,Media,Social Media; Publication; events,https://www.dreamfellas.com,
MARKET4GAMERS PTE. LTD.,2021,11 - 50,Pre-seed,Gaming; E-Commerce,Gaming  Gamers  MarketPlace ,https://playswap.gg/,
LINETYPE PTE. LTD.,2023,1 - 10,Pre-seed,E-Commerce; Enterprise Solutions; Lifestyle; Others; Big Data,Planning & Design; Web Development; Data Analysis; Big Data,https://linetype.co/,
SITICO GLOBAL PRIVATE LIMITED,2016,,Pre-seed,,,,no webpage found
MEDICAL DEPARTURES (SINGAPORE) PTE. LTD.,2016,,Pre-seed,,,https://www.medicaldepartures.com,based on internet checks
PPLINGO PTE. LTD.,2016,,Pre-seed,,,https://www.lingoace.com/,based on internet checks
WHITECHALK PTE. LTD.,2017,1 - 10,Pre-seed,,Cloud computing; Data Analytics; Artificial intelligence,https://surer.sg/,based on internet checks
SOFTGRIDINC PTE. LTD.,2017,11 - 50,Seed,AI; Urban Solutions; IoT; Big Data,lift safety monitoring; IoT; Smart City; AI+IoT,https://www.softgridinc.com,
Advantir Innovations,2018,1 - 10,Pre-seed,Food & Beverage; Food Manufacturing & Processing,Food & Beverage; Lifestyle; Food Manufacturing & Processing,http://www.swirlgo.com/,
Postal Connection,2018,1 - 10,Pre-seed,Supply Chain & Logistics,Platform; Aggregator; Supply Chain & Logistics,https://postco.com.my/,
bantu,2017,1 - 10,Pre-seed,Lifestyle,Platform; Lifestyle,https://www.bantu.life/,
RED DOT ANALYTICS PTE. LTD.,2016,11 - 50,Pre-seed,AI; Cleantech; IoT; Data Analysis; Cloud,Artificial intelligence; Green Building Technology; Cleaning Technology; Emission Control; digital twin ; Data center,https://rda.ai/,
BTTRIGTICAL PTE. LTD.,2016,1 - 10,Pre-seed,Biotech,Biotech,,
Timeliss,2017,1 - 10,Pre-seed,Others,Software; Services,https://www.timeliss.com,
Engage Nova,2018,1 - 10,Pre-seed,Enterprise Solutions; IoT; AR/VR; Robotics,Inventory Management; logistics; Smart Manufacturing; Smart Warehouse; Smart Factory; Field Service,http://www.engagenova.com/,
WE Crowdfunding,2016,1 - 10,Pre-seed,Fintech,Crowdfunding; P2P Lending,,
Pro-Health Water Technologies,2017,1 - 10,Pre-seed,Cleantech,Water Treatment,,
Uilicious,2016,1 - 10,Pre-seed,Enterprise Solutions; Infocomm Tech; SaaS; Cloud,Developer Tools; Software Testing,https://uilicious.com/,
Schoolber,2016,1 - 10,Pre-seed,Transport; Supply Chain & Logistics; IoT; SaaS; Cloud,Ride Sharing; IoT; fleet management; transport,https://www.schoolber.com.sg,
LIVFRESH,2018,1 - 10,Pre-seed,Agritech; Urban Solutions; Lifestyle,Smart Farming; fresh food; hydroponics; Home & Living; Recirculating Systems; Organic Farming; Controlled Environment Agriculture,http://livfresh.net/,
Ardency,2018,,Pre-seed,E-Commerce,,https://ardency.io/,based on internet checks
RentHero,2017,1 - 10,Pre-seed,Real Estate,rental management; Rental ; rent,https://renthero.com.sg/,
Fadeev Agro Asia,2018,,Pre-seed,Agritech,,https://fagro.io/,
Sophie's BioNutrients,2017,1 - 10,Seed,Food Science and Technology; Agritech; Urban Solutions,Alternative Protein,https://sophiesbionutrients.com/,
AGI TECHNOSYS PTE. LTD.,2018,1 - 10,Pre-seed,AI; Marine & Offshore; IoT; Data Analysis; AR/VR,Data Analysis; AR/VR; Application Development; Extraction Technology; Knowledge Management; Natural Language Processing; 3D Printing; Video Streaming; SaaS; Video Processing,https://www.agitechnosys.com,
Sampingan,2018,11 - 50,Seed,Enterprise Solutions,Data Collection; Field Survey; Acquisition; Sales Service; Field Support; Field Agent,https://www.sampingan.co.id/,
Seppure,2018,11 - 50,Series A,Semiconductor; Agritech; Pharmaceutical; Food Manufacturing & Processing; Nanotechnology,SEPPURE is the sustainable solution to industrial chemical separations,https://seppure.com/,
M-DAQ,2018,11 - 50,Series C,Fintech,,http://www.m-daq.com,
GREENARC CAPITAL PTE. LTD.,2016,11 - 50,Seed,Fintech,Impact Investment,https://www.greenarccapital.com,
Synchestra,2017,1 - 10,Pre-seed,Education; Fintech; Enterprise Solutions,Insurtech; Personal Finance; Customer Relationship Management; Knowledge Management,https://www.synchestra.com/,
RegPac Revolution,2017,,Pre-seed,,,https://www.regpac.com/,
KroniKare,2017,,Pre-seed,Medtech,,https://www.kronikare.ai/,
RealEstateDoc,2017,11 - 50,Seed,Real Estate; Blockchain; SaaS,#redoc.co; #saas; #digitalcontracts ; #clm; #cpq; smartdocuments; salestool,https://realestatedoc.co/,
Osome Pte. Ltd.,2017,11 - 50,Pre-series A,Fintech; Cloud,accounting; Incorporation; corporate secretary; acra; employment agency; chatbot,https://osome.com,
WAFERLEAD PTE. LTD.,2019,,Pre-seed,,,https://waferlead.com,based on internet checks
TECHNOPONICS PTE. LTD.,2018,1 - 10,Pre-seed,Biotech; Agritech; Cleantech,Integrated Vertical Organic Farming,http://www.linkedin.com/in/clive-c-342a0010b,
APTAGRIM CONSULTING PTE. LTD.,2018,11 - 50,Seed,AI; Data Analysis; Cloud; Big Data; AR/VR,machine learning; Data Science; Artificial intelligence;  Data Analytics; Human Resources,https://www.aptagrim.com/,
SENSORLA PTE. LTD.,2016,11 - 50,Seed,AI; Real Estate; IoT; Robotics,Facilities Management; proptech,http://www.sensorla.co,
SASSBOOK AI PTE. LTD.,2020,1 - 10,Pre-seed,Adtech; Media; Education; AI; SaaS,Automated Content Generator; Artificial intelligence; Natural Language Generation; AI Writing; Digital Content Automation,https://sassbook.com,
AUGMENTUS PTE. LTD.,2019,1 - 10,Pre-seed,Robotics,Automation,https://www.augmentus.tech,
CELLIVATE TECHNOLOGIES,2019,1 - 10,Pre-seed,Food Science and Technology; Biotech; Agritech; Healthcare; Nanotechnology,#cell-culture #cells #clean meat ,http://www.cellivate.xyz,
GETMARKED PTE. LTD.,2019,1 - 10,Pre-seed,Education; AI; Enterprise Solutions; SaaS; Data Analysis,Automation; marking; grading; marker; grader; automated marking system,https://digitaliser.getmarked.ai,
NAVIGATE COMMODITIES PTE. LTD.,2020,1 - 10,Pre-seed,Data Analysis; Big Data,Commodity; Data Analytics; Data Visualization; Big Data; Steel; Iron Ore; Scrap; Metallics; Metallurgical Coal,https://www.navigatecommodities.com,
STAYR PTE. LTD.,2020,1 - 10,Pre-seed,Travel & Hospitality; Infocomm Tech; Data Analysis; Cloud; Big Data,stayr; bythehour; microstay; microstays; Hotels; hotel,https://getstayr.com/welcome,
WHATSDOC INTERNATIONAL PTE. LTD.,2020,1 - 10,Pre-seed,Medtech; Digital Health; Healthcare Services; Pharmaceutical; Healthcare,Telemedicine; telehealth; Digital Health; Healthtech,https://www.hiwhatdoc.com,
XION.AI PTE. LTD.,2018,11 - 50,Pre-seed,AI; Fintech; Enterprise Solutions,"Tax, Accounting, Bookkeeping",https://www.xibo.sg,
SOLAR AI TECHNOLOGIES PTE. LTD.,2020,1 - 10,Pre-seed,AI; Enterprise Solutions; Cleantech; SaaS; Big Data,AI; Solar; climatetech; Cleantech; renewables; Big Data; SaaS; rooftop solar,https://getsolar.ai,
IUIGA TECHNOLOGIES PTE. LTD.,2016,,Series A,,,https://www.iuiga.com/,
MVLLABS PTE. LTD.,2018,,Series A,,,https://tada.global/,
SMPLRSPACE PTE. LTD.,2019,,Pre-seed,,,,
GEOMETRID ASIA PTE. LTD.,2017,1 - 10,Pre-seed,Real Estate; Enterprise Solutions; Supply Chain & Logistics; Urban Solutions; SaaS,Construction; real estate; Supply Chain; logistics; Smart City,https://www.geometrid.com,
ASCENT INNOVATIONS PTE. LTD.,2020,1 - 10,Pre-seed,Urban Solutions; Manufacturing & Engineering; Hardware,"Bicycles, Bicycle wheels, Mini Velo, Road Bike",https://www.ascent-bikes.com,
WICKORIGIN PTE. LTD.,2019,1 - 10,Pre-seed,Infotech; E-Commerce; Infocomm Tech,E-Commerce,https://www.wickadvisor.com,
ATHENA & TULLY PTE. LTD.,2020,1 - 10,Pre-seed,Education; SaaS,Education; Edtech; SaaS; Software; teachers; E-Learning; students; lms,https://paper.koco.com.sg/home,
PAY WITH SPLIT PTE. LTD.,2018,1 - 10,Seed,Fintech,,https://paywithsplit.co/,
USERTIP PRIVATE LIMITED,2020,1 - 10,Pre-seed,Education; Enterprise Solutions; SaaS,Digital Adoption Platform; Digital Transformation; Customer Success; client success; SaaS,https://www.usertip.com/,
PROTEONA PTE. LTD.,2017,1 - 10,Pre-seed,Biotech; AI; Pharmaceutical; Healthcare; Data Analysis,Single Cell Analysis Genomcs Proteomics Oncology Immunology AI Data,https://www.proteona.com,
QUESERA ANALYTICS PTE. LTD.,2019,11 - 50,Pre-seed,Infotech; Others; Data Analysis,CX; Customer Experience; Online2Offline,https://www.quesera.sg,
NOVISCIENT PTE. LTD.,2016,1 - 10,Pre-series A,AI; Fintech; Data Analysis,#investment management; #asset management; #machine learning,https://www.noviscient.com,
EMO TECHNOLOGIES PTE. LTD.,2018,,Pre-seed,,,https://www.emotechnologies.com/,
FIGMENT,2019,11 - 50,Pre-seed,Real Estate; Travel & Hospitality; Urban Solutions; Lifestyle,Home & Living; Facilities Management; Planning & Design,https://www.figment.live,
VITA VERIFICATION PTE. LTD.,2020,11 - 50,Pre-seed,Enterprise Solutions; SaaS; Data Analysis,Human Resources,https://majuhr.com,
ONCOTEC PTE. LTD.,2020,1 - 10,Pre-seed,Medtech; Healthcare Services; Pharmaceutical; Healthcare,In Vitro Diagnostics (IVD); Oncology; Precision Medicine; Companion Diagnostics,http://www.oncotec.com.sg,
KARANA,2018,1 - 10,Seed,Food Science and Technology; Agritech; Food & Beverage; Food Manufacturing & Processing,Alternative Protein; Regenerative Agriculture; Biodiversity; Agritech,http://www.eatkarana.com,
HOMEAUTO SOLUTIONS PTE. LTD.,2020,1 - 10,Pre-seed,Complementary Health Products; Consumer Electronics; IoT; Hardware,#smarthome; #homeautomation; #smartoffice; #smartcare,http://www.homeauto.com.sg,
RUSHOWL SINGAPORE PTE. LTD.,2018,11 - 50,Seed,Transport; AI; Travel & Hospitality; Supply Chain & Logistics; Big Data,Ride Sharing; Transportation; Smart Cities,https://www.rushowl.sg/,
FREDS PRODUCE PTE. LTD.,2020,,Pre-seed,,,https://fredsproduce.com,
TWO ALPHA PTE. LTD.,2019,11 - 50,Pre-seed,AI; Fintech; SaaS,Risk Management; AI-driven solution; intelligent trading algorithms; Investing; Trading,http://www.algomerchant.com,
PROGNOIX PTE. LTD.,2018,1 - 10,Pre-seed,Medtech; Digital Health,Medical devices; Diagnostics; Urology; erectile dysfunction,https://www.prognoix.com,
UNIQTECH ENTERTAINMENT PTE. LTD.,2020,1 - 10,Pre-seed,Gaming; Events; Entertainment; AR/VR; Robotics,Drones; MICE; Robotics,http://www.d1.sg,
SURPRISEME PTE. LTD.,2020,1 - 10,Pre-seed,Education,E-Commerce; Big Data,http://surpriseme.sg,
FRAXTOR PRIVATE LIMITED,2017,1 - 10,Pre-seed,Fintech; Real Estate; Travel & Hospitality; Blockchain,Crowdfunding; Trading; Investing; proptech; private equity; Exchange; Dealing in Securities; Collective Investment Schemes,https://www.fraxtor.com/,
JOBSHINE PTE. LTD.,2019,1 - 10,Pre-seed,Infotech; AI; E-Commerce; Data Analysis,Blue collar jobs ; virtual job assistant; hrtech; recruitment; Front line jobs,http://www.jobshine.sg,
SOOORYA EV PTE. LTD.,2017,1 - 10,Pre-seed,,Electric Vehicles; Last Mile Transportation ,http://www.sooorya.com/,
PI.EXCHANGE SINGAPORE PTE. LTD.,2019,11 - 50,Pre-seed,AI; Enterprise Solutions; SaaS; Data Analysis; Big Data,AI; SaaS; FinTech; machine learning; Predictive Analytics; Knowledge Management; AutoML; Data Science; Big Data; Data Analysis,https://pi.exchange,
IMME VR PTE. LTD.,2017,,Pre-seed,,,https://www.revir.co/,
STAG MATCH LEARNING CENTRE PRIVATE LIMITED,2019,,Pre-seed,,,https://smet.edu.sg/,
Bifrost,2019,1 - 10,Pre-seed,Transport; AI; Manufacturing & Engineering; Data Analysis; Robotics,Autonomous Vehicles; Video Processing; synthetic data; Artificial intelligence; video analytics; Image Recognition,https://bifrost.ai,
CRAFT HEALTH PTE. LTD.,2019,1 - 10,Pre-seed,Pharmaceutical; Healthcare,3D Printing; nutraceuticals; pharmaceuticals; formulation; drug delivery; controlled release,https://www.crafthealth.me,
RTISTIQ PTE. LTD.,2019,1 - 10,Pre-seed,E-Commerce; Lifestyle; Blockchain; IoT; AR/VR,ArtTech; AR/VR; Art Investment; Blockchain; NFC; marketplace; Art Authentication; Art Collection; machine learning,https://art.rtistiq.com,
YOUADME PTE. LTD.,2018,11 - 50,Seed,Media; Retail; Lifestyle,Social Media; Social Networking,https://youadme.com/,
Ryalize,2019,1 - 10,Pre-seed,Fintech; Enterprise Solutions; Big Data,Personal Finance; Financial Welness; Employee Benefit; Salary on Demand; financial services; Financial Wellbeing ; Rewards; flexible pay; dailypay,http://www.ryalize.com,
MERACLE PTE. LTD.,2018,1 - 10,Pre-seed,Medtech; Digital Health; Healthcare; IoT,Asthma; Respiratory conditions; COPD,https://www.meraclehealth.com/,
NEXUS FRONTIER TECH (ASIA) PTE. LTD.,2019,101 - 200,Seed,AI; Fintech,Intelligent Automation; Unstructured Data; Natural Language Processing; Application Development; Regtech; machine learning; Anti-Money Laundering; KYC; AI Integration; Document Processing,https://nexusfrontier.tech,
DISTRICT COLLECTIVE PTE. LTD.,2018,1 - 10,Pre-seed,Retail; E-Commerce,E-Commerce; Retail,https://bydistrict.com,
IDEM LABS PTE. LTD.,2016,1 - 10,Pre-seed,Travel & Hospitality; Enterprise Solutions; SaaS; Cloud,Hotels,https://www.idemhospitality.com,
SAFFRON SYSTEMS PTE. LTD.,2019,1 - 10,Pre-seed,Aerospace; Agritech; SaaS; Robotics,Agritech; dronetech; lasertech; AutoHaWeT; Blockchain; bigdata; autonomous; AI; UAS; Robotics,http://www.kambyan.net,
FINCHAT TECHNOLOGY PTE. LTD.,2016,,Pre-seed,,,http://finchat.tech/,
IOSCHOOLS PTE. LTD.,2019,1 - 10,Pre-seed,Education; SaaS,EduTech; Edtech; SaaS; Education,https://ioschools.com,
KENT RIDGE LABORATORIES PTE. LTD.,2018,1 - 10,Pre-seed,Medtech; Biotech; Complementary Health Products; Healthcare,Medical devices; Wound Care; General and Plastic Surgery; Orthopedics; Life Science Tools,https://www.kentridgelabs.com,
WAANGOO TRADING PTE. LTD.,2019,,Pre-seed,,,https://www.waangoo.com/,
OODA (S) PTE. LTD.,2021,1 - 10,Pre-seed,Retail; E-Commerce,#groupbuy; #host,,no webpage found
DESKIMO PTE. LTD.,2021,11 - 50,Seed,Real Estate; SaaS,Facilities Management; SaaS,http://www.deskimo.com,
OMNISTREAM PTE. LTD.,2017,,Pre-seed,,,http://www.omnistream.co,
BETTERDATA PTE. LTD.,2021,1 - 10,Pre-seed,AI; Enterprise Solutions; Cloud; Big Data,privacy; synthetic data; data privacy,https://www.betterdata.ai/,
BuyLeft,2021,1 - 10,Pre-seed,Enterprise Solutions; Supply Chain & Logistics; Urban Solutions; Cleantech; SaaS,b2b; Sustainabilty; Data Warehouse; assetsharing,https://buy-left.com,
AIRDELY TECHNOLOGIES PTE LTD,2018,1 - 10,Pre-seed,Supply Chain & Logistics; Others,"Fly and Earn , Save to delivery ",http://Airdely.com,
EYEYAH! LTD.,2017,,Pre-seed,Education,,https://eyeyah.com/,based on internet checks
EMSOCIETY PTE LTD,2018,,Pre-seed,Education,,,
ZETL PTE. LTD.,2019,11 - 50,Seed,Fintech,Financing; Lending; Invoice financing; Revenue-based Financing; Funding; payroll,https://www.zetl.com,
GLANCE TECHNOLOGIES SINGAPORE PTE. LTD.,2021,11 - 50,Pre-seed,Education; AI; Enterprise Solutions; Infocomm Tech; Big Data,freelance; Jobs; talent matching; EduTech,http://www.glance.sg,
POSITIVE ENERGY PTE LTD,2016,,Pre-seed,Infocomm Tech,,https://positiveenergylimited.com,based on internet checks
OneAgrix PTE. LTD.,2018,,Pre-seed,E-Commerce; Food & Beverage,,https://www.oneagrix.com/,based on internet checks
Neutron,2018,1 - 10,Pre-seed,Media,Seed,,no webpage found
VERE.360 Pte Ltd,2018,,Pre-seed,Education; AR/VR,,,no webpage found
INTERVIEWER.AI PTE. LTD.,2018,,Pre-seed,AI,,https://interviewer.ai,based on internet checks
Advanced Micro Foundry Pte Ltd,2017,,Pre-seed,Infotech; Manufacturing & Engineering,,,
Avirtech Pte. Ltd.,2016,,Pre-seed,Agritech; IoT,,,
Potato play PTE. LTD.,2018,11 - 50,Pre-seed,Gaming; Infotech; Infocomm Tech,Mobile Gaming; IAP; Ad Monetization; Game publishing,https://potatoplay.com,
TablePointer Pte Ltd,2019,,Pre-seed,AI; IoT,,https://www.tablepointer.com/,based on internet checks
Mednefits,2018,,Pre-seed,Enterprise Solutions,,https://www.mednefits.com,based on internet checks
ZETTABYTE PTE. LTD.,2016,,Pre-seed,,,,
SKYBLUE NANOTECHNOLOGY (PTE. LTD.),2016,,Pre-seed,,,,no webpage found
EDUCLO PTE. LTD.,2016,,Pre-seed,,,,
ADZYMIC PTE. LTD.,2017,,Pre-seed,,,,
STERLING NUTRITION PTE. LTD.,2017,,Pre-seed,,,,
MYDA PTE. LTD.,2017,,Pre-seed,,,,no webpage found
REDDENTES SPORTS PTE. LTD.,2017,,Pre-seed,,,https://reddentessports.com/,based on internet checks
INFINITUS LEARNING AND TECHNOLOGY PTE. LTD.,2017,,Pre-seed,,,,no webpage found
1SIGNHASH PTE. LTD.,2017,,Pre-seed,,,https://www.onesignhash.sg/,based on internet checks
CIRCLES ASIA PTE. LTD.,2017,,Pre-seed,,,,no webpage found
NEURONCREDIT PTE. LTD.,2017,,Pre-seed,,,,no webpage found
MEIRO PTE. LTD.,2017,,Pre-seed,,,https://www.meiro.io,based on internet checks
EVERLIFE HOLDINGS PTE. LTD.,2017,,Pre-seed,,,,
CONSILX DIGITAL PTE. LTD.,2017,,Pre-seed,,,https://www.consilx.com/,based on internet checks
HELLOSME PTE. LTD.,2017,,Pre-seed,,,https://www.hellosme.com/,based on internet checks
LVNM SERVICES PTE. LTD.,2017,,Pre-seed,,,,no webpage found
BLOCKCHAIN ZOO PTE. LTD.,2017,,Pre-seed,,,https://blockchainzoo.com/,based on internet checks
SVAVA PTE. LTD.,2017,,Pre-seed,,,,no webpage found
FOMO GLOBAL HOLDINGS PTE. LTD.,2017,,Pre-seed,,,,
STORMBIRD PTE. LTD.,2017,,Pre-seed,,,https://alphawallet.com/,based on internet checks
RELEVANT AUDIENCE DIGITAL SERVICES PTE. LTD.,2017,,Pre-seed,,,,
THE LIVING MENU PTE. LTD.,2017,,Pre-seed,,,https://living.menu,based on internet checks
TRITERRAS FINTECH PTE. LTD.,2018,,Pre-seed,,,https://triterras.com,based on internet checks
SEAFIRST TECHNOLOGIES PTE. LTD.,2017,,Pre-seed,,,,
UIZA PTE. LTD.,2018,,Pre-seed,,,https://uiza.io,based on internet checks
XCOURSE PTE. LTD.,2018,,Pre-seed,,,https://www.xcourse.sg/,based on internet checks
VALIDUS INVESTMENT HOLDINGS PTE. LTD.,2018,,Pre-seed,,,,
OCTOWILL PTE. LTD.,2018,,Pre-seed,,,,
DIGIFINANCE PTE. LTD.,2018,,Pre-seed,,,,
ESG TECH PRIVATE LIMITED,2018,,Pre-seed,,,,
AUDIO ZOOM PTE. LTD.,2018,,Pre-seed,,,,
UNACARE PTE. LTD.,2018,,Pre-seed,,,https://unacare.eu/,based on internet checks
NEWFON ROBOTIC PTE. LTD.,2018,,Pre-seed,,,,
ARK BIO HOLDING PTE. LTD.,2018,,Pre-seed,,,https://ark.bio/,based on internet checks
WECOME PTE. LTD.,2018,,Pre-seed,,,https://wecome.sg/,based on internet checks
AI BIO PTE. LTD.,2018,,Pre-seed,,,,
ADAFACE PTE. LTD.,2018,,Pre-seed,,,,
HAWKERMATIC PTE. LTD.,2018,,Pre-seed,,,,
AETHER FUELS PTE. LTD.,2022,,Pre-seed,,,https://aetherfuels.com/,based on internet checks
DOZER DATA PTE. LTD.,2022,,Pre-seed,,,,
FLEXOS GLOBAL PTE. LTD.,2022,,Pre-seed,,,,
PLANET NET ZERO PTE. LTD.,2022,,Pre-seed,,,,
AUTOMERA PTE. LTD.,2022,,Pre-seed,,,https://automeratx.com/,based on internet checks
TECHT LABS PTE. LTD.,2023,1 - 10,Pre-seed,AI; Others; Blockchain; Data Analysis,Human Resources; Systems Development; Application Development; Web Development; Data Analysis; Big Data; SaaS,https://techt.io,
RIDY PTE. LTD.,2023,11 - 50,Pre-seed,Transport; Retail; E-Commerce; Travel & Hospitality; Infocomm Tech,Vending; e-hailing; E-Commerce; Advertising; Autonomous Vehicles; IoT; marketplace,https://ridy.club/driver,
TECHNOLOGY SERVICES GROUP PTE. LTD.,2021,11 - 50,Pre-seed,AI; Cloud; Big Data,"AI,Messaging,Financial,Trading,FinTech",https://www.tsgs.com/,
PLANETWISE PTE. LTD.,2023,1 - 10,Pre-seed,Others,"Carbon accounting, Carbon reporting",https://planetwise.io/,
PANTONE TECHNOLOGY PTE. LTD.,2023,1 - 10,Pre-seed,Infotech; E-Commerce,,https://garnet.center,
Backbone,2023,1 - 10,Pre-seed,Enterprise Solutions; Others,accounting; Tax; process automation; Financial Reporting; Database; Accounting Tech,https://backbone.sg,
SHANNON PTE. LTD.,2023,1 - 10,Pre-seed,Education; Infotech; AI,E-Learning; Learning Platform; Digital Marketing,https://www.bgrit.id,
SPARTAN DATA PTE. LTD.,2023,1 - 10,Pre-seed,AI,Data Analysis; Data preparation; Data Collection; NLP; Speech ; ASR,https://spartan-data.com,
VIBEFAM PTE. LTD.,2023,1 - 10,Pre-seed,Infotech; Enterprise Solutions; Lifestyle; SaaS; Cloud,SaaS; Fitness,https://vibefam.com,
TECH UP ADVANCE PTE. LTD.,2023,1 - 10,Pre-seed,Education; Gaming; Robotics,STEM; Robotics; SaaS; Edtech; Education; AI; Industry4.0,https://gotechup.org/,
1BSTORIES PTE. LTD.,2021,,Pre-seed,,,https://1bstories.com/,based on internet checks
ANIMETA PTE. LTD.,2022,,Pre-seed,,,https://animeta.ai/,based on internet checks
AIRDOOT PTE. LTD.,2020,,Pre-seed,,,https://airdoot.com,based on internet checks
ALTSTAKE PTE. LTD.,2021,,Pre-seed,,,https://www.rockx.com/,based on internet checks
AUREUM TECH PTE. LTD.,2021,,Pre-seed,,,,
APPLIED ANGSTROM TECHNOLOGY PTE. LTD.,2022,,Pre-seed,,,https://www.aatech.sg,based on internet checks
AVIUM HOLDINGS PTE. LTD.,2021,,Pre-seed,,,https://www.avium.world,based on internet checks
BSI SERVICES (SINGAPORE) PTE. LTD.,2021,,Pre-seed,,,,no webpage found
CAPITAL J (SG) PTE. LTD.,2022,,Pre-seed,,,,
BUSSR TECHNOLOGIES PTE. LTD.,2019,,Pre-seed,,,,
CHINTAI NETWORK SERVICES PTE. LTD.,2020,,Pre-seed,,,https://chintai.io,based on internet checks
CIRCULAR NOW PTE. LTD.,2021,,Pre-seed,,,https://nowcircular.sg/,based on internet checks
CLOUDUN TECHNOLOGY PTE. LTD.,2019,,Pre-seed,,,,
CHOCOLATE PTE. LTD.,2021,,Pre-seed,,,,no webpage found
CRESCE INTERNATIONAL PTE. LTD.,2021,,Pre-seed,,,,no webpage found
CUBE INSIGHTS PTE. LTD.,2022,,Pre-seed,,,,no webpage found
ECOSUPPLY TRADING PTE. LTD.,2020,,Pre-seed,,,,no webpage found
DOCMED TECHNOLOGY PTE. LTD.,2021,,Pre-seed,,,https://www.docmedtech.com/,based on internet checks
EMBEDDED A.I. SYSTEMS PTE. LTD.,2020,,Pre-seed,,,,
GLOBAL SOFTWARE REPUBLIC PTE. LTD.,2021,,Pre-seed,,,,no webpage found
GAIA TECH PTE. LTD.,2020,,Pre-seed,,,https://gaiatechintl.com,based on internet checks
FUND THE WORLD PTE. LTD.,2022,,Pre-seed,,,,
HAULIO INVESTMENT HOLDINGS PTE. LTD.,2022,,Pre-seed,,,,
KOLO APP PTE. LTD.,2021,,Pre-seed,,,https://koloapp.in,based on internet checks
MITO HEALTH PTE. LTD.,2023,,Pre-seed,,,https://mitohealth.com/,based on internet checks
MONSOON DIGITAL PTE. LTD.,2021,,Pre-seed,,,https://www.mon.sn/,based on internet checks
NEUROWYZR PTE. LTD.,2019,11 - 50,Series A,Medtech; Healthcare Services; Digital Health; Healthcare; SaaS,Neurology; Neuroscience; Primary Care; brain health; Specialist Care; Tertiary Care; Diagnostics; Medical devices,https://www.neurowyzr.com,
OFF FOODS PTE. LTD.,2021,,Pre-seed,,,,no webpage found
OUR HAPPY COMPANY PTE. LTD.,2018,,Pre-seed,,,https://www.oursong.com/,based on internet checks
PAYWATCH GLOBAL PTE. LTD.,2020,,Pre-seed,,,https://www.paywatchglobal.com/,based on internet checks
PRINCETON DIGITAL GROUP (SINGAPORE) PTE. LIMITED,2019,,Pre-seed,,,https://princetondg.com/,based on internet checks
RABC CAPITAL SPV 1 PTE. LTD.,2020,,Pre-seed,,,https://rabc.sg,based on internet checks
RESONANCE TECHNOLOGY PTE. LTD.,2021,,Pre-seed,,,,
SG GUARD GLOBAL PTE. LTD.,2020,,Pre-seed,,,https://sgguard.com/,based on internet checks
SGPROTEIN PTE. LTD.,2020,,Pre-seed,,,https://www.eatsgprotein.com,based on internet checks
SGVECTOR PTE. LTD.,2020,,Pre-seed,,,https://sgvector.com/,based on internet checks
SCOPE INNOVATION PTE. LTD.,2022,,Pre-seed,,,,
SUN CABLE PTE. LTD.,2018,,Pre-seed,,,,
SWIPEY PTE. LTD.,2021,,Pre-seed,,,,
SUPERTAP PTE. LTD.,2017,,Pre-seed,,,,no webpage found
TRAILBLAZER GAMES PTE. LTD.,2021,,Pre-seed,,,https://www.trailblazer.games/,based on internet checks
TRENDLINES MEDICAL SINGAPORE PTE. LTD.,2016,,Pre-seed,,,https://www.trendlines.com/facilities/trendlines-medical-singapore/,based on internet checks
ZING VENTURES PTE. LTD.,2020,,Pre-seed,,,https://zingeat.co,based on internet checks
PRECISION DATA CENTERS PTE. LTD.,2018,,Pre-seed,,,,no webpage found
ZESTORA PTE. LTD.,2018,,Pre-seed,,,,
REGASK PTE. LTD.,2018,,Pre-seed,,,https://regask.com/,based on internet checks
MIYAHEALTH PTE. LTD.,2019,11 - 50,Pre-series A,AI; Digital Health; Complementary Health Products; Fintech; SaaS,Insurtech; SaaS; Healthcare; Digitised Health Systems; Mobile Health; FinTech; Chronic disease management; AI,https://miyahealth.com/,
HASHMETA GROUP HOLDING PTE. LTD.,2019,,Pre-seed,,,,
PEPPERCORN UNICORN PTE. LTD.,2021,,Pre-seed,,,,
PROPINE HOLDINGS PTE. LTD.,2021,,Pre-seed,,,https://propine.com,based on internet checks
DJETAIR PTE. LTD.,2019,,Pre-seed,,,,no webpage found
SOGO ENERGY PTE. LTD.,2018,,Pre-seed,,,,no webpage found
DISRUPT TECHNOLOGIES PTE. LTD.,2018,,Pre-seed,,,https://disrupt-technologies.com,based on internet checks
VANDI TECHNOLOGY PTE. LTD.,2018,,Pre-seed,,,https://www.vandi.ai/,based on internet checks
MASHUB PTE. LTD.,2018,,Pre-seed,,,https://mashub.io,based on internet checks
SAMA NEXTGEN PTE. LTD.,2018,,Pre-seed,,,,
MATRIX TECH PTE. LTD.,2019,,Pre-seed,,,,no webpage found
GOGMGO PTE. LTD.,2019,,Pre-seed,,,https://www.gogmgo.com/,based on internet checks
POWER TO THE BRAND PTE. LTD.,2019,,Pre-seed,,,https://www.powertothebrand.com/,based on internet checks
VOLTEO MARITIME PTE. LTD.,2019,,Pre-seed,,,https://volteomaritime.com,based on internet checks
BITCYBER PTE. LTD.,2020,,Pre-seed,,,https://www.bitcyber.com.sg,based on internet checks
RELUVATE TECHNOLOGIES PTE. LTD.,2020,,Pre-seed,,,,
CLARITAS HEALTHTECH PTE. LTD.,2020,,Pre-seed,,,,
GOBANKME TECHNOLOGIES PTE. LTD.,2020,,Pre-seed,,,,
HELIUM PTE. LTD.,2020,,Pre-seed,,,,
TIGER CAMPUS PTE. LTD.,2020,,Pre-seed,,,,
ZNDS GLOBAL TECHNOLOGY PTE. LTD.,2020,,Pre-seed,,,,
AWERAY PTE. LTD.,2020,,Pre-seed,,,https://www.aweray.com/,based on internet checks
INTOBYTE PTE. LTD.,2020,,Pre-seed,,,https://www.intobyte.sg/,based on internet checks
MYPETGO PTE. LTD.,2020,,Pre-seed,,,,
SCALARE TECHNOLOGIES PTE. LTD.,2020,,Pre-seed,,,,no webpage found
FIRST ANSWER PTE. LTD.,2021,,Pre-seed,,,,
PROPFIX SINGAPORE PTE. LTD.,2021,,Pre-seed,,,https://propfix.sg/,based on internet checks
TAKE APP PTE. LTD.,2021,,Pre-seed,,,,
FINMO TECH PTE. LTD.,2021,,Pre-seed,,,https://www.finmo.net,based on internet checks
A2Z FINO PTE. LTD.,2021,,Pre-seed,,,,
PEOPLE INTELLIGENCE SINGAPORE PTE. LTD.,2021,,Pre-seed,,,,
EMLO TECHNOLOGIES PTE. LTD.,2021,,Pre-seed,,,,
FORT ONE TECHNOLOGIES PTE. LTD.,2021,,Pre-seed,,,,
ELEOS VENTURES PTE. LTD.,2021,,Pre-seed,,,,
HEXAGON PEAK PTE. LTD.,2019,,Pre-seed,,,,
DECENTRAL HOLDINGS PTE. LTD.,2018,,Pre-seed,,,,no webpage found
GRAIN HOLDINGS PTE. LTD.,2019,,Pre-seed,,,,
UQPAY HOLDINGS PTE. LTD.,2019,,Pre-seed,,,https://uqpay.com,based on internet checks
INSPIRE BRANDS ASIA PTE. LTD.,2019,,Pre-seed,,,https://www.inspirebrandsasia.com/,based on internet checks
TKX HOLDING PTE. LTD.,2021,,Pre-seed,,,,no webpage found
EDGWARE TECHNOLOGY PTE. LTD.,2018,,Pre-seed,,,,
PALEXY PTE. LTD.,2019,,Pre-seed,,,,
SABISUU PTE. LTD.,2021,,Pre-seed,,,https://sabisuu.com/,based on internet checks
FLASHGROCERY PTE. LTD.,2021,,Pre-seed,,,,no webpage found
CHARGE+ PTE. LTD.,2018,,Pre-seed,,,https://www.chargeplus.com/,based on internet checks
OSOMEFOOD PTE. LTD.,2021,,Pre-seed,,,https://osomefood.com,based on internet checks
METAMO INDUSTRIES PTE. LTD.,2020,,Pre-seed,,,https://www.metamoind.com,based on internet checks
ELEPHANTT TECHNOLOGY PTE. LTD.,2018,,Pre-seed,,,,no webpage found
HOL EXPERIENCES PTE. LTD.,2018,,Pre-seed,,,,
SCALE INSIGHTS PTE. LTD.,2020,,Pre-seed,,,,
HOLLER AWAY PTE. LIMITED,2019,,Pre-seed,,,https://holleraway.com,based on internet checks
SECOND OTHER PTE. LTD.,2021,,Pre-seed,,,,no webpage found
NUSCOOL PTE. LTD.,2018,,Pre-seed,,,https://www.nuscool.com/,based on internet checks
ECTECH INTEGRATION SOLUTIONS PTE. LTD.,2019,,Pre-seed,,,,no webpage found
H2MO TECHNOLOGY PTE. LTD.,2020,,Pre-seed,,,https://www.h2mo.com,based on internet checks
AMBITION HEALTHCARE PTE. LTD.,2020,,Pre-seed,,,,
SAFELIGHT PTE. LTD.,2020,,Pre-seed,,,,no webpage found
TWAIN THERAPEUTICS PTE. LTD.,2020,,Pre-seed,,,https://twaintherapeutics.com/,based on internet checks
IMMUNTECH SINGAPORE PTE. LTD.,2020,,Pre-seed,,,,
SG SIMTECH PTE. LTD.,2024,1 - 10,Pre-seed,Aerospace; Education; Gaming; Manufacturing & Engineering; AR/VR,Realism Reimagined ,https://flitesim.com,
WAYSAHEAD GLOBAL PTE. LTD.,2021,11 - 50,Pre-seed,AI; Enterprise Solutions; Data Analysis; AR/VR; Robotics,Data Analysis; Data Warehouse; SaaS; Digital Marketing; Robotics; Big Data,https://www.waysaheadglobal.com/,
APOLLO INNOVATIONS PTE. LTD.,2024,1 - 10,Pre-seed,,,https://nucleusapp.ai,
SURETY SG PTE. LTD.,2022,1 - 10,Pre-seed,Healthcare Services; AI; Healthcare; Lifestyle,Digitised Health Systems; Health Analytics; Mobile Health; Health Supplements,https://www.suretysg.com/,
RED TEAM FACTORY SOLUTIONS PTE. LTD.,2024,11 - 50,Pre-seed,Infotech; E-Commerce; Maritime; Fintech; Cloud,Penetration Testing; Red Teaming; Managed Security Services; Compliance Support; Bug Bounty Platform,https://redteamfactory.com,
SYSGREY TECHNOLOGIES PTE. LTD.,2023,11 - 50,Pre-seed,Infotech; Enterprise Solutions; Cloud,IT Services,http://www.sysgreytech.com,
MARKEFIN PRIVATE LIMITED,2024,1 - 10,Pre-seed,,,https://markefin.com/website-is-work-in-progress,
THE SKRIBLED LAB PTE. LTD.,2023,1 - 10,Pre-seed,Education; AI; Enterprise Solutions,E-Learning; SaaS,https://www.classwizard.ai,
VIRKWARE (PRIVATE LIMITED),2019,1 - 10,Pre-seed,Infotech; AI; Enterprise Solutions; Infocomm Tech; SaaS,Future of Work; HR Tech; employee retention; skills framework; skills based organization; internal gigs; talent management; Employee Experience; Employee Engagement; pulse,https://virkware.com,
ELEGANT ELEPHANT PTE. LTD.,2023,1 - 10,Pre-seed,Infotech; AI,#legaltech #a2j #access,https://elegantelefant.com,
NANDINA REMANUFACTURING PTE. LTD.,2023,11 - 50,Pre-seed,Aerospace; AI; Supply Chain & Logistics; Manufacturing & Engineering,Materials & Processes; Aviation; Electric Vehicles,https://www.nandinarem.com,
3 DEGREES APP PTE. LTD.,2021,1 - 10,Pre-seed,Media; Adtech; Education; E-Commerce; Fintech,Social Media; Crowdfunding; Social Networking; Digital Marketing; Anti-Money Laundering; Gamification,https://www.3degrees.app,
AXCRON PTE. LTD.,2021,1 - 10,Pre-seed,Fintech,"Fintech, Payment, Miniapp, Lightweight app, Mini Programme, O2O",https://www.axcron.com,
SUPERBENCH PTE. LTD.,2023,1 - 10,Pre-seed,AI,crm; ai sales,http://superbench.ai,
KABANA PTE. LTD.,2024,1 - 10,Pre-seed,Retail; E-Commerce; Data Analysis; Big Data,Big Data; E-Commerce,https://usekabana.com/,
GODPAWRENTS PTE. LTD.,2023,1 - 10,Pre-seed,E-Commerce; Lifestyle,Home & Living,https://godpawrents.com/,
CANVAS N CODE PTE. LTD.,2024,1 - 10,Pre-seed,Media; Infotech; AI; SaaS; Data Analysis,Digital Marketing,https://www.canvasncode.com,
NOVAEDGE PTE. LTD.,2024,1 - 10,Pre-seed,Medtech; AI; Healthcare; Others; Big Data,,https://seraphi.ai/,
PROPUP PRIVATE LIMITED,2023,11 - 50,Pre-seed,AI,Social Media,https://propup.sg,
Homejourney,2024,1 - 10,Pre-seed,Infotech; Real Estate; Enterprise Solutions; SaaS,SaaS; Customer Relationship Management; Data Analysis; Home & Living; Knowledge Management; Anti-Money Laundering; Legal Tech,https://homejourney.sg,
BRYANTECH PTE. LTD.,2021,1 - 10,Pre-seed,Precision Engineering; Telecom; AI; Urban Solutions; Robotics,Robotics; AI; 5G; Vision control,https://www.bryantech.sg/,
PANSTAY PTE. LTD.,2023,1 - 10,Pre-seed,Adtech; AI; Real Estate; Urban Solutions; Big Data,"The future of long-term stays, simplified.",https://panstay.com/,
ABSOLUTE GENETICZ PTE. LTD.,2024,1 - 10,Pre-seed,Agritech; Biotech; Others,Realizing the future through genetics.,http://www.absolutegeneticz.com/,
SCREENED PTE. LTD.,2024,1 - 10,Pre-seed,AI; SaaS,SaaS; Human Resources,https://screened.io/,
LIFESYNC TECHNOLOGIES PTE. LTD.,2024,1 - 10,Pre-seed,Medtech; AI; Healthcare; Robotics,Surgical Robotics,https://grizzled-bowl-e26.notion.site/LifeSync-Robotics-2c205e60317e45d78c36a841ca92e654?pvs=4,
VCRAVE FOODS PTE. LIMITED,2024,1 - 10,Pre-seed,Food Science and Technology; Retail; Agritech; Food & Beverage; Food Manufacturing & Processing,Alternative Protein; Health Supplements; alternate dairy; beverage; sugar free; cholesterol free; Plant based,https://vcravefoods.com/,
QUANTOM LOGIC PTE. LTD.,2024,1 - 10,Pre-seed,Precision Engineering; Cleantech; Manufacturing & Engineering; Big Data; Hardware,Quantum technology ; Quantum Computing,https://www.kt-quantom.com/,
ATHR CORPORATE SERVICES PTE. LTD.,2023,11 - 50,Pre-seed,Fintech; SaaS,,https://www.athr.io/,
NUTRICODE PTE. LTD.,2023,1 - 10,Pre-seed,Food Science and Technology; AI; Complementary Health Products; Digital Health; Data Analysis,Health Supplements; Wearable devices,https://www.nutricode.sg,
LUXE SOCIETY GROUP PTE. LTD.,2018,1 - 10,Pre-seed,AI; E-Commerce; Lifestyle,Social Networking; E-Commerce; Natural Language Processing,https://matchmde.com,
TITANHEX PTE. LTD.,2023,1 - 10,Pre-seed,Infotech; Others,Cybersecurity; infosec; Training; investigation; dfir; consulting ; expertise; IT; reversing,https://titanhex.com,
COURTNEY CONSULTING PTE. LTD.,2017,1 - 10,Pre-seed,,,http://www.courtney.com.sg,
VIDREOUS PTE. LTD.,2022,1 - 10,Pre-seed,Education; AI; SaaS; Cloud; Big Data,E-Learning; Artificial intelligence; knowledge as a service; voice conversation; Edtech; language learning; chinese learning,https://vidreous.com,
ORIENTAL MATERIALS PTE. LTD.,2023,11 - 50,Pre-seed,Semiconductor; AI; Manufacturing & Engineering,Video Processing,http://orientalmaterials.cn/,
UNOMOVE PTE. LTD.,2020,1 - 10,Pre-seed,AI; Enterprise Solutions; Cleantech; Robotics,Robotics; Autonomous Vehicles,https://unomove.com,
NOOLIE PTE. LTD.,2024,1 - 10,Pre-seed,Food Science and Technology; Food & Beverage; Healthcare; Food Manufacturing & Processing,Consumer Products; FMCG; Mum and baby; Health; Health Supplements,https://www.noolie.co,
GLOVIEWER PTE. LTD.,2022,1 - 10,Pre-seed,AI; Enterprise Solutions; IoT; SaaS; Big Data,,https://www.gloviewer.com,
tracework.ai,2024,1 - 10,Pre-seed,Education; AI; Infocomm Tech,SaaS,https://tracework.ai,
DATA PRABANJHAM PTE. LIMITED,2024,1 - 10,Pre-seed,AI; Fintech; Enterprise Solutions; Cloud; Big Data,Soltuions to the Data Universe,http://dataprabanjam.sg,
CINNEX PTE. LTD.,2024,1 - 10,Pre-seed,AI; Supply Chain & Logistics; SaaS,AI; Supply Chain; ai agents; ERP; supply chain operation; SaaS,https://cinnex.co/,
HAISEN PTE. LTD.,2024,1 - 10,Pre-seed,E-Commerce; Data Analysis,Big Data,https://www.haisenwood.com/,
HEXALYZE SINGAPORE PTE. LTD.,2024,1 - 10,Pre-seed,E-Commerce; Supply Chain & Logistics; Enterprise Solutions; Infocomm Tech; Cloud,Inventory Management; Systems Development; E-Commerce; Web Development; Cyber Security,https://www.hexalyze.com,
AIRGORITHM PTE. LTD.,2024,1 - 10,Pre-seed,Semiconductor; Urban Solutions; Cleantech; Manufacturing & Engineering; IoT,Emission Control; Pollution Control; Eco Monitoring Technologies; netzero; scope 1 emissions; carbon tax,https://www.airgorithm.com/,
CHPPER PTE. LTD.,2024,1 - 10,Pre-seed,Real Estate; Infocomm Tech; Urban Solutions; SaaS,property; real estate; Home & Living; Artificial intelligence,https://www.chpper.com,
BARAKAH BRIDGE PTE. LTD.,2024,1 - 10,Pre-seed,Education; E-Commerce; AI; Infocomm Tech; Lifestyle,Service Marketplace; Muslim Community; AI-Driven Solutions; machine learning; Credential Verification; Education Technology; Religious Services; Community Empowerment; Service Matching; Innovation,https://www.barakahbridge.com,
TIME2MARRY TECHNOLOGIES PTE. LTD.,2024,1 - 10,Pre-seed,AI; Lifestyle,Application Development; Social Networking; Data Analysis,https://time2marry.co/,
OCTOBER IT SERVICES PTE. LTD.,2024,1 - 10,Pre-seed,Retail; Infotech; AI; E-Commerce; SaaS,"AI, eCommerce, Website, workflow, POS, CRM",https://octoberit.co,
HOMEPAL TECHNOLOGIES PRIVATE LIMITED,2024,1 - 10,Pre-seed,Medtech; AI; Digital Health; Healthcare; IoT,,https://www.homepalsg.com/,
BEZA TECHNOLOGY AND SOLUTIONS PTE. LTD.,2024,1 - 10,Pre-seed,Agritech; AI; Consumer Electronics; IoT; Hardware,Consumer Electronics; Electric Vehicles; Autonomous Vehicles; Digitised Health Systems; Communication Systems; Semiconductor; Systems Development; Medical devices; Natural Language Processing,https://www.bezatechnology.com,
VANGUARD AI PTE. LTD.,2023,11 - 50,Pre-seed,AI; Enterprise Solutions; SaaS; Cloud,Legal Tech; Data Analysis; SaaS,https://www.vanguardtech.asia,
IMPEVIS PTE. LTD.,2023,1 - 10,Pre-seed,Marine & Offshore; Maritime,,https://impevis.com/,
NEXINNOVATE TECHNOLOGIES PTE. LTD.,2024,1 - 10,Pre-seed,,,http://nexinnovate.net,
NBITS PTE. LTD.,2024,1 - 10,Pre-seed,Fintech; Blockchain,Cryptocurrency,https://nbitslabs.com/,
SBPOWERDEV PTE. LTD.,2023,1 - 10,Pre-seed,Infotech; AI; Data Analysis; Cloud,Application Development; Data Analysis; Automation; AI; Web Development; Systems Development; RPA; Managed Services; IT,https://sbpowerdev.com,
UPSKILLRS PTE. LTD.,2024,1 - 10,Pre-seed,Education; AI,E-Learning,http://www.upskillrs.com,
PHOENIX BRIDGE PTE. LTD.,2024,1 - 10,Pre-seed,Education; AI; Fintech; Healthcare; Big Data,Generative AI; Large Language Model; Large Multimodal Model,https://www.llmlogic.com/,
CIRCULAR UNITE (PTE. LTD.),2020,1 - 10,Pre-seed,Travel & Hospitality; Urban Solutions; Others; SaaS; Data Analysis,SaaS; Waste Technology; Recycling; Data Analysis,https://www.circularunite.com/,
ALTRANS ENERGY ASIA PACIFIC PTE. LTD.,2024,11 - 50,Pre-seed,Industrial Electronics; AI; SaaS; Data Analysis,Eco Monitoring Technologies; SaaS,http://www.altransenergy.com,
UNION POWER ELECTRICAL PTE. LTD.,2022,11 - 50,Pre-seed,Industrial Electronics; AI; IoT; Hardware,high tech; AI; machine learn,https://unionpow.com/,
TRIALO PTE. LTD.,2025,1 - 10,Pre-seed,Biotech; AI; Pharmaceutical; Big Data,AI; Biotechnology; Pharma,https://trialo.com,
ICOMPASS PTE. LTD.,2025,1 - 10,Pre-seed,AI; Fintech; SaaS,Regtech,https://icompass.ai,
AKRO AI PTE. LTD.,2024,1 - 10,Pre-seed,AI; Enterprise Solutions; Data Analysis; Big Data,Knowledge Management; Data Analysis,https://www.akro.ai,
CARTOGRAPH PTE. LTD.,2025,1 - 10,Pre-seed,Infotech; AI; Infocomm Tech; SaaS; Cloud,AI; Developer Tools; Web Development,https://cartograph.app,
FORWARD LABS PTE. LTD.,2023,1 - 10,Pre-seed,AI; Supply Chain & Logistics,,https://forwardlabs.ai,
GOODPASS PTE. LTD.,2023,1 - 10,Pre-seed,AI; Data Analysis; Big Data,Personal Finance; Legal Tech,https://goodpass.id/,
QDX TECHNOLOGIES PTE. LTD.,2023,1 - 10,Pre-seed,Biotech; AI; Pharmaceutical; SaaS,,http://www.qdx.co,
SENSEN TECHNOLOGY PTE. LTD.,2023,1 - 10,Pre-seed,Fintech; Blockchain; SaaS,Payment Systems; SaaS; Crypto,https://sensenpay.com,
CONNECTICA SOLUTIONS PTE. LTD.,2024,1 - 10,Pre-seed,AI; Healthcare Services; E-Commerce; IoT; SaaS,"Smart Solutions, Seamless Connectivity",https://www.Connectica.sg,
GEOBIT TECHNOLOGIES ASIA PTE. LTD.,2024,1 - 10,Pre-seed,,,https://www.geobit.ai,
LEYDEN ENERGY PTE. LTD.,2025,1 - 10,Pre-seed,Cleantech,BESS; Renewable Energy; Engineering; EPC,https://www.leyden-energy.com/,
TIANLONG SERVICES PTE. LTD.,2018,1 - 10,Pre-seed,AI; Enterprise Solutions; Others; SaaS,"Corporate secretary, Accounting, RegTech",https://www.tianlong.com.sg,
TEAM TEAMO PTE. LTD.,2025,1 - 10,Pre-seed,Media; Education; Events; Entertainment; Lifestyle,Social Media; Digital Marketing; E-Learning; E-Commerce; Gamification,https://www.instagram.com/weareteamo.co/,
MUSHROOM MATERIAL PRIVATE LIMITED,2020,1 - 10,Pre-seed,Agritech; Biotech; Cleantech; Manufacturing & Engineering,Smart & Sustainable Packaging; Materials & Processes; Microbiology; Waste Technology; Waste Management,https://www.mushroommaterial.com/,
PEBBLELY PTE. LTD.,2023,1 - 10,Pre-seed,Media; AI; E-Commerce; SaaS,E-Commerce; Digital Marketing,https://pebblely.com/,
SWITCHUP TECH PTE. LTD.,2023,1 - 10,Pre-seed,Adtech; Media; Enterprise Solutions; Infocomm Tech; SaaS,Digital Marketing; Consumer & Marketing Analytics;  ,https://www.switchup-tech.com/,
ENFARM AGRITECH PTE. LTD.,2023,,Pre-seed,,,https://enfarm.com/en/about-us/,based on internet checks
AIPE PTE. LTD.,2023,1 - 10,Pre-seed,Adtech; AI; Enterprise Solutions; SaaS; Cloud,Digital Marketing; SaaS; Data Analysis; Consumer & Marketing Analytics; Marketing,https://www.aipesolutions.ai,
SMARTVIZ TECHNOLOGIES PTE. LTD.,2023,1 - 10,Pre-seed,Precision Engineering; Semiconductor; AI; Enterprise Solutions; Manufacturing & Engineering,AI; Automation; Manufacturing; Semiconductor; SaaS,http://smartviztech.ai/,
GENIRA PTE. LTD.,2022,1 - 10,Pre-seed,Digital Health; Healthcare Services; Healthcare,Mobile Health; Digitised Health Systems; Health Analytics; Medical devices; SaaS; Telemedicine; Data Analysis; Medical Imaging,https://www.pv.app,
THOUGHTFUL FOOD PTE. LTD.,2020,1 - 10,Pre-seed,Retail; Food & Beverage; Healthcare Services; Lifestyle; Food Manufacturing & Processing,Alternative Protein; Health Supplements,https://www.thoughtfulfood.co/,
COMPUTER WHOLESALE PTE. LTD.,2016,1 - 10,Pre-seed,Medtech; Industrial Electronics; E-Commerce; Infocomm Tech; Hardware,IT Equipment Reseller; Computer Hardware; Monitors; Servers; B2B Technology; Tech Solutions Provider; Technology Products; Tech Supplies; Cables and Accessories; Laptops,https://computerwholesale.sg,
INTERNATIONAL RENEWAL ENERGY HOLDING PTE. LTD.,2018,1 - 10,Pre-seed,Cleantech,Hydrogen; Cleantech; research&development; Electrolyser,https://ire.sg,
FARMIO PTE. LTD.,2023,1 - 10,Pre-seed,Agritech; AI; Fintech; Supply Chain & Logistics; SaaS,SaaS,https://farmio.io,
VEXT TECHNOLOGIES PTE. LTD.,2023,1 - 10,Pre-seed,AI; SaaS,SaaS,https://vextapp.com,
PERSONA AI PTE. LTD.,2023,1 - 10,Pre-seed,AI,SaaS; Web Development,https://www.personastudios.ai,
LINKITES INFOTECH PTE. LTD.,2023,11 - 50,Pre-seed,AI; SaaS; Big Data,SaaS; slack; AI; Communication; collaboration ,https://www.onetab.ai,
BERYN ADAMS PTE. LTD.,2022,1 - 10,Pre-seed,Food Science and Technology; Biotech; Industrial Electronics; Pharmaceutical; Cleantech,,https://notapplicableyet.com,
WHAT IF LABS PTE. LTD.,2020,1 - 10,Pre-seed,Enterprise Solutions; SaaS,SaaS; tech,https://www.wokay.com/,
AILITY PTE. LTD.,2023,1 - 10,Pre-seed,Retail; AI; IoT; Big Data; Hardware,Data Analysis,http://www.aility.tech,
LIVECO PTE. LTD.,2023,1 - 10,Pre-seed,Urban Solutions; Cleantech; Others,Recycling; Electric Vehicles; Consumer Electronics; Renewable Energy; Waste Management; Fertilisers; Waste Technology,https://li-veco.com,
SIDNA TECH PTE. LTD.,2023,1 - 10,Pre-seed,Adtech; Industrial Electronics; Infocomm Tech; Big Data; Hardware,Materials & Processes; Digital Marketing; MEMS semiconductor,https://sidna.cn,
THEIA HEALTH PTE. LTD.,2023,1 - 10,Pre-seed,Digital Health; Healthcare Services; Healthcare,Artificial intelligence; Medical Imaging; Health Analytics,https://www.theiahealth.io,
COLLABRING PTE. LTD.,2022,1 - 10,Pre-seed,Healthcare Services; Healthcare; Big Data,Health Analytics; Data Analysis; public health; health services; research ; Training,https://www.linkedin.com/company/collabring,
DIVIZEND ASIA PACIFIC PTE. LTD.,2023,,Pre-seed,,,https://divizend.com,based on internet checks
BEAVER ENERGY SINGAPORE PTE. LTD.,2022,1 - 10,Pre-seed,Manufacturing & Engineering,Engineering; selfservice ; carwash,http://beaverenergy.com.sg,
HOME-A-GENIUS PTE. LTD.,2019,11 - 50,Pre-seed,IoT,Home & Living; Technology; smart home,https://homeagenius.sg,
TRIVIUM CAPITAL PTE. LTD.,2023,1 - 10,Pre-seed,Fintech; SaaS,Embedded Finance; SaaS; Financial Infrastructure; FinTech,https://triviumcapital.tech/,
THIRDI PTE. LTD.,2024,1 - 10,Pre-seed,Adtech; AI; SaaS; Data Analysis,Digital Marketing; Consumer & Marketing Analytics; Big Data; Data Analysis; SaaS; Social Media,https://thirdi.ai/,
MJD VENTURE PTE. LTD.,2017,11 - 50,Pre-seed,Others,"Building Excellence, Securing Solutions.",https://mjdgroups.com,
TETRIXX PTE. LTD.,2021,11 - 50,Seed,AI; Supply Chain & Logistics; SaaS; Data Analysis; Cloud,Supply Chain; ESG Scope 3; AI&ML; Optimization; Data Strategy; AI Agent,https://tetrixx.io,
BONE AND GREY PTE. LTD.,2023,1 - 10,Pre-seed,Retail; E-Commerce; Lifestyle,bridal ; Retail; E-Commerce; Fashion; Planning & Design; Loyalty Programmes,https://boneandgrey.com/,
CSCROW PTE. LTD.,2023,1 - 10,Pre-seed,E-Commerce; Fintech; Blockchain; IoT,Big Data; E-Commerce; Personal Finance,https://cscrow.com/,
FULL CIRCLE FAMILY PTE. LTD.,2023,1 - 10,Pre-seed,Adtech; Education; AI; Complementary Health Products; Lifestyle,Natural Language Processing; Recomendation Engine; E-Learning,http://www.fullcircle.family,
ECOVISION SOLUTIONS PTE. LTD.,2024,1 - 10,Pre-seed,Food Science and Technology; Agritech; Food & Beverage; IoT; Data Analysis,#rice ; #MRV; #cleantech; #Sustainability; #co2e; #methane,https://www.ecovision.ai,
FINGERDANCE PTE. LTD.,2023,1 - 10,Pre-seed,AI,Inclusive AI Infrastructure Provider,https://www.linkedin.com/company/fingerdance-pte-ltd/,
PRESCIENCE PRESBYROBOTICS PRIVATE LIMITED,2024,1 - 10,Pre-seed,Medtech; Digital Health; Consumer Electronics; Big Data; Robotics,Telemedicine; Mobile Health; Digitised Health Systems,https://www.presci.io/,
BRIEF TECH PTE. LTD.,2024,1 - 10,Pre-seed,AI; Infocomm Tech; SaaS,Legal Tech; SaaS,https://brieftech.ai/,
SENTIVIUM PTE. LTD.,2026,1 - 10,Pre-seed,AI; Real Estate; Enterprise Solutions,AEC; BIM; AI Agent; IFC Viewer; CornetX,https://sentivium.com/,
ACCELERAID PTE. LTD.,2025,1 - 10,Pre-seed,Infotech; AI; Enterprise Solutions; Urban Solutions; SaaS,AI Grant Agent ; Grant Writing; fundraising; Grant Funding ; Artificial intelligence; Non-profit Support; Startup Funding; Grant Automation; Financial Aid; Innovation Grants,https://www.acceleraid.co,
HIRE CREDIBLE PTE. LTD.,2025,11 - 50,Pre-seed,AI; SaaS,"AI, SAAS",https://www.hirecredible.com,
KLAR.AI PTE. LTD.,2025,1 - 10,Pre-seed,Media; AI; Others; SaaS,,https://klar-ai.com,
ATELIER BEAUMONDE CREATIVES TRADING PTE. LTD.,2024,1 - 10,Pre-seed,Food Science and Technology; Agritech; Biotech,food tech;     Biotechnology;     Functional Ingredients;     Natural Sweeteners;     Health & Wellness;     Ingredient Innovation;     Sugar Reduction;     Clean Label;     Future Foods;     Sustainable Food Systems,https://bluemonkglobal.com,
MENSC LABS TECHNOLOGIES PTE. LTD.,2025,1 - 10,Pre-seed,Biotech,Deep Tech; biotech; Cell and Gene Therapy; Women's Health,https://www.mensc-labs.com,
XBORDER COMMERCE SOLUTIONS PTE. LTD.,2020,,Pre-seed,,,,
COV BIOTECHNOLOGY PTE. LTD.,2022,,Pre-seed,,,,no webpage found
SGPAPERRECYCLE PTE. LTD.,2021,,Pre-seed,,,,
ALORIDE PTE. LTD.,2016,,Pre-seed,,,,
NANOSOFT GLOBAL PTE. LTD.,2023,11 - 50,Pre-seed,Fintech,SaaS,https://nanosoft.lk,
BONOCLE PTE. LTD.,2025,1 - 10,Seed,Education; AI; SaaS,E-Learning; Learning Platform; Gamification,https://www.bonocle.co,
PREDOMIX HEALTH SCIENCES PRIVATE LIMITED,2022,11 - 50,Pre-seed,Medtech; Healthcare Services,,https://www.predomix.com,
SEVEN EIGHT LAB PRIVATE LIMITED,2025,1 - 10,Pre-seed,AI; Others; IoT,AI; televet; pet insurance; cat care,https://78lab.co/,
TIMELESS HOMES PRIVATE LIMITED,2025,1 - 10,Pre-seed,Real Estate,Real estate development ,http://www.timelesshomes.com,
TECH CONNECT AGENCY PTE. LTD.,2024,1 - 10,Pre-seed,Fintech; Enterprise Solutions; Manufacturing & Engineering; Data Analysis; Cloud,erp solutions; BI Solutions; Report Solutions; cloud solutions; IT Consultation; Platform Management & Monitoring; IT Supports,https://www.tcagency.org/,
ISO ENGINEERING AND CONSTRUCTION PTE. LTD.,2022,11 - 50,Pre-seed,Precision Engineering; Retail; Manufacturing & Engineering,electrical construction ,https://isoengineeringsg.com/,
WILL BE TRUE PTE. LTD.,2025,1 - 10,Pre-seed,Education; Infotech; AI; SaaS; Data Analysis,SaaS,https://www.willbetrue.com/,
TARN PTE. LTD.,2024,1 - 10,Pre-seed,AI; Enterprise Solutions; SaaS,Knowledge Management,https://tarnglobal.com,
METALABS PTE. LTD.,2025,11 - 50,Pre-seed,AI; Others,,https://www.metalabsdigital.com,
SYNVO AI PTE. LTD.,2025,1 - 10,Pre-seed,,,https://www.synvo.ai/,
FORWARD INTERACTIVE PTE. LTD.,2025,1 - 10,Pre-seed,,,https://www.forward-interactive.com,
SUNICE SOLAR PTE. LTD.,2020,1 - 10,Pre-seed,AI; Real Estate; Cleantech; Manufacturing & Engineering; Food Manufacturing & Processing,Solar; ESG; Renewable Energy; FinTech; Energy Storage,https://www.sunicesolar.com,
TOPSCHOOL.AI PTE. LTD.,2024,11 - 50,Pre-seed,Education; AI,AI; Education; Edtech; PersonalisedAI; GenAI; ResponsibleAI; AIinEducation; b2b; B2G; B2C,https://TopSchool.ai,
M2 TALENTS PTE. LTD.,2025,1 - 10,Pre-seed,AI,Building Momentum With Exceptional Talents,https://www.m2talents.sg,
BIOCHROMATOGRAPHIX INTERNATIONAL PTE. LTD.,2024,1 - 10,Pre-seed,Biotech; Pharmaceutical; Healthcare,"chromatography, biopharmaceutical, gene therapy, cell therapy, mRNA, exosomes",https://www.biochromatographix.com,
BIMC BUSINESS CONSULTANCY AND TRAINING ACADEMY PTE. LTD.,2025,1 - 10,Pre-seed,Aerospace; Media; AI; Blockchain; Data Analysis,AI; Blockchain; Data Analysis; Social Media; Strategy; Business; WSQ; Training,https://www.bimc.sg/,
WBW AI PTE. LTD.,2025,1 - 10,Pre-seed,AI; Digital Health; Lifestyle; IoT; SaaS,,https://www.wbw.ai,
SUNCHARGE SYSTEMS PTE. LTD.,2025,1 - 10,Pre-seed,AI; Cleantech; Manufacturing & Engineering; Blockchain,,https://sunchargeglobal.com,
KNOWVID AI PTE. LTD.,2024,1 - 10,Pre-seed,Education; AI; SaaS,AI; Education; Edtech; E-Learning; Video Learning; online learning; Distant Learning,https://knowvid.ai,
THERMALYTICA ASIA PACIFIC PTE. LTD.,2024,1 - 10,Pre-series A,Transport; Consumer Electronics; Urban Solutions; Cleantech; Nanotechnology,Sustainable Thermal Superinsulation Material; energy efficiency; Insulation Paint,https://www.thermalytica.com/home-en/,
SVAYP PTE. LTD.,2025,1 - 10,Pre-seed,AI; SaaS; Data Analysis; Big Data,civictech; Data Analytics; AI; NLP; ML; privacy-first; real-time polling; B2B/B2G SaaS; cohort insights,https://svayp.com,
YPH AI PRIVATE LIMITED,2025,1 - 10,Pre-seed,Adtech; AI; E-Commerce; Data Analysis; Cloud,Digital Marketing; AI Video Processing; Consumer & Marketing Analytics,https://yourproducthere.ai,
SEAMANBIOPH PTE. LTD.,2025,1 - 10,Pre-seed,Maritime; AI; SaaS; Cloud,,https://seamanbio.ph,
SUPPLE AI PRIVATE LIMITED,2025,1 - 10,Pre-seed,AI; Digital Health; SaaS; Hardware,Health Analytics,https://www.supple.care,
HOLOGRAPHYQ TECHNOLOGIES PTE. LTD.,2024,1 - 10,Pre-seed,AI; AR/VR,3D Generative AI,https://sites.google.com/view/holographyq/home,
GOBINX PTE. LTD.,2024,1 - 10,Pre-seed,AI; E-Commerce; SaaS; Data Analysis; Big Data,SaaS; Big Data; Data Analysis; E-Commerce; Consumer & Marketing Analytics; Agentic AI; shopping; Retail Tech; Consumer Insights; market research ,https://gobinx.com/,
MARLINX TECHNOLOGIES PTE. LTD.,2025,1 - 10,Pre-seed,SaaS; Data Analysis; Big Data,Offline SMEs; singapore; Beauty & Wellness; Membership OS; Customer Loyalty; CRM & Customer Data; Omnichannel Customer Journey,https://www.directo.sg,
ONENAMECARD PTE. LTD.,2023,1 - 10,Pre-seed,AI; Enterprise Solutions; Big Data,,https://www.onenamecard.com,
KANGAROI PTE. LTD.,2024,1 - 10,Pre-seed,AI; Enterprise Solutions; SaaS; Data Analysis,SaaS; Enterprise,https://www.kangaroi.com/,
LOCSTOC PTE. LTD.,2024,11 - 50,Pre-seed,Retail; E-Commerce; IoT,retail technology; E-Commerce,https://locstoc.com,
GYLD PTE. LTD.,2023,1 - 10,Pre-seed,Fintech; Blockchain; SaaS; Data Analysis; Big Data,Data Analysis; Data Warehouse; Big Data; DeFi; data platform; Product Analytics; Onchain Analytics; Blockchain Analytics,https://formo.so,
COCHILD PTE. LTD.,2025,1 - 10,Pre-seed,Urban Solutions; Others; SaaS,Legal Tech; Communication Systems,https://cochild.com,
NEXORA SECURITY PTE. LTD.,2025,,Pre-seed,,,,
REVELIR PRIVATE LIMITED,2025,1 - 10,Pre-seed,AI; Enterprise Solutions; Big Data,"AI, artificial intelligence, customer support, customer service, customer experience, Large Language Models, LLM",https://www.revelir.ai,
QUBIX INNOVATIONS PTE. LTD.,2025,1 - 10,Pre-seed,,,https://qubix.sg/,
BYTEGENIE (PRIVATE LIMITED),2023,1 - 10,Pre-seed,Retail; AI; Travel & Hospitality; Real Estate; Big Data,,https://www.byte-genie.com,
AIXH PTE. LTD.,2025,1 - 10,Pre-seed,Adtech; AI; SaaS,AI; chatbot; Sales; operations; Marketing,https://aixh.ai,
MAGICPORT PRIVATE LIMITED,2021,11 - 50,Pre-seed,AI; Marine & Offshore; Supply Chain & Logistics,SaaS; Data Analysis,https://magicport.ai,
AIDMI PTE. LTD.,2025,1 - 10,Pre-seed,Digital Health; Complementary Health Products; Healthcare Services; Healthcare,Health Analytics; SaaS; Enterprise; Healthtech; Digital Health; AI; Artificial intelligence,https://www.aidmi.ai/,
DEEPCYCLE ECO PTE. LTD.,2025,1 - 10,Pre-seed,Cleantech; Manufacturing & Engineering,Plastic Recycling; decarbonization; Cleantech; Sustainability; Chemical Recycling,http://www.deepcycleeco.com,
FC ASIA PTE. LTD.,2016,1 - 10,Pre-seed,Medtech; Healthcare,Medical devices,https://fc-asia.com/,
PROFICIENZY PTE. LTD.,2025,1 - 10,Pre-seed,AI,,https://www.proficienzy.com/,
ORVE HOLDINGS PTE. LTD.,2025,1 - 10,Pre-seed,Enterprise Solutions; Infocomm Tech; IoT; SaaS; Cloud,#investmentholding #StartupSupport #StrategicAdvisory #EarlyStageGrowth #SustainableVentures,https://www.orveholdings.com,
MONEYVERSE PTE. LTD.,2025,51 - 100,Pre-seed,AI; Fintech; Enterprise Solutions; Blockchain; SaaS,Web3 ecosystem for Banking ,https://moneyverse.ai/,
SENTINAN PTE. LTD.,2025,1 - 10,Pre-seed,AI; Digital Health; Healthcare Services; Healthcare,,https://sentinan.com,
MENOU SINGAPORE PTE. LTD.,2025,11 - 50,Pre-seed,AI; Enterprise Solutions; Manufacturing & Engineering; Food Manufacturing & Processing,"AI, Manufacturing, Inspection, Quality, Quality Control, No code, Gen AI, SLINGSHOT, Japan",https://menou.co.jp,
SIMULACRA.X PTE. LTD.,2024,1 - 10,Pre-seed,AI; Infocomm Tech; SaaS; Cloud; Big Data,#ai @neuralnetworks #cybersecurity #knowledgespace,https://www.simulacra-x.com,
CONTORAL HEALTH PTE. LTD.,2024,1 - 10,Pre-seed,Medtech; Biotech; Healthcare Services; Pharmaceutical; Healthcare,Dental; Medical devices; Intermediate and Long Term Care,http://www.contoralhealth.com,
NAVINMAPS PTE. LTD.,2025,1 - 10,Pre-seed,AI,Geo-AI,https://navinmaps.com,
THE LAYMAN SMART HOME PEOPLE PTE. LTD.,2026,1 - 10,Pre-seed,Urban Solutions; Lifestyle; IoT,smart home; home assistant; home automation,https://laymansmarthome.com/,
DAWNIFY PTE. LTD.,2025,1 - 10,Pre-seed,AI; Enterprise Solutions; SaaS; Data Analysis,SaaS; Data Analysis; Natural Language Processing,https://www.dawnify.co/,
PODSEE PTE. LTD.,2026,1 - 10,Pre-seed,Education; Enterprise Solutions; Lifestyle; SaaS,SaaS; marketplace,https://www.linkedin.com/company/company-podsee/,
AMPRA PTE. LTD.,2025,1 - 10,Pre-seed,Digital Health; AI; Enterprise Solutions; Blockchain; Data Analysis,environmental risk analysis; direct current; energy management; Renewable Energy; application ai,https://www.ampras.com/,
KAI LABS ONE PTE. LTD.,2025,1 - 10,Pre-seed,,,https://www.kailabs.one,
AIPATH PTE. LTD.,2025,1 - 10,Pre-seed,AI; Enterprise Solutions; SaaS; Big Data,SaaS; Application Development,https://www.AIPath.one,
INNOVNATION PTE. LTD.,2026,1 - 10,Pre-seed,Education; AI; SaaS; Data Analysis; Big Data,#AIstartup #; #aiincubator; #digitalincubator; #AImentoring; #AIinnovation; #AIstartup; #innovation; #venturecapitalAI; #communitybuildersAI; #AIfundingraising,http://www.innovnation.ai,
INQBAYTOR TECHNOLOGIES PTE. LTD.,2025,11 - 50,Pre-seed,Travel & Hospitality,,https://inqbaytor.com/,
GETSOTERIA.AI PTE. LTD.,2026,1 - 10,Pre-seed,,,https://www.getsoteria.ai/,
TORCHCAST AI PTE. LTD.,2026,1 - 10,Pre-seed,AI; Fintech; Enterprise Solutions; Big Data,AI; LLM; GenAI; forecast; Finance; Supply Chain,https://torchcast.ai,
LEDGERFUNDING TECHNOLOGY PTE. LTD.,2026,1 - 10,Pre-seed,Fintech; Blockchain,"Unlocking Capital, Empowering Trade",https://www.ledgerfunding.com,
MEMORA PTE. LTD.,2026,1 - 10,Pre-seed,Media; Events; Lifestyle; SaaS; Cloud,SaaS; Content Hosting; m,http://memora.sg,
STRAITSSOFT PTE. LTD.,2025,1 - 10,Pre-seed,AI; Digital Health; Urban Solutions; Healthcare; Robotics,Emotion AI; Behaviour AI; voice ai; Decision Support Systems; mental health,https://www.straittssoft.com,
NEOKAINTECH PTE. LTD.,2025,1 - 10,Pre-seed,Medtech; AI; Manufacturing & Engineering; Hardware; Robotics,Robotics; AI; Neokaintech; Automation; Built environment; MedTech; Rayner,https://www.neokaintech.com/,
OPTIVI AI PTE. LTD.,2025,1 - 10,Pre-seed,Adtech; Infotech; AI; Infocomm Tech; SaaS,"martech, seo, geo, aeo",https://optivi.ai,
ORCHESTRA DATA PTE. LTD.,2026,1 - 10,Pre-seed,Infotech; AI; Manufacturing & Engineering; Data Analysis; Robotics,Building data infrastructure for physical AI and factory intelligence.,https://www.orchestra-data.com/,
THINKSPACE AI PTE. LTD.,2025,1 - 10,Pre-seed,AI; Enterprise Solutions; SaaS; Data Analysis; Big Data,Legal Tech; Enterprise AI; AI; SaaS,https://www.mythinkspace.ai,
BRAINED TECHNOLOGIES PTE. LTD.,2023,1 - 10,Pre-seed,AI; Enterprise Solutions; SaaS,AI-powered; enterprise platform; operational intelligence; workflow orchestration; scalable technology; Regional Expansion; productivity transformation; Enterprise Automation; Company Brain ; AI operating system,https://brained.app,
MARKVIA PTE. LTD.,2026,1 - 10,Pre-seed,Adtech; Infotech; AI; E-Commerce; Others,Artificial intelligence; AI; AI Agent; Mobile Agent; Native Model; Automation,https://tapient.ai/,
PROJECT ARGUS PTE. LTD.,2021,1 - 10,Pre-seed,Semiconductor; Transport; Pharmaceutical; Supply Chain & Logistics,AI Visibility Predictive Analysis Risk Supply Chain,https://projectargus.co,
STARDUST INTELLIGENCE PTE. LTD.,2026,1 - 10,Pre-seed,AI; SaaS; Cloud,"AI governance, compliance, audit trials, ",https://www.leanmcp.com/,
ONE ATOMS PTE. LTD.,2023,51 - 100,Pre-seed,Transport; E-Commerce; Supply Chain & Logistics; Urban Solutions; IoT,logistics; E-Commerce; WMS,http://www.oneatoms.com,
ONETHINKING PTE. LTD.,2025,1 - 10,Pre-seed,AI; E-Commerce; Fintech; Data Analysis,FinTech; SaaS; AI; business intelligence; Decision Support System; Cross-border Expansion; Financial Sandbox; Data Analytics; Retail Tech; market entry,https://onethinking.io,
LEGACY360 PTE. LTD.,2026,1 - 10,Pre-seed,AI; Supply Chain & Logistics; Infocomm Tech; Others; SaaS,Funeral Bereavement Journey,https://legacy360.ai/,
SOFTLABS PTE. LTD.,2026,1 - 10,Pre-seed,Medtech; Healthcare; AR/VR,,https://www.softlabs.sg,
ROOT SOLUTION PTE. LTD.,2026,1 - 10,Pre-seed,AI; E-Commerce; Supply Chain & Logistics; Enterprise Solutions,Cloud,https://www.rootsolution.co/,
SENSORI HEALTHCARE PTE. LTD.,2024,1 - 10,Pre-seed,,,https://www.sensorihealthcare.com,
RIDER DOME PTE. LTD.,2021,11 - 50,Pre-series A,Transport; AI,ARAS ; Vision AI; Motorcyles; automotive,https://www.riderdome.com/,
APPTECH SYSTEM PTE. LTD.,2019,11 - 50,Pre-seed,,,https://apptechsystem.com/,
ECEASY PTE. LTD.,2026,1 - 10,Pre-seed,AI; Enterprise Solutions; SaaS; Data Analysis; Big Data,Your Business Black Box.; Your CRM only knows what someone typed in; AI Document Intelligence; AI Business Intelligence; Document Retention; AI Forms Filler; AI Automation Platform; Scribbleasy,https://www.scribbleasy.com,
MOOVMYWAY PTE. LTD.,2025,1 - 10,Pre-seed,Education; AI; Others; Big Data,AI Movement Coach; Movement Intelligence; Computer Vision; Pose Estimation; Artificial intelligence; sportstech ; FitTech; Edtech; Creator economy; Digital Coaching,https://moovmyway.com/,
ONLYMILE PTE. LTD.,2026,11 - 50,Pre-seed,Retail; E-Commerce; Supply Chain & Logistics; Enterprise Solutions; SaaS,"Logistics Management Platforms; Transportation Management Systems; Order Management Systems; Customer & Merchant Portals; Driver, Fulfilment & Workforce Applications; Finance & Reconciliation Platforms; Control Towers & Operational Visibility; Data & AI Solutions; eCommerce Fulfillment; AI-Powered Operations",https://www.onlymile.com,
PURE SIGNAL PTE. LTD.,2025,1 - 10,Pre-seed,Others,Construction; AEC; BIM,https://setubase.com,
SG WINE CLUB PTE. LTD.,2023,1 - 10,Pre-seed,,,https://www.genuinegrape.com/,
EZTIA PTE. LTD.,2026,1 - 10,Seed,Lifestyle; Others,heatstress; humancooling; climatetech,https://www.eztiamaterials.com/,
EMMA MATRIX PTE. LTD.,2026,1 - 10,Pre-seed,AI; Digital Health; SaaS; Data Analysis; Big Data,AI; emotion; wellbeing; hr; recovery; learning; corporate content; employee recognition; Health Analytics; benefits,http://www.emmamatrix.com,
INDUSTRIALMIND.AI PTE. LTD.,2024,11 - 50,Pre-seed,AI; Manufacturing & Engineering,AI; Manufacturing; traditional industry,https://industrialmind.ai,
KEEPER CARE PTE. LTD.,2026,1 - 10,Pre-seed,Medtech; Healthcare Services; AI; Consumer Electronics; Healthcare,Medical devices; Home & Living; Mobile Health; Consumer Electronics,https://www.keepercare.co/,
FUURAA HOLDING GROUP PTE. LTD.,2026,1 - 10,Pre-seed,AI; Robotics,,https://fuuraa.com/,
PODIUM PTE. LTD.,2023,11 - 50,Series A,AI; Real Estate,Planning & Design; architecture ; AEC,https://podium.io,
SENTINEL SYNTHESIS (PRIVATE) LIMITED,2026,1 - 10,Pre-seed,AI; Enterprise Solutions; Others; Data Analysis; Cloud,AI Cybersecurity; Deep Tech; Security Automation; Threat Detection & Response; Explainable AI; MSSP Solutions; SME Security; Enterprise Security; Compliance & Audit; Cybersecurity Innovation,https://www.sentinel-synthesis.com,
JUSQ BIOID INNOVATIONS PTE. LTD.,2024,1 - 10,Pre-seed,Semiconductor; Biotech; Fintech,,https://www.jusqbioid.com/,
OTONOMUS PTE. LTD.,2026,1 - 10,Pre-seed,AI,Agentic CFO,https://agenticcfo.com/,
EDUVILLE PTE. LTD.,2025,1 - 10,Pre-seed,Education; Gaming; AI; Lifestyle; Others,Gamification; Natural Language Processing; E-Learning; Learning Platform,https://www.eduville.com,
TRELINX PTE. LTD.,2026,1 - 10,Pre-seed,AI; Infocomm Tech; SaaS,AI Receptionist; Ai voice agent; Customer Service Automation; WhatsApp Business; Virtual Receptionist; AI Call Answering; conversational ai; Multi-Outlet Management,https://www.trelinx.com.sg/,
Cove Living,2018,11 - 50,Seed,Urban Solutions,,https://www.coveliving.co/,
Glife Technologies Pte. Ltd.,2017,1 - 10,Seed,Lifestyle,Sharing Economy; Aggregator; Platform,http://glife.com.sg/,
TreeDots,2017,1 - 10,Pre-seed,Food & Beverage; Lifestyle; Others,,https://www.thetreedots.com/,
PACTLY PRIVATE LIMITED ,2017,1 - 10,Pre-seed,Education,Law; Artificial intelligence,https://pactly.ai/,
MEZZOFY (SINGAPORE) PTE. LTD.,2016,11 - 50,Pre-seed,Infotech,,http://www.mezzofy.com,
MEDISIX THERAPEUTICS PTE. LTD.,2016,11 - 50,Pre-seed,Enterprise Solutions,,http://www.ucer.com,
AN SECURITY PTE. LTD.,2016,101 - 200,Pre-seed,Infotech,,http://www.pcs-security.com/,
TRAVERSE TECNOLOGIES PTE LTD,2017,11 - 50,Seed,Urban Solutions; Cleantech,Modules & Components; Machinery & Systems; Cleantech; Manufacturing & Engineering,https://traverse.ai/,
Vebits AI,2017,1 - 10,Pre-seed,Maritime; Supply Chain & Logistics; Infocomm Tech; Urban Solutions; Robotics,Data Analytics; Cloud computing; Transport,https://www.vebits.com/,
EnvironSens,2017,1 - 10,Pre-seed,Cleantech,Waste Management; Urban Solutions; Cleantech,https://www.environsens.com/,based on internet checks
Codesurance,2018,1 - 10,Seed,Enterprise Solutions; Infocomm Tech,Software Solution; Enterprise Solutions; Infocomm Tech,https://codesurance.com/,
Tutopiya,2018,1 - 10,Pre-seed,Education,Education; Platform,http://tutopiya.com/,
DigiSeas,2017,1 - 10,Pre-seed,Supply Chain & Logistics; Manufacturing & Engineering,IoT; Supply Chain & Logistics; Manufacturing & Engineering,https://digiseas.com/,
Movinc,2017,1 - 10,Pre-seed,Digital Health; Consumer Electronics; Healthcare; Lifestyle; Manufacturing & Engineering,Digital Health; Lifestyle; Manufacturing & Engineering,https://www.movinc.sg/,
Switcheo Network,2018,,Pre-seed,Fintech,,https://switcheo.network/,
JEBHEALTH,2016,1 - 10,Pre-series A,Digital Health; Healthcare Services; E-Commerce,Primary Care; Specialist Care; Tertiary Care; Digitised Health Systems,https://jebhealth.com/,
9cv9,2017,11 - 50,Pre-seed,Enterprise Solutions; Blockchain,Human Resources; SaaS,https://9cv9.com/,
Cognicept Systems,2018,1 - 10,Pre-seed,Robotics,Robotics; robot; downtime; uptime; reliability; IoT,http://cognicept.systems/,
KNOWLEDGE NAVIGATOR PTE. LTD.,2016,11 - 50,Pre-seed,Retail; AI; Real Estate; Urban Solutions; IoT,Video Processing; Facilities Management; proptech,https://lauretta.io,
CUDY PTE. LTD.,2017,11 - 50,Pre-seed,Education; E-Commerce; AI; Infocomm Tech; SaaS,Learning Platform; E-Learning; learning; Education; lms; online; E-Commerce; marketplace,https://www.cudy.co,
Asia Insect Farm Solutions (AIFS),2017,1 - 10,Pre-seed,Agritech,Insect Farming; Smart Farming,https://aifs.asia/,
Ocean Protocol,2017,,Seed,Big Data,,https://oceanprotocol.com/,
Jobtech,2017,,Pre-seed,Big Data,,https://jobtech.co/,
SAPIENT PREDICTIVE ANALYTICS PTE. LTD.,2018,1 - 10,Pre-seed,AI; Fintech; Data Analysis; Big Data,Forecasting; Crowdsourcing; Collective Intelligence; Wisdom of Crowds; Social Trading; Investing; Behavioral Finance; Predictive Analytics; Data Analysis; Data Science,https://www.sapientswarm.com,
Singa-pol,2016,,Pre-seed,Others,,http://singapol.pl/,
JEDTrade,2017,,Pre-seed,Supply Chain & Logistics,,https://www.jedtrade.com/,
IT-FIXED PTE. LTD.,2018,1 - 10,Pre-seed,Gaming; Consumer Electronics; Enterprise Solutions; Infocomm Tech; Hardware,Information Technology,https://www.it-fixed.com/,
JUICEINNOV8 PTE. LTD.,2018,11 - 50,Seed,Food Science and Technology; Biotech; Agritech; Food Manufacturing & Processing,"foodtech, foodbiotech",http://www.juiceinnov8.com,
ORADOS PTE. LTD.,2018,1 - 10,Pre-seed,Infotech; Events; Real Estate; Travel & Hospitality; Lifestyle,#spacesharing #sharingeconomy #workspace,http://about.bizcnd.com/,
Jumper.ai,2017,11 - 50,Seed,Retail,,https://jumper.ai/,
SCU2 Labs Pte Ltd,2018,1 - 10,Pre-seed,Infotech; Enterprise Solutions; IoT; Cloud; Big Data,smart building solutions; IoT enablement & solutions; data logging & monitoring; finding talents; finding investors; Data Analytics; AI; Sensors; connectivity; predictive maintenance,http://www.scu2labs.com/,
The Iterative Collective,2019,1 - 10,Pre-seed,Gaming,Gaming; Game Development; video games; games; Entertainment,https://theiterative.co,
BLINQ FASHION PTE. LTD.,2018,11 - 50,Seed,E-Commerce; AR/VR,Luxury Fashion Augmented Reality in E-Commerce focusing on ASEAN market,https://blinq.fashion,
LIFEVITAE PTE. LTD.,2019,1 - 10,Pre-seed,Adtech,HR Technology,https://lifevitae.co/,
BIOPSIN PTE. LTD.,2018,1 - 10,Pre-seed,Biotech; Agritech; Food & Beverage; Pharmaceutical; Healthcare,"Pathogen Testing, Rapid Detection, Gold-standard Limit of Detection, Microbial Diagnostics, Endotoxin Assay, LAL Test, TAL Test",http://www.biopsin.com,
TINYLINK PTE. LTD.,2018,1 - 10,Pre-seed,E-Commerce; IoT,carefree travel; local service; travel assessment,http://www.ishop.sg,
SINGULARITY TECH PTE. LTD.,2019,1 - 10,Pre-seed,Infotech; Data Analysis; Cloud; Big Data,Devops; Migration; Cloud; Cybersecurity; Quality; ML; AI,http://www.singularitytechno.com,
ZEUSX PTE. LTD.,2019,1 - 10,Pre-seed,Gaming; E-Commerce,Gamers; Gaming; marketplace; secondary market,http://www.zeusx.com,
BLOCK ARMOUR PTE. LTD.,2019,11 - 50,Pre-seed,Others; Blockchain; IoT; Cloud,Cybersecurity; Blockchain; IoT; Smart City; Smart Nation; Cloud; Work from Home,https://www.blockarmour.com,
QI SQUARE PTE. LTD.,2017,1 - 10,Pre-seed,Urban Solutions; Cleantech,Green Building Technology; energy efficiency; Energy Intelligence; Energy Audits,http://qisquare.sg,
WAVESCAN TECHNOLOGIES PTE. LTD.,2018,11 - 50,Seed,Industrial Electronics; AI; Maritime; Real Estate; Urban Solutions,AI-powered See-through Inspection Technology for Predictive/Preventive Asset Management,https://www.wavescan.sg,
VRCOLLAB PTE. LTD.,2016,11 - 50,Seed,Precision Engineering; Enterprise Solutions; Urban Solutions; Manufacturing & Engineering; AR/VR,Software; architecture ; Engineering; Construction; AR/VR; AEC; BIM; VDC; Data Analysis; Planning & Design,https://vrcollab.com/,
KNOW YOUR CUSTOMER (SINGAPORE) PTE. LIMITED,2018,,Seed,,,https://www.knowyourcustomer.com,
DIBIZ PTE. LTD.,2019,11 - 50,Pre-seed,Supply Chain & Logistics; Blockchain; IoT; Cloud; Big Data,Collaborative Supply Chain Management; Traceability in Supply Chain; Blockchain; Connected Trading Partners; B2B Collaboration; marketplace,https://dibizglobal.com,
Loominous Singapore,2018,1 - 10,Pre-seed,E-Commerce; Supply Chain & Logistics; Manufacturing & Engineering,Planning & Design,https://www.loominous.com,
DATANEST PTE. LTD.,2019,11 - 50,Pre-seed,Retail; AI; Supply Chain & Logistics; Data Analysis; Big Data,Big Data; Data Analysis; Natural Language Processing; Application Development; SaaS,https://datanest.io,
SONDER SOCIAL PTE. LTD.,2017,,Pre-seed,,,http://www.sondersocial.com,
I Wanna Go,2019,1 - 10,Pre-seed,AI; Events; Big Data,MICE; event organizers; conferences; conventions; exhibitions,http://iwannago.sg,
YU TAI TEA (SG) ENTERPRISE PTE. LTD.,2018,1 - 10,Pre-seed,Infotech; Food & Beverage,Web Development; Systems Development; Communication Systems; Application Development; Content Hosting,https://www.yutaisingapore.com,
Spenmo,2019,11 - 50,Seed,Fintech; SaaS,Payment Systems; P2P Lending; Risk Management,http://www.spenmo.com,
AESPADA TECHNOLOGIES PTE. LTD.,2018,1 - 10,Pre-seed,Enterprise Solutions; Others; SaaS; Data Analysis,Construction; Transportation; SaaS,http://aespada.io/,
NEUROBIT TECHNOLOGIES PTE. LTD.,2018,1 - 10,Pre-seed,AI; Digital Health; Healthcare Services; Healthcare; Big Data,Health Analytics; Mobile Health,https://www.neurobit.io/,
TURTLETREE LABS PTE. LTD.,2019,11 - 50,Series A,Food Science and Technology; Agritech; Food Manufacturing & Processing,milk; Alternative Protein; biotech; FoodTech,https://turtletreelabs.com/,
YOLO TECHNOLOGY PTE. LTD.,2016,,Pre-seed,,,https://bossjob.ph,
AVEVAI PTE. LTD.,2018,1 - 10,Seed,Transport; AI; Supply Chain & Logistics; Urban Solutions; Manufacturing & Engineering,Electric Vehicles;  ,https://www.avevai.com,
YOUYI TECHNOLOGY PTE. LTD.,2018,,Pre-seed,,,http://www.youyi.one,
Tatsu Works,2019,1 - 10,Pre-seed,Gaming; E-Commerce; SaaS; Cloud; Big Data,Gamification; Social Networking; Social Media,https://tatsu.works,
CRANK N' CHAIN PTE. LTD.,2020,1 - 10,Pre-seed,Retail; Events; Entertainment; Healthcare; Lifestyle,bicycle; Triathlon; Roadbike; e-bike; cafe; coffee; Sports; events; Lifestyle; Exercise,http://cranknchain.com,
QUANTUMTX PTE. LTD.,2017,1 - 10,Pre-seed,Medtech; Healthcare,Medical devices; Health Supplements; rehab; Elder Care; Diabetic Care; Fitness; Wellness,http://www.quantumtx.com,
FEIGIN ELECTRIC SINGAPORE PTE. LTD.,2018,1 - 10,Pre-seed,Industrial Electronics; Consumer Electronics; Enterprise Solutions; Urban Solutions; Manufacturing & Engineering,"Electricity optimization is not just about the bill, but a sophisticated approach towards competitiveness, equipment protection and environmental impact.; Emission Control",http://www.feiginelectric.com/,
SYVYLYZE ANALYTICS PTE. LTD.,2019,11 - 50,Pre-seed,Media; AI; Data Analysis; Big Data,analytics; Big Data; MarTech; social CRM,https://www.syvylyze.com,
JSL SOLUTION PTE. LTD.,2019,,Pre-seed,,,http://paymentoptions.com.sg/co/,
Advomi - Legal on Demand,2019,11 - 50,Seed,AI; E-Commerce; SaaS; Cloud,Legal Tech,https://Advomi.com.sg,
Filmplace HQ Pte Ltd,2019,11 - 50,Pre-seed,Media; Adtech; AI; Real Estate; SaaS,marketplace; P2P; Media; Film ; video; location; real estate; Rental ; filmplace; filmhouse rental,https://www.filmplace.co,
TWIMBIT PTE. LTD.,2018,1 - 10,Pre-seed,Infotech; AI; SaaS; Data Analysis,consulting ; research ; Data Analysis,https://twimbit.com,
SWINGVY PTE. LTD.,2016,11 - 50,Series A,Enterprise Solutions; Others; SaaS; Cloud,Human Resources; hrtech; hrm; Insurtech; payroll; benefits; employee benefits; INSURANCE; hr; Cloud,https://www.swingvy.com/,
FLEETBASE PTE. LTD.,2018,1 - 10,Pre-seed,Transport; Marine & Offshore; Supply Chain & Logistics; Cloud; Big Data,Haulage; Logisticstech; API; Application Development; developerframework; logistics; supplychain; transport; lastmile,https://fleetbase.io/,
HOOLAH HOLDINGS PTE. LTD.,2017,11 - 50,Series A,Fintech,Payment Systems; E-Commerce; Personal Finance,https://www.hoolah.co/#homepage,
FACILITYBOT PTE. LTD.,2019,1 - 10,Pre-seed,AI; Real Estate; Urban Solutions; SaaS; Cloud,facilities; management; chatbot; artificial; intelligence,https://facilitybot.co,
SOLATEKS PTE. LTD.,2020,11 - 50,Seed,Cleantech,Solar; EV; Charging; Battery,https://www.solateks.com/,
SIGN PTE. LTD.,2020,1 - 10,Pre-seed,Fintech; Enterprise Solutions; Blockchain; SaaS; Cloud,Digital signatures; Blockchain; verifiable credentials; document authenticity; document notarisation; non fungible tokens,https://www.sign.net,
DIGITAL7 PTE. LTD.,2019,1 - 10,Pre-seed,Adtech,ad tech; Blockchain; Marketing; Digital Marketing,https://digital7.tech/,
SKILIO PTE. LTD.,2019,1 - 10,Pre-seed,Education; AI; SaaS,Education; soft skills; Artificial intelligence,https://skilio.co,
WAVEBOOST PTE. LTD.,2019,1 - 10,Pre-seed,Industrial Electronics; Cleantech; Manufacturing & Engineering; IoT; Hardware,#RF energy; #RF power; #Wireless Energy; #Wireless Power; #wireless rf power; #wireless rf energy; #Wireless Power Transfer; #wireless energy transfer; #IoT,https://www.waveboost.net/,
TRAMES PRIVATE LIMITED,2019,,Seed,,,https://trames.sg/,
NOSH PRODUCE PTE. LTD.,2020,1 - 10,Pre-seed,Agritech; Food & Beverage; Urban Solutions,vertical farming; farm to table; sustainable; pesticide free; beyond organic ; container farming; Controlled Environment Agriculture; hydroponics; Smart Farming; High intensity farming,https://www.instagram.com/noshproduce/,
ENTROPICA LABS,2018,11 - 50,Seed,Infotech; AI; Others; Data Analysis; Cloud,Quantum; Computing; Deep Tech; Optimisation; Innovation,https://entropicalabs.com/,
INSECTTA PTE. LTD.,2018,1 - 10,Seed,Biotech; Agritech; Manufacturing & Engineering,Insect Farming; biomaterials; chitosan; melanin; black soldier fly; Circular Economy; insects; Functional Feed Additive; Extraction Technology; cosmetics,https://www.insectta.com/,
BONZA PTE. LTD.,2020,,Seed,,,https://www.thebonza.com/,
TRANSIT PROTOCOL HOLDINGS PTE. LTD.,2019,,Pre-seed,,,https://transitprotocol.com/,
AICHAT PTE. LTD.,2016,11 - 50,Pre-seed,AI; SaaS; Data Analysis; Big Data,conversational ai; NLP; Marketing Tech,https://aichat.com/,
Latenx (Singapore),2018,1 - 10,Seed,AI; Fintech; Blockchain,AI; Trading; Investing; Risk Management; Cryptocurrency,https://latentx.com,
LIGHTHOUSE XP PTE. LTD.,2018,1 - 10,Pre-seed,Education; Infotech; AI; Infocomm Tech; SaaS,EduTech; micro-learning; social-learning; intelligent messaging; corporate l&d; AI; bespoke,http://www.lighthousexp.com,
REIT PTE. LTD.,2019,1 - 10,Pre-seed,Transport; Urban Solutions; Cleantech; Manufacturing & Engineering; IoT,smart mobility; Electric Motorbikes; Battery Swapping; Battery Swapping Infrastructure,https://reitev.com,
MYKAKI PTE. LTD.,2019,1 - 10,Pre-seed,Maritime; E-Commerce; Supply Chain & Logistics; Infocomm Tech; Data Analysis,digital freight forwarder; supply chain solutions; Shipping ; Freight; procurement; logistics; b2b,https://mykaki.sg,
SAVER'S MED PTE. LTD.,2019,1 - 10,Pre-seed,Healthcare Services; Complementary Health Products; E-Commerce; Pharmaceutical; Healthcare,"#discountmeds, #saveonprescriptions, #affordablehealthcare,",https://www.saversmed.com/,
POCCUPINE HOLDING PTE. LTD.,2019,11 - 50,Series A,Retail; E-Commerce; Fintech,ecommerce; Education; Gaming; shopping cart; marketplace; digital goods; Retail,http://www.moovita.com/,
BEEZBEE EXPRESS PTE. LTD.,2020,1 - 10,Pre-seed,Supply Chain & Logistics,Door to door; courier; delivery; logistic; Service,https://beezbee.co,
ANOR TECHNOLOGIES PTE. LTD.,2018,1 - 10,Seed,Medtech; Precision Engineering; Infotech; AI; Hardware,Machinery & Systems; Optics & Photonics; Security; Medical Device; Artificial intelligence,https://anor-tech.com,
X FACTORIE DIGITAL PTE. LTD.,2019,1 - 10,Pre-seed,Retail; E-Commerce; Infocomm Tech; Lifestyle; Cloud,digitalmarketing; ecommerce; crm; webdevelopment,https://xfactorie.digital,
QUALEE TECHNOLOGY PTE. LTD.,2017,,Seed,,,https://www.qualee.com/,
AICULUS PTE. LTD.,2019,,Seed,,,https://www.aiculus.co/,
ACKCIO PTE. LTD.,2016,11 - 50,Series A,IoT,contruction; proptech; Wireless; IoT; Hardware,https://www.ackcio.com/,
CROSSANGLE PTE. LTD.,2018,,Series A,,,https://xangle.io/,
NEXUS VITA PTE. LTD.,2017,1 - 10,Pre-seed,Biotech; AI; Digital Health; Healthcare; IoT,Digitised Health Systems; Health Analytics; ehealthcare ,https://www.nexusvita.com,
CREDIT SHARING PLATFORM PTE. LTD.,2019,1 - 10,Pre-seed,Retail; Fintech; Enterprise Solutions; Others,Payment Systems; Rewards; Enterprise; Social Networking; Personal Finance,https://www.swapie.co,
CLOUD ACE PTE. LTD.,2018,Above 200,Seed,Infotech; AI; Others; Cloud; Big Data,Web Development; Application Development; Systems Development; Cloud; Google Cloud; G Suite; Google Cloud Platform; AI; ML; System Integration,https://www.cloud-ace.sg,
PROTOS LABS PTE. LTD.,2020,1 - 10,Pre-seed,AI; Fintech; Enterprise Solutions; Infocomm Tech,Cybersecurity; Risk Management; Insurtech,https://protoslabs.sg,
MEDULLA PRO TECHNOLOGY PTE. LTD.,2018,1 - 10,Pre-seed,Medtech,Medical devices,https://www.trendlines.com/company/medulla-pro/,
NET KINGKONG PTE. LTD.,2019,1 - 10,Pre-seed,Food Science and Technology; Infotech; E-Commerce; Enterprise Solutions; SaaS,Systems Development; Web Development; Application Development; Smart & Sustainable Packaging; SaaS; Knowledge Management; Customer Relationship Management; Data Warehouse,http://www.netkingkong.com,
VOXTELLAR PTE. LTD.,2019,,Pre-seed,,,http://www.Voxtellar.com,
NEUROPLAY SYSTEMS PTE. LTD.,2020,1 - 10,Pre-seed,Medtech; Healthcare Services; Healthcare; Robotics,Medical devices; Neurology; Neurodevelopmental disorders; autism; ADHD; Cerebral Palsy; Rehabilitation; Serious games,https://www.neuroplaysystems.com,based on internet checks
AKTIVOLABS PTE. LTD.,2017,11 - 50,Seed,Digital Health; Fintech; Healthcare; IoT; SaaS,Mobile Health; Insurtech; Health Analytics,https://www.aktivolabs.com/,
Kryst Digital,2018,1 - 10,Pre-seed,Infotech; Gaming; E-Commerce; SaaS; Cloud,SaaS; Web Development; Systems Development; Application Development; Legal Tech; Planning & Design; E-Commerce; Gamification; Content Hosting,https://kryst.co,
FindTheLoan.com,2020,1 - 10,Pre-seed,Infotech; Fintech; SaaS,Lending; loans; credit; sme loans; SME loan; Personal Finance; alternative finance,https://findtheloan.com/?utm_source=startupsg&utm_medium=referral&utm_term=ourwebsite,
Noak,2020,11 - 50,Pre-seed,Digital Health; Enterprise Solutions; Healthcare; Data Analysis; Cloud,Mobile Health; Telemedicine; Digitised Health Systems; Health Analytics,https://noak.sg,
ANYWHEEL PTE. LTD.,2017,,Pre-seed,Transport; Urban Solutions,,https://www.anywheel.sg,based on internet checks
DOTBIO PTE. LTD.,2017,1 - 10,Seed,Biotech,antibody; startup; Biotechnology; drugs; immuno-oncology,https://www.dotbiopharma.com/,
SHIOK MEATS PTE. LTD.,2018,,Series A,Biotech,,https://shiokmeats.com/,
BETA MEDTECH PTE. LTD.,2018,1 - 10,Pre-seed,Medtech; AI; Healthcare,We support clinicians to predict & prevent pressure injuries among bedridden patients; Medical devices; Wound Care,https://betamedtech.com/,
LYTE VENTURES PTE. LTD.,2017,,Pre-seed,Fintech,,https://www.lyteventures.com/,based on internet checks
ZPX PTE. LTD.,2016,,Pre-seed,Fintech; Blockchain,,,
FIDELIUM INTERNATIONAL PTE. LTD.,2018,,Pre-seed,Fintech,,https://fideliumgroup.com,based on internet checks
TRUEWORLD STUDIOS PTE. LTD.,2021,1 - 10,Pre-seed,Gaming; Events; Entertainment; AR/VR,XR; AR/VR; Gamification; animation; virtual conference; metaverse,https://www.trueworldstudios.com,
NAVDECK PTE. LTD.,2021,1 - 10,Pre-seed,Education; AI; Enterprise Solutions; Infocomm Tech; Data Analysis,Human Resources; E-Learning; Knowledge Management; Learning Platform; Skills Management; Human Cloud; Employee Engagement; Career Navigation,https://www.navdeck.sg/,
ENVIRONMENTAL TECHNOLOGY PTE. LTD.,2016,11 - 50,Pre-seed,Cleantech; Manufacturing & Engineering,Recycling; Waste Technology; Cleaning Technology; Renewable Energy,https://environmentaltechnology.com.sg/,
CURIOUS SQUIRRELS PTE LTD,2019,,Pre-seed,Education; Robotics,,https://www.curioussquirrels.sg/,based on internet checks
INROVO PTE LTD,2017,,Pre-seed,AI; Enterprise Solutions; IoT; Robotics,,https://www.inrovo.com,based on internet checks
ZENYUM PTE. LTD.,2018,,Pre-seed,Retail; Healthcare,,,
FLYNDE SINGAPORE PTE LTD,2016,,Pre-seed,Infocomm Tech; Others,,https://www.flynde.com,based on internet checks
RELOGO PTE LTD,2018,,Pre-seed,Infocomm Tech,,,
IASO PTE. LTD.,2019,,Pre-seed,Digital Health; Healthcare,,,no webpage found
ést.lab PTE. LTD.,2018,,Pre-seed,E-Commerce; Lifestyle,,,
Respiree Pte Ltd,2019,,Pre-seed,AI; Healthcare,,https://www.respiree.com,based on internet checks
Affle International Pte. Ltd.,2018,,Pre-seed,Enterprise Solutions; Data Analysis,,https://www.affle.com,based on internet checks
Accredify,2018,11 - 50,Series A,Education; Enterprise Solutions; Blockchain; SaaS,SaaS,https://accredify.io,
Texenergy Pte Ltd,2017,,Pre-seed,Manufacturing & Engineering,,https://www.texenergy.com,based on internet checks
Dimuto PTE. LTD.,2018,,Pre-seed,Infotech; Agritech; AI; Blockchain,,http://www.uniflowpower.com,
GORILLA NETWORKS PTE LTD,2019,,Pre-seed,Fintech; Infocomm Tech,,https://www.gorillaesim.com/,based on internet checks
Knowledgehut Solutions PTE. LTD.,2017,,Pre-seed,Education,,,
STACS (F.K.A. Hashstacs),2017,,Pre-seed,Infotech; Fintech,,https://www.esgpedia.io,based on internet checks
PropertyQuants PTE. LTD.,2018,,Pre-seed,Real Estate,,https://propertyquants.com/,based on internet checks
AD UNITED TRADING PTE. LTD.,2018,,Pre-seed,,,,no webpage found
Stylepedia Pte LTD,2019,,Pre-seed,Lifestyle,,,no webpage found
Ion Mobility (Ion Electric Pte Ltd),2019,,Pre-seed,Transport,,,
TIIM HEALTHCARE PTE. LTD.,2016,,Seed,Healthcare,,https://www.tiimhealthcare.com,
Biocheetah PTE. LTD.,2018,1 - 10,Pre-seed,Biotech,Immunodiagnostics; Urological cancers,https://www.biocheetah.com/,
Vertivegies PTE. LTD.,2016,,Pre-seed,Agritech,,,
Joye PTE. LTD.,2018,,Pre-seed,AI; SaaS,,https://joye.ai/,
TELEMEDC PTE. LTD.,2017,,Pre-seed,Medtech; Healthcare,,https://www.telemedc.com/,based on internet checks
Treedots INTERNATIONAL (PRIVATE LIMITED),2020,,Pre-seed,E-Commerce,,https://www.thetreedots.com,based on internet checks
WANNATALK PTE. LTD.,2017,,Pre-seed,,,,
GLOBAL INTELLIGENT BUSINESS SERVICES PTE. LTD.,2017,,Pre-seed,,,,
Nusmetics Pte. Ltd.,2019,,Pre-seed,Lifestyle; Others,,https://www.nusmetics.com,
Invigilo Technologies,2020,1 - 10,Seed,AI; Enterprise Solutions; Urban Solutions; IoT; Big Data,Video Processing; Knowledge Management; Workplace Safety; Artificial intelligence; video analytics; Data Analysis; Construction Technology; Industrial AI,http://invigilo.ai/,
MindFi,2016,,Pre-seed,Infotech,,https://mindfi.co/,based on internet checks
Claim Di PTE. LTD.,2016,,Pre-seed,Infotech,,,no webpage found
Propine Technologies Pte Ltd,2018,,Pre-seed,Infotech,,,
Connected Freight Pte Ltd,2018,51 - 100,Series A,Supply Chain & Logistics,SaaS,https://www.connectedfreight.com/,
RecyGlo Company Pte Ltd,2017,,Pre-seed,Urban Solutions,,https://www.recyglo.com,based on internet checks
Eskwelabs Pte Ltd,2019,,Pre-seed,Education; Data Analysis,,https://www.eskwelabs.com/,based on internet checks
Custodio Technologies Pte Ltd,2016,,Pre-seed,AI,,,
Asia Wealth Platform Pte Ltd,2016,,Pre-seed,Fintech,,https://www.stashaway.sg/,based on internet checks
GoComet Pte. Ltd.,2018,,Pre-seed,Supply Chain & Logistics,,https://www.gocomet.com,based on internet checks
Onzla Pte Ltd,2019,1 - 10,Pre-seed,E-Commerce,E-Commerce; Web Development; Content Hosting,http://onzla.com,
STANDCRAFT PTE LTD.,2017,,Pre-seed,Enterprise Solutions; Others,,,
Silveractivities Pte Ltd,2018,,Pre-seed,Lifestyle,,https://silveractivities.com/,based on internet checks
SINTELLISYS PTE. LTD.,2018,,Pre-seed,Infotech; AI,,https://sintellisys.com.sg/,based on internet checks
Medilot Technologies Pte Ltd,2018,,Pre-seed,Healthcare; Blockchain; Data Analysis,,,
AMGD GLOBAL PTE. LTD.,2016,,Pre-seed,Food & Beverage,,https://amgd.sg,
ROYLAB GLOBAL PTE. LTD.,2018,,Pre-seed,,,https://www.roylabglobal.com.sg/,
GIBS SMART CITY PTE. LTD.,2020,1 - 10,Pre-seed,Urban Solutions; Blockchain; IoT; Big Data; AR/VR,digital twin ; Smart City,http://www.gibssc.io,
OBEDEN PTE. LTD.,2020,1 - 10,Pre-seed,Medtech; E-Commerce; Fintech; Enterprise Solutions; Data Analysis,pdpa; GDPR; UK-GDPR; DPA-2018; Data Compliance,https://www.obeden.sg,
LEARNING LOOP PTE. LTD.,2021,1 - 10,Pre-seed,Education; Data Analysis,Social Networking; E-Learning,https://learningloop.org,
MIFON LABS PTE. LTD.,2018,1 - 10,Pre-seed,Digital Health,Digitised Health Systems; SaaS,https://www.mibro.help,
PHI SPACE TECHNOLOGIES PTE. LTD.,2018,1 - 10,Pre-seed,Real Estate; Urban Solutions; SaaS,Green Building Technology; tech; Sustainability; ESG; proptech,http://www.phispace.sg,
VEXECUTION PTE. LTD.,2022,1 - 10,Pre-seed,AI; Enterprise Solutions; SaaS; Cloud,Human Resources; SaaS; Cloud; Data Analysis; E-Learning,https://www.vexecution.com,
VASCO SYSTEMS PTE. LTD.,2020,1 - 10,Pre-seed,Maritime; Supply Chain & Logistics; Cleantech; SaaS,"#emissions, #emissionsforecasting, #voyagemanagement, #seacargocharter, #posiedonprinciples",https://vascosystems.com/,
WEAVINSIGHT PTE. LTD.,2020,1 - 10,Pre-seed,AI; Marine & Offshore; Real Estate; Cleantech; Data Analysis,Emission Control; Eco Monitoring Technologies; Pollution Control; Waste Management; Green Building Technology; Cleaning Technology,https://weavair.com,
FEND DIGITAL PTE. LTD.,2021,1 - 10,Pre-seed,Adtech; AI; SaaS; Data Analysis; Big Data,Digital Marketing; Consumer & Marketing Analytics,https://www.fenddigital.com,
SOIL SOCIAL PTE. LTD.,2021,1 - 10,Pre-seed,Biotech; Agritech; Urban Solutions,Microbiology; Soil Technology; Fertilisers; Precision Agriculture; Waste Management,https://www.soilsocial.com,
ATERA WATER PRIVATE LIMITED,2021,1 - 10,Pre-seed,Cleantech,Water Treatment,http://aterawater.com,
viAct,2021,11 - 50,Seed,AI; Real Estate; Others; IoT; SaaS,Video Processing; Planning & Design; Facilities Management; ConTech; proptech; Construction Technology; AIoT; property management; Construction ESG; ESG,https://www.viact.ai/,
MANIFOLD PEOPLE PTE. LTD.,2022,1 - 10,Pre-seed,Lifestyle; SaaS; Cloud,Home & Living; Content Hosting; Cloud; Social Media,https://mysc.app,
BUENO TECHNOLOGIES PTE. LTD.,2021,1 - 10,Pre-seed,Fintech,BNPL; b2b; marketplace,https://bueno.money,
HANDY PTE. LTD.,2021,1 - 10,Pre-seed,E-Commerce; Lifestyle,Home & Living,https://handysg.com/,
BASKIT PTE. LTD.,2022,1 - 10,Pre-seed,Food & Beverage; E-Commerce; Supply Chain & Logistics; Enterprise Solutions; Data Analysis,Consumer Goods; SaaS; Inventory Management,http://www.baskit.app,
LESSON PLAN PRIVATE LIMITED,2020,1 - 10,Pre-seed,Education; Retail; E-Commerce,Learning Platform; E-Learning; Education; marketplace,https://www.lessonplan.com.sg/,
CAREERA,2020,1 - 10,Pre-seed,AI; Enterprise Solutions; Others; SaaS,recruitment; hr; jobseeker; hiring,http://careera.ai,
LABOR SOLUTIONS GLOBAL PTE. LTD.,2020,11 - 50,Pre-seed,Education; Supply Chain & Logistics; Infocomm Tech; SaaS; Data Analysis,E-Learning; Data Analysis; Communication Systems,https://www.laborsolutions.tech/,
SHANDI GLOBAL PTE. LTD.,2019,1 - 10,Seed,Food Science and Technology; Agritech; Food Manufacturing & Processing,Alternative Protein,http://shandiglobal.com,
UL CELL THERAPEUTIC PTE. LTD.,2022,1 - 10,Pre-seed,Biotech,genetherapies ; biotherapeutics ;  celltherapy ;  genetherapy; biotech,https://www.linkedin.com/in/jefflow/,
UGLYFOOD PTE. LTD.,2017,1 - 10,Seed,Retail; E-Commerce; Food & Beverage; Supply Chain & Logistics,groceries; Supermarket; farm to table; Sustainability; food waste; Waste Management,https://www.uglyfood.com.sg,
TREATSURE PTE. LTD.,2016,,Pre-seed,,,http://www.treatsure.co,
INPLEX PRIVATE LIMITED,2019,1 - 10,Seed,Real Estate; Manufacturing & Engineering; SaaS,Planning & Design; SaaS; Green Building Technology; Home & Living; Cloud; Data Analysis,https://www.inplex.net,
KAIJU WEB3 LABS PTE. LTD.,2022,1 - 10,Pre-seed,Gaming; Fintech; Blockchain; SaaS,metaverse; web3; GameFi; Blockchain; AR/VR,https://kaiju3d.com/,
Una Brands,2020,,Pre-seed,Retail; AI; E-Commerce,,https://www.una-brands.com,based on internet checks
T32 Dental Group,2020,,Pre-seed,Healthcare Services,,https://www.t32dental.com,based on internet checks
Chord X,2019,,Pre-seed,AI; Data Analysis; Cloud; Hardware,,https://chordx.co,based on internet checks
ALETHEA TECH PTE. LTD.,2019,,Pre-seed,Gaming; AI; Entertainment,,https://www.mycharacter.ai/,based on internet checks
ROSS DIGITAL PTE. LTD.,2017,,Pre-seed,Infocomm Tech; IoT; Cloud,,https://www.rossdigital.co,based on internet checks
LINGBLE PTE. LTD.,2019,,Pre-seed,E-Commerce,,https://www.lingble.com,based on internet checks
GOTRADE TECHNOLOGIES PTE. LTD.,2019,,Pre-seed,Fintech,,https://heygotrade.com/,based on internet checks
AND GLOBAL PTE. LTD.,2017,,Pre-seed,AI; Fintech; Infocomm Tech,,,no webpage found
NUTRITION TECHNOLOGIES RESEARCH PTE. LTD.,2021,,Pre-seed,Biotech; Urban Solutions,,,
STACKSEER TECHNOLOGIES PTE. LTD.,2018,,Pre-seed,Infotech; Blockchain; Data Analysis,,,
HMLET PTE. LTD.,2017,,Pre-seed,Travel & Hospitality; Lifestyle,,https://www.hmlet.com/,based on internet checks
TPA VENTURES PTE. LTD.,2019,,Pre-seed,Infotech; E-Commerce,,,
5 HEALTH PTE. LTD.,2018,,Pre-seed,AI; Healthcare Services,,,no webpage found
PRAKAL PTE. LTD.,2021,,Pre-seed,Gaming; Blockchain,,https://enjinstarter.com/,based on internet checks
AIRCARBON PTE. LTD.,2019,,Pre-seed,Fintech; Blockchain,,https://www.aircarbon.co,based on internet checks
SEQUENTIAL PTE. LTD.,2018,,Pre-seed,Biotech; Digital Health,,,
TORUS LABS PRIVATE LIMITED,2018,,Pre-seed,Infotech; Blockchain,,,
MANKIND MEDIA PTE. LTD.,2016,,Pre-seed,Retail; E-Commerce; Enterprise Solutions,,,
TROPHYROOM PTE. LTD.,2019,,Pre-seed,Gaming; Others,,,
PROSPARK PTE. LTD.,2019,,Pre-seed,Education,,https://prospark.co,based on internet checks
ACALA PTE. LTD.,2019,,Pre-seed,Fintech,,https://acala.network/,based on internet checks
LITHIUM LAB PTE. LTD.,2018,,Pre-seed,Education,,,
ONMIC TECHNOLOGY PTE. LTD.,2021,,Pre-seed,Infocomm Tech; Entertainment; Lifestyle,,https://www.getonmic.com,based on internet checks
WAPI PAY PTE. LIMITED,2019,,Pre-seed,Fintech,,https://www.wapipay.com,based on internet checks
XWG TECHNOLOGY PTE. LTD.,2018,,Pre-seed,Gaming; Blockchain; IoT,,,
HGX PTE. LTD.,2019,,Pre-seed,Fintech,,,
HEHEALTH PTE. LTD.,2022,1 - 10,Pre-seed,Medtech; AI; Digital Health; Healthcare Services; Healthcare,Medical Imaging; Telemedicine; Mobile Health; Specialist Care; STD; STI; Men's health; Artificial intelligence; Sexually Transmitted Diseases,https://www.hehealth.ai/,
GREEN CULTURAL TRAVEL HUB LIMITED,2017,1 - 10,Pre-seed,Agritech; E-Commerce; Travel & Hospitality; Urban Solutions; Blockchain,Controlled Environment Agriculture; Smart Farming; Organic Farming,https://gcthub.org/,
AVERPLAS (PTE. LTD.),2021,1 - 10,Pre-seed,SaaS,3D Simulation ; General and Plastic Surgery; Aesthetics ; Virtual Try-on ; Data Analysis; Facial Data; E-Commerce; metaverse,https://www.averplas.com/,
MARINO SOLAR PTE. LTD.,2022,1 - 10,Pre-seed,Maritime; Marine & Offshore; Manufacturing & Engineering,Floating solar; Offshore solar,https://www.linkedin.com/company/marino-solar,
KRAKATOA TECHNOLOGIES PTE. LTD.,2021,,Pre-seed,,,,no webpage found
AGRIG8 PTE. LTD.,2021,1 - 10,Pre-seed,Agritech; Fintech; SaaS,farm advisory; Yield prediction; crop modelling; credit rating,https://www.agrig8.com,
FLYP PTE. LTD.,2021,,Pre-seed,Others,,https://www.mercu.com/,based on internet checks
GENIUSU LIMITED,2019,,Pre-seed,Education; AI,,,
BOUNTY MEDIA PTE. LTD.,2019,,Pre-seed,Adtech; Infotech; SaaS; Big Data,,,no webpage found
ECOSPIRITS PTE. LTD.,2020,,Pre-seed,Supply Chain & Logistics; Urban Solutions,,,
FINANTIER PTE. LTD.,2020,,Pre-seed,Fintech; Infocomm Tech,,,
TRUSTINEO INTERNATIONAL PTE. LTD.,2018,1 - 10,Pre-seed,Agritech; E-Commerce; AI; Supply Chain & Logistics; SaaS,"Innovation in the commodities and agribusiness industry  through digital technology.;  Your One-stop Platform to buy directly from producers locally and worldwide;  Connecting Buyers and Producers; Innovation and Technology for Agri-food & Commodity Sector; Sustainability is in the heart of our business, our strategy and our culture; Opening the commodities and agribusiness market for Win-Win Business",https://www.trustineo.net,
PRIMUSE PTE. LTD.,2022,1 - 10,Pre-seed,Events; Entertainment; Others; Blockchain,Music & Podcasts; Data Analysis; Application Development; App,https://www.primuse.live,
ANOTHER FOOD PTE. LTD.,2023,1 - 10,Pre-seed,Food Science and Technology; Biotech; Agritech; Food & Beverage; Food Manufacturing & Processing,Alternative Protein; Cellular Agriculture; coffee; FoodTech; Plant Cell Culture,https://anotherfood.co/,
RAVN TECHNOLOGY PTE. LTD.,2023,1 - 10,Pre-seed,,,https://ravntechnology.com,
COMPART SYSTEMS PTE. LTD.,2016,,Pre-seed,,,https://www.compartsys.com/,based on internet checks
BRIGHTRAVEN PTE. LTD.,2023,1 - 10,Pre-seed,Infotech; AI; Enterprise Solutions; SaaS; Cloud,Natural Language Processing; SaaS; Cloud; Application Development; Web Development; Video Streaming; Video Processing,https://brightraven.ai,
ALLIUM BIOTECHNOLOGY PTE. LTD.,2022,1 - 10,Pre-seed,Food Science and Technology; Food & Beverage; Food Manufacturing & Processing,FoodTech; ingredients; fermentation; mycelium; algae; Alternative Protein,http://alliumbio.com/,
NEW SILICON CORPORATION PTE. LTD.,2016,,Pre-seed,,,,no webpage found
KEPIOS PTE. LTD.,2016,,Pre-seed,,,,
CULTURE GROUP PTE. LTD.,2016,,Pre-seed,,,,
SMARTRETAIL PTE. LTD.,2016,,Pre-seed,,,,
BEKNOWN PTE. LTD.,2016,,Pre-seed,,,,
UCARS PTE. LTD.,2020,,Pre-seed,,,,
XENOLIS PTE. LTD.,2022,1 - 10,Seed,Biotech,aptamer ; genetic alphabet expansion,https://xenolis.com/,
MALLOY LABS PTE. LTD.,2022,1 - 10,Pre-seed,Media; AI; Enterprise Solutions; Entertainment; SaaS,Video Processing; Video Streaming; SaaS,https://malloy.sg/,
LUBO PTE. LTD.,2023,1 - 10,Pre-seed,Marine & Offshore; Maritime; Cleantech; Manufacturing & Engineering,Microbiology; Water Treatment; Emission Control; Materials & Processes; Pest Management,https://www.lubo.sg,
BIRKELAND PTE. LTD.,2023,1 - 10,Pre-seed,Fintech; Entertainment,Social Media,https://birkeland.sh/,
COMPPORT PRIVATE LIMITED,2022,51 - 100,Pre-seed,Enterprise Solutions; Others; SaaS,Compensation management; Human Resources; Rewards management; incentive management; HR analytics; sales incentives; pay equity; manpower budgeting; merit planning; LTI management,https://www.compport.com/,
FUTURE FUSION DATA PTE. LTD.,2023,1 - 10,Pre-seed,AI; Digital Health; Data Analysis; Big Data,AI; bigdata; Data Analysis; biotech,https://www.fusionnexis.com/,
UX HABITAT PTE. LTD.,2022,1 - 10,Pre-seed,Marine & Offshore; Maritime; Lifestyle; Manufacturing & Engineering; SaaS,Application Development; Social Media; Systems Development; SaaS; Web Development,https://uxhabitat.sg/,
PAYSACTION APAC PTE. LTD.,2023,1 - 10,Pre-seed,Fintech,#fintech,https://paysaction.com,
NEURAL LAB PTE. LTD.,2022,11 - 50,Pre-seed,Media; Transport; AI; E-Commerce; Travel & Hospitality,#ai #machinelearning #nlp #aviation #ecommerce #media ,https://www.neurallab.io,
GREENITIO PTE. LTD.,2021,1 - 10,Pre-seed,Food Science and Technology; Biotech; Agritech; AI; Cleantech,Accelerating the transition to sustainable materials: Bio-based specialty chemicals that replace petrochemicals,https://Www.greenitio.com,
SEAMLESS XR PTE. LTD.,2022,1 - 10,Pre-seed,Medtech; Digital Health; Hardware; Robotics,Haptics; Telemedicine; Digitised Health Systems; Health Analytics; Diagnostics; Neurology; Medical devices,https://www.seamless.sg/,
ASHER LECHEM PTE. LTD.,2023,1 - 10,Pre-seed,Consumer Electronics,Consumer Electronics; Technology,https://asherlechem.com,
DEFI DAILY PTE. LTD.,2022,1 - 10,Pre-seed,Education; Fintech; Blockchain; Data Analysis,Blockchain; DeFi; FinTech; academy; market research ,https://defidaily.finance,
GRASSHOPPER GASTRONOMICS PTE. LTD.,2023,1 - 10,Pre-seed,Food Science and Technology; Agritech; Food & Beverage; Complementary Health Products; Food Manufacturing & Processing,Alternative Protein; Food Packaging; Health Supplements; Organic Farming,https://www.linkedin.com/redir/redirect?url=https%3A%2F%2Fwww%2Egrasshopper%2Esg&urlhash=Fn0N&trk=about_website,
SABIKI PTE. LTD.,2021,1 - 10,Pre-seed,AI; Enterprise Solutions; Others; SaaS; Cloud,Cyber Security; M365; ANTIPHISHING; EMAILSECURITY; PHISHINGATTACKS; AI,https://sabiki.ai,
SOCRATIC PATH PTE. LTD.,2023,1 - 10,Pre-seed,AI,AI,https://www.socraticpath.com/,
HARBDATA TECHNOLOGY PTE. LTD.,2023,1 - 10,Pre-seed,Retail; AI; E-Commerce; Data Analysis; Big Data,"retail tech, martech, big data, AI, Marketing Analytics",https://sg.harbdata.com,
GURUPADA DIGITAL TECHNOLOGIES PRIVATE LIMITED,2023,1 - 10,Pre-seed,Infotech; Enterprise Solutions; Infocomm Tech; IoT; SaaS,"Cyber Security; SaaS; Risk Management; Web Development; Application Development; Systems Development; Security Operations Center; VAPT; Privacy & Data Protection; Governance, Risk & Compliance",https://gurupada.digital,
RAYNATICS PTE. LTD.,2023,1 - 10,Pre-seed,Medtech; Consumer Electronics; E-Commerce; Digital Health; Healthcare,Medical devices; Consumer Electronics; E-Commerce,https://www.raynatics.com,
LINKKO TECHNOLOGY PTE. LTD.,2022,1 - 10,Pre-seed,Adtech; Blockchain,SaaS,https://www.linkko.io,
ALICIA BOTS PTE. LTD.,2022,11 - 50,Pre-seed,Semiconductor; AI; Marine & Offshore; Cleantech; Robotics,#maritime #robotics #iot ,https://aliciabots.com,
Plandora (formerly to.be.at),2023,1 - 10,Pre-seed,AI; Travel & Hospitality; SaaS,travel; E-Commerce; Social Media; AI,https://plandora.com,
PERIOKO MEDIA PTE. LTD.,2023,1 - 10,Pre-seed,Infotech; Real Estate; Enterprise Solutions; SaaS; Data Analysis,SaaS; Knowledge Management; Content Hosting; Customer Relationship Management; Legal Tech; Application Development,https://perioko.com,
CLOUDLITE INFOTECH PTE. LTD.,2023,1 - 10,Pre-seed,Infotech; Infocomm Tech; Blockchain; Data Analysis; Cloud,,https://cloudliteinfotech.com/,
SILQ PTE. LTD.,2017,Above 200,Pre-seed,Retail; Fintech; Supply Chain & Logistics,Retail; commerce; Embedded Finance; Consumer Goods; Technology,https://shopup.org/,
HEYSARA PTE. LTD.,2019,51 - 100,Pre-seed,Fintech; Others,Your Lifetime Corporate Compliance Partner,https://Heysara.sg,
FLEXII PTE. LTD.,2023,11 - 50,Pre-seed,,,https://flexii.net/,
JAN AI PTE. LTD.,2023,1 - 10,Pre-seed,AI,,https://jan.ai/,
DIESELMAN MARINE SERVICE SINGAPORE PTE. LTD.,2022,1 - 10,Pre-seed,,,http://www.dieselman.cn/,
B-SAFE WATER TECHNOLOGIES PTE. LTD.,2023,1 - 10,Pre-seed,,,https://bsafewater.com,
MIEA PTE. LTD.,2023,1 - 10,Pre-seed,AI; Digital Health; Enterprise Solutions; Infocomm Tech; Healthcare,"Healthcare, engagement, chatbot , AI, customer engagement, health monitoring ",http://Www.mieahealth.com,
WITAV PRIVATE LIMITED,2023,1 - 10,Pre-seed,Precision Engineering; Enterprise Solutions; Manufacturing & Engineering,Smart & Sustainable Packaging,http://www.witav.com/,
BERING L PTE. LTD.,2022,11 - 50,Pre-seed,AI; Enterprise Solutions; SaaS,Natural Language Processing; SaaS; Legal Tech,https://www.beringlab.com,
ATTUNNOV PTE. LTD.,2024,1 - 10,Pre-seed,Retail; Telecom; Fintech; Enterprise Solutions; IoT,,https://attunnov.com/,
LEVIT8 TECHNOLOGIES PTE. LTD.,2023,1 - 10,Pre-seed,AI; Enterprise Solutions; SaaS; Data Analysis,hrtech; AI; Artificial intelligence; talent; talent acquisition; Recruiting; SaaS,https://www.levit8.ai,
QLABS SG PRIVATE LIMITED,2020,1 - 10,Pre-seed,AI; IoT; SaaS; Cloud,Customised SaaS solutions,https://www.qlabs.sg,
KROOLO LABS PTE. LTD.,2023,11 - 50,Pre-seed,AI; SaaS,Knowledge Management; Customer Relationship Management; SaaS,https://kroolo.com,
HONTREL TECHNOLOGIES PTE. LTD.,2023,1 - 10,Pre-seed,Precision Engineering; Infotech; AI; Manufacturing & Engineering,Project and Product Engineering,https://www.hontrel.com,
TELESKOP TECHNOLOGIES PTE. LTD.,2023,1 - 10,Pre-seed,AI; Fintech; Lifestyle,Personal Finance; Financial Wellbeing ; Asset Aggregation; Legacy Planning; Digital Vault,https://teleskop.tech,
AMELQ HOLDINGS PRIVATE LIMITED,2018,1 - 10,Pre-seed,Agritech; Urban Solutions; Others,Precision Agriculture; Bioinformatics; Soil Technology; Livestock; Bio Agriculture,https://www.amelqbioagri.com,
AK VENTURES PTE. LTD.,2024,1 - 10,Pre-seed,Adtech; AI; E-Commerce; Fintech; Enterprise Solutions,Video Processing; Inventory Management; Digital Marketing,https://www.akventures.sg,
APACPAY PTE. LTD.,2016,,Pre-seed,,,,
SINFOSYS SOFTWARE SERVICES PTE. LTD.,2016,,Pre-seed,,,http://www.sinfosys-software.com.sg/,based on internet checks
VERTISIS TECHNOLOGY PTE. LTD.,2017,,Pre-seed,,,,
TRADESOCIO PTE. LTD.,2017,,Pre-seed,,,https://www.tradesocio.com,based on internet checks
INCTOUCH PTE. LTD.,2017,,Pre-seed,,,,no webpage found
LIFESOLUTIONS.WORK PRIVATE LIMITED,2017,,Pre-seed,,,,
GIH PTE. LTD.,2017,,Pre-seed,,,,
JOOMPA PTE. LTD.,2017,,Pre-seed,,,,
IRAMA PTE. LTD.,2017,,Pre-seed,,,,no webpage found
LANTURN PTE. LTD.,2017,,Pre-seed,,,https://www.lanturn.com,based on internet checks
DOERSCIRCLE PTE. LTD.,2017,,Pre-seed,,,,
TRADINGPLC PTE. LTD.,2017,,Pre-seed,,,,no webpage found
SCIENTIFIC BETA PTE. LTD.,2017,,Pre-seed,,,https://www.scientificbeta.com,based on internet checks
MEDIOS TECHNOLOGIES PTE. LTD.,2017,,Pre-seed,,,,no webpage found
PHOTOBOOK.AI PTE. LTD.,2017,,Pre-seed,,,,
TOKU PTE. LTD.,2017,,Pre-seed,,,https://toku.co/,based on internet checks
KRASIA PLUS PTE. LTD.,2018,,Pre-seed,,,https://kr-asia.com,based on internet checks
TRADEAI PTE. LTD.,2018,,Pre-seed,,,,no webpage found
HORIZON QUANTUM COMPUTING PTE. LTD.,2018,,Pre-seed,,,,
REBOOT QUOTIENT PTE. LTD.,2018,,Pre-seed,,,,no webpage found
EBB & FLOW PTE. LTD.,2018,,Pre-seed,,,https://www.ebbflowgroup.com/concepts,based on internet checks
ALLEGRO AQUA PTE. LTD.,2018,,Pre-seed,,,,no webpage found
PRXS PTE. LTD.,2018,,Pre-seed,,,,
ADGORITHMICS PTE. LTD.,2018,,Pre-seed,,,,
ASIAONE ONLINE PTE. LTD.,2018,,Pre-seed,,,,
COMMODITIES INTELLIGENCE CENTRE PTE. LTD.,2018,,Pre-seed,,,,
DOMI GAME STUDIOS PTE. LTD.,2022,,Pre-seed,,,,no webpage found
KYAN TECHNOLOGIES PTE. LTD.,2022,,Pre-seed,,,https://kyantechnologies.com,based on internet checks
SMARTR TECHNOLOGIES PTE. LTD.,2022,11 - 50,Seed,Education; AI; Enterprise Solutions; SaaS; Big Data,SaaS; E-Learning; Learning Platform; data; Human Resources,https://smartr.co/,
SECTA5 PTE. LTD.,2023,1 - 10,Pre-seed,Enterprise Solutions; SaaS,SaaS; Cyber Security,https://www.secta5.com/,
LIGNOSON PTE. LTD.,2023,1 - 10,Pre-seed,Agritech,"#sustainability , Circular Economy , PLYWOOD REPLACEMENT , Valorization of agri waste , ",https://www.lignoson.com,
SAAS FORENSIC SCHEDULE ANALYTICS PTE. LTD.,2022,1 - 10,Pre-seed,Infotech; Manufacturing & Engineering; SaaS; Big Data,Data Analysis; SaaS; Legal Tech; Natural Language Processing; Big Data; Web Development,https://fsa.sg/,
SCRIBO HOLDINGS PTE. LTD.,2022,1 - 10,Pre-seed,Education,AI; K12 Education; English writing; Improve English writing skills; micro-courses,https://www.literatu.com,
ANASTASIA DIGITAL EVOLUTION PTE. LTD.,2021,1 - 10,Pre-seed,Education; AI; Digital Health; Fintech; Healthcare,Digital Marketing; Application Development; Web Development; Digitised Health Systems; Health Supplements,https://anastasiatech.com/,
METACAMP PTE. LTD.,2020,1 - 10,Pre-seed,Education; Events; AI; Fintech; Blockchain,Blockchain; web3; AI; Education; Community; Incubator,https://metacamp.so,
ATHLEADERS GLOBAL PTE. LTD.,2019,11 - 50,Pre-seed,Healthcare Services,,https://www.athleaders.co,
GANGA NADI VALUKA TECHNOLOGY PTE. LTD.,2021,1 - 10,Pre-seed,Infotech; AI; Fintech,AI; Infotech; FinTech,http://GANGANADIVALUKA.com,
AQUARIUX PTE. LTD.,2020,,Pre-seed,,,,
APAYLATER FINANCIALS PTE. LTD.,2019,,Pre-seed,,,,
BOLTTECH DIGITAL SOLUTIONS CAPITAL PTE. LTD.,2022,,Pre-seed,,,,no webpage found
BLACKPANDA GROUP PTE. LTD.,2022,,Pre-seed,,,https://www.blackpanda.com/,based on internet checks
BRANKAS PTE. LTD.,2016,,Pre-seed,,,,
BLOCKVISION PTE. LTD.,2021,,Pre-seed,,,,
BUNKERCHAIN PTE. LTD.,2020,,Pre-seed,,,https://bunkerchain.io/,based on internet checks
COOLMATE PTE. LTD.,2020,,Pre-seed,,,,
COGO UNIVERSE PTE. LTD.,2020,,Pre-seed,,,https://cogoport.com/,based on internet checks
CUSTINTCO PTE. LTD.,2022,,Pre-seed,,,https://insightgenie.ai/,based on internet checks
DEGAME INTERNATIONAL PTE. LTD.,2021,,Pre-seed,,,https://degame.com,based on internet checks
DG GAME STUDIO PTE. LTD.,2021,,Pre-seed,,,,no webpage found
EVERPLAY PTE. LTD.,2019,,Pre-seed,,,https://everplay.io,based on internet checks
ESEVEL PTE. LTD.,2020,,Pre-seed,,,,
FOONIE MAGUS PTE. LTD.,2020,,Pre-seed,,,,no webpage found
HUBBED PTE. LTD.,2020,,Pre-seed,,,,no webpage found
GOLDEN SECOND PTE. LTD.,2020,,Pre-seed,,,,no webpage found
GOOD GANG LABS PTE. LTD.,2022,,Pre-seed,,,https://goodganglabs.com,based on internet checks
HPC AI TECHNOLOGY PTE. LTD.,2021,,Pre-seed,,,https://www.hpc-ai.com/,based on internet checks
INFINITY FORCE PTE. LTD.,2021,,Pre-seed,,,,no webpage found
HYBR1D TECHNOLOGIES PTE. LTD.,2022,,Pre-seed,,,https://www.hybr1d.io/,based on internet checks
HYPERLIVE ENTERTAINMENT PTE. LTD.,2021,,Pre-seed,,,https://www.hyperlive.tv,based on internet checks
INNOBASIC SOLUTIONS PTE. LTD.,2019,,Pre-seed,,,https://www.innobasic.com/,based on internet checks
LETSBLOOM PTE. LTD.,2021,,Pre-seed,,,https://www.letsbloom.io/,based on internet checks
MEDIEVAL EMPIRES PTE. LTD.,2021,,Pre-seed,,,https://medievalempires.com,based on internet checks
NESO BRANDS PTE. LTD.,2021,,Pre-seed,,,,
ORBIT MARKETS PTE. LTD.,2022,,Pre-seed,,,https://www.orbitmarkets.io/,based on internet checks
OONA INDONESIA PTE. LTD.,2022,,Pre-seed,,,,no webpage found
PARTIOR PTE. LTD.,2021,,Pre-seed,,,https://partior.com/,based on internet checks
RECLIMATE PTE. LTD.,2023,,Pre-seed,,,,
QUANTEN SEMICONDUCTOR INTERNATIONAL PTE. LTD.,2020,,Pre-seed,,,,
ROCK X PTE. LTD.,2021,,Pre-seed,,,https://www.rockx.com/,based on internet checks
SHOPPALIVE PRIVATE LIMITED,2017,,Pre-seed,,,https://shoppalive.com/about,based on internet checks
SODICK SINGAPORE TECHNO CENTRE PTE. LTD.,2017,,Pre-seed,,,,
SUPERGAMING PTE. LTD.,2019,,Pre-seed,,,,
SUPERMETA LABS PTE. LTD.,2021,,Pre-seed,,,,no webpage found
TEMPO LIVRE PTE. LTD.,2017,,Pre-seed,,,,
TKNEST PTE. LTD.,2018,,Pre-seed,,,,
TRADEPAL SG PTE. LTD.,2019,,Pre-seed,,,,no webpage found
TRUST IQ PTE. LTD.,2016,,Pre-seed,,,,
YOU TECHNOLOGIES GROUP (SINGAPORE) HOLDINGS PTE. LTD.,2018,,Pre-seed,,,https://www.you.co/,based on internet checks
GREENERRE PTE. LTD.,2021,,Pre-seed,,,https://greenerre.sg,based on internet checks
WHITECOAT GLOBAL HOLDINGS PTE. LTD.,2021,,Pre-seed,,,,
DECENTERADS PTE. LTD.,2018,,Pre-seed,,,,
GRAVITY SUPPLY CHAIN HOLDINGS PTE. LTD.,2021,,Pre-seed,,,,
COLLAB ASIA SEA PTE. LTD.,2019,,Pre-seed,,,,
BMXDM TECHNOLOGY PTE. LTD.,2018,,Pre-seed,,,,no webpage found
DOCTOR WORLD PTE. LTD.,2018,,Pre-seed,,,,
ETHERSECURITY PACIFIC HOLDINGS PTE. LTD.,2018,,Pre-seed,,,https://stir-hosyu.com/,based on internet checks
TIME INNOVATION PTE. LTD.,2018,,Pre-seed,,,,
WEDEVS PTE. LTD.,2018,,Pre-seed,,,https://wedevs.com/,based on internet checks
SEMBLY PTE. LTD.,2019,,Pre-seed,,,https://www.sembly.ai/,based on internet checks
DEEP BRAIN PTE. LTD.,2018,,Pre-seed,,,https://deepbrainai.com,based on internet checks
ICUISTO PTE. LTD.,2019,,Pre-seed,,,http://kitchenpalapp.com/,based on internet checks
DANA LABS PTE. LTD.,2019,,Pre-seed,,,,
DIGICAL CONSULTANCY SERVICES PTE. LTD.,2019,,Pre-seed,,,,
SOL-X PTE. LTD.,2019,,Pre-seed,,,,
BIZMO TECHNOLOGIES PTE. LTD.,2019,,Pre-seed,,,,
FAIRPHONIC PTE. LTD.,2019,,Pre-seed,,,,no webpage found
BLACKSCORE PTE. LTD.,2019,,Pre-seed,,,,
SOFTLINK GLOBAL PTE. LTD.,2020,,Pre-seed,,,,
ARROW LABS PTE. LTD.,2020,,Pre-seed,,,,
CANARY DIGITAL SOLUTIONS PTE. LTD.,2020,,Pre-seed,,,,
AHASLIDES PTE. LTD.,2020,,Pre-seed,,,https://ahaslides.com/,based on internet checks
ORAICHAIN PTE. LTD.,2020,,Pre-seed,,,https://orai.io,based on internet checks
ZAILKY PTE. LTD.,2020,,Pre-seed,,,,no webpage found
ITECHGENIC GLOBAL PTE. LTD.,2020,,Pre-seed,,,https://www.itechgenicglobal.com/,based on internet checks
LOCOFY PTE. LTD.,2021,,Pre-seed,,,https://www.locofy.ai/,based on internet checks
IVORY INNOVATION PTE. LTD.,2021,,Pre-seed,,,,no webpage found
PLAYERONE TECHNOLOGIES PTE. LTD.,2021,,Pre-seed,,,,
88TUITION PTE. LTD.,2018,,Pre-seed,,,https://www.88tuition.com/,based on internet checks
DISTRIBUTED ENERGY PTE. LTD.,2018,,Pre-seed,,,https://de.energy/,based on internet checks
PLANETARIUM LABS PTE. LTD.,2022,,Pre-seed,,,,
AUNTY PTE. LTD.,2021,,Pre-seed,,,,no webpage found
NUADU HOLDING PTE. LTD.,2019,,Pre-seed,,,,
FUNDTIER HOLDINGS PTE. LTD.,2020,,Pre-seed,,,https://fundtier.com/,based on internet checks
LANTURN HOLDINGS PTE. LTD.,2021,,Pre-seed,,,,
ANEXT BANK PTE. LTD.,2021,,Pre-seed,,,https://www.anext.com.sg/,based on internet checks
PAYWISE PTE. LTD.,2021,,Pre-seed,,,,
OSTEOPATHY HEALTH CARE PTE. LTD.,2020,,Pre-seed,,,https://www.osteopathyhealthcare.com,based on internet checks
TASTECH PTE. LTD.,2019,,Pre-seed,,,https://www.xtrip.travel/,based on internet checks
EVOLUT HOLDINGS PTE. LTD.,2019,,Pre-seed,,,https://www.withevo.com/,based on internet checks
PX VENTURES PTE. LTD.,2020,,Pre-seed,,,,no webpage found
ASSETOWNER HOLDINGS PTE. LTD.,2019,,Pre-seed,,,,no webpage found
MINI JOY GLOBAL PTE. LTD.,2020,,Pre-seed,,,,no webpage found
MYV PTE. LTD.,2021,,Pre-seed,,,,
GOPASS GLOBAL PTE. LTD.,2020,,Pre-seed,,,,
PERFECT WHEELS PTE. LTD.,2020,,Pre-seed,,,https://perfectwheels.com.sg,based on internet checks
HEGG FOODS PTE. LTD.,2021,,Pre-seed,,,https://hoowfoods.com/hegg/,based on internet checks
YOGROUP PTE. LTD.,2020,,Pre-seed,,,,no webpage found
STAR3D MATERIAL DEVELOPMENT COMPANY (SINGAPORE) PTE. LTD.,2019,,Pre-seed,,,,
DLVRD PTE. LTD.,2020,,Pre-seed,,,https://dlvrd.com/,based on internet checks
WIDI PRIVATE LIMITED,2020,,Pre-seed,,,,no webpage found
TECH TROVE PTE. LTD.,2018,,Pre-seed,,,,no webpage found
LIVECOMMERCE ENTERTAINMENT PTE. LTD.,2021,,Pre-seed,,,,
MOBIOLITY PTE. LTD.,2019,,Pre-seed,,,http://www.mobiolity.com/,based on internet checks
AUFHAVEN PTE. LTD.,2019,,Pre-seed,,,,
LAMBDAGEN PTE. LTD.,2019,,Pre-seed,,,https://www.lambdagentherapeutics.com/,based on internet checks
PHOSKA BIOPHARMA PTE. LTD.,2019,,Pre-seed,,,,no webpage found
CITYMOBILE PTE. LTD.,2017,11 - 50,Pre-seed,,,http://www.citymobile.com.sg,
D2L.sg,2023,1 - 10,Pre-seed,Travel & Hospitality; Supply Chain & Logistics; Urban Solutions; Food Manufacturing & Processing; SaaS,Waste Management; Waste Technology; food waste; Zero Waste; repurposing; upcycling; Circularity; ESG; Sustainability; impact reporting,https://d2l.sg/,
SG ASSIST PTE. LTD.,2018,,Pre-seed,,,https://sgassist.com/,based on internet checks
BLUOCEAN SECURITY PTE. LTD.,2018,,Pre-seed,,,https://www.bluoceansecurity.com/,based on internet checks
TALO LABS PTE. LTD.,2020,,Pre-seed,,,https://www.talolabs.com,based on internet checks
KUULIE PTE. LTD.,2021,,Pre-seed,,,,
HANALYTICS PTE. LTD.,2017,,Pre-seed,AI; Healthcare,,http://hanalytics.sg,based on internet checks
CURVESERIES PRIVATE LIMITED,2017,,Pre-seed,Fintech; Data Analysis,,https://curve-series.com,based on internet checks
SOHO PROPERTY PTE. LTD.,2017,,Pre-seed,Real Estate,,https://www.sohoapp.com/,based on internet checks
TENOFTEN PTE. LTD.,2016,,Pre-seed,Education,,https://sg.tenopy.com/,based on internet checks
INTELLIGENCE WISE PTE. LTD.,2016,,Pre-seed,AI; Blockchain; IoT; Big Data,,https://intel-wise.com/,based on internet checks
BLOCKS PTE. LTD.,2017,,Pre-seed,,,https://blocks.sg,
ARENA ESPORTS HOLDINGS PTE. LTD.,2020,1 - 10,Pre-seed,Travel & Hospitality,hostel; ESPORTS; hotel; cloud solutions; hotel directory,http://www.arenaesportshotel.com,
CFB BOTS PTE. LTD.,2017,51 - 100,Pre-seed,AI; Enterprise Solutions; SaaS; Big Data; Robotics,Automation; Robotic Process Automation; Digitalization; Digital Transformation; Business Process Outsourcing; Process Discovery; Process Mining; Artificial intelligence; Hyperautomation; Future of Work,https://www.cfb-bots.com,
A&A SOLUTIONS PRIVATE LIMITED,2019,11 - 50,Pre-seed,Enterprise Solutions; Infocomm Tech; SaaS; Cloud; Big Data,Valluva; HRMS; Cloud HR; payroll; Peppol; E-Invoice; procurement; Accounts; crm; SaaS,https://www.valluva.com,
Hannah Life Technologies,2019,1 - 10,Seed,Biotech,,https://www.hannahlifetech.com/,
SupaBase,2020,,Seed,Enterprise Solutions,,https://supabase.io/,
LEARNA SYSTEMS PTE. LTD.,2017,1 - 10,Pre-seed,Education; Infotech,E-Learning; Learning Platform; Classroom Management,,
AII DEVELOP PTE. LTD.,2017,1 - 10,Pre-seed,Others,Digital Marketing; Web Development; Social Media,https://www.aiidevelop.com/,
ZAPKAD PTE. LTD.,2019,1 - 10,Pre-seed,Infotech; Enterprise Solutions; Infocomm Tech; IoT; Cloud,digital card; business card; OCR; scanning; newsfeeds; news aggregator; networking; Social Networking; SaaS,https://www.zapkad.com,
GrowthDesk (DREA x SKALE),2016,11 - 50,Pre-series A,Adtech; Media; Retail; E-Commerce; Real Estate,Social Media; Digital Marketing; retail technology; Consumer & Marketing Analytics; MarTech,https://www.growthdesk.com/,
SUPR COMPANY PTE. LTD.,2020,11 - 50,Pre-seed,Others,Office Interiors; Commercial Inteiors; design; Furniture; Sustainability; Productivity; DFMA,https://www.thesupr.co/,
JOYFULPERSON PTE. LTD.,2020,1 - 10,Pre-seed,Education; AI; Enterprise Solutions; Urban Solutions,Knowledge Management; E-Learning; Content Hosting; Learning Platform; Natural Language Processing,http://www.joyfulperson.com,
MOGUSHOP PRIVATE LIMITED,2020,1 - 10,Pre-seed,Food & Beverage; E-Commerce; Supply Chain & Logistics; IoT,Japanese; Grocer,https://www.mogushop.asia,
SKY MAGIC PTE. LTD.,2017,,Pre-seed,,,,
EQUANIMITY (BLOCKCHAIN) HOLDINGS PTE. LTD.,2020,1 - 10,Pre-seed,Blockchain,Blockchain,https://equanimity.sg/,
IFARMER TECHNOLOGIES PTE. LTD.,2019,11 - 50,Seed,Agritech; Fintech; Supply Chain & Logistics,Investing; Livestock; Fertilisers; Precision Agriculture; Trading; Crowdfunding; Pest Management; Smart Farming,https://www.ifarmer.asia/,
MAD FOODS PTE. LTD.,2019,1 - 10,Pre-seed,Food & Beverage; Food Manufacturing & Processing,#plantbased #vegan #plantbasedfoods #veganbusiness ,https://iammad.co/,
Carta,2020,Above 200,Series F,Fintech; Enterprise Solutions; SaaS,FinTech; Equity Management; SaaS,https://carta.com/launch-singapore/,
NUDGYT PTE. LTD.,2021,1 - 10,Pre-seed,AI; Enterprise Solutions; Others; SaaS,Knowledge Management; Human Resources; Customer Relationship Management; nudges; behavioural science; Human AI Interface,https://www.nudgyt.com/,
GSC Technologies,2020,1 - 10,Pre-seed,AI; Supply Chain & Logistics; Data Analysis; Cloud; Big Data,Data Analysis; Big Data; Consumer & Marketing Analytics,http://www.gsci.com,
DATEIDEAS PTE. LTD.,2020,1 - 10,Pre-seed,AI; E-Commerce; Travel & Hospitality; Lifestyle; SaaS,B2C; couples; marketplace; relationship; b2b2c; consumer; SaaS,https://www.dateideas.io,
UNCHARTED PARTNERS PTE. LTD.,2017,11 - 50,Series A,AI; Fintech; Enterprise Solutions; SaaS; Data Analysis,Insurtech; Cloud; Data Analysis; core system,https://uncharted.global/,
XPERTFLOW TECHNOLOGIES PTE. LTD.,2020,11 - 50,Pre-seed,AI; Digital Health; Healthcare; IoT; Big Data,Digitised Health Systems; Health Analytics; Telemedicine; Mobile Health; Diagnostics; Remote Monitoring System; SaaS,http://www.xpertflow.com,
ITEHK SOLUTIONS PTE LTD,2020,1 - 10,Pre-seed,Transport; E-Commerce; Enterprise Solutions; Supply Chain & Logistics; SaaS,TMS; Last Mile Delivery; Transportation; E-Commerce; Warehouse Storage,http://www.itehk.co,
OPERVA AI PTE. LTD.,2020,1 - 10,Pre-seed,AI; Maritime; Real Estate; IoT,Computer Vision; Drones; Sensors; smart surveying; smart inspetion; Construction; Artificial intelligence; facility management,https://operva.ai/,
ACUMINO PTE. LTD.,2021,11 - 50,Pre-seed,AI; Telecom; SaaS; Data Analysis; Cloud,Venture Builder; Cloud; SaaS; E-Commerce; Emerging Technologies; Application Development; travel & hospitality ; Communication Systems; Robotics; AR/VR,https://www.acumino.com,
Kinobi,2020,11 - 50,Seed,Education; SaaS,Education; Edtech; SaaS,https://kinobi.tech/,
LUMIERE32 PTE. LTD.,2016,11 - 50,Pre-series A,E-Commerce; Healthcare,Lumiere32 is a B2B online marketplace connecting Healthcare Providers with suppliers and manufacturers. Aiming to be one-stop solution for Healthcare Providers in South-East Asia and beyond. ,https://www.lumiere32.sg,
BIG RED AWESOME DODO PTE. LTD.,2021,1 - 10,Pre-seed,Adtech; SaaS,Digital Marketing; Consumer & Marketing Analytics,https://bigredawesomedodo.com,
BRICK PTE. LTD.,2020,1 - 10,Pre-seed,Fintech; Big Data,Risk Management; Data Analysis; Big Data; Payment Systems; P2P Lending; Personal Finance; Investing; Trading; Crowdfunding; Insurtech,https://www.onebrick.io/,
DOOZY ROBOTICS PTE. LTD.,2021,11 - 50,Pre-seed,Industrial Electronics; AI; Manufacturing & Engineering; IoT; Robotics,Robotics; Humanoid; AMR; AI; Manufacturing; Service Robots; Autonomous Vehicles,https://doozyrobotics.com/,
ONE TECHNOLOGIES PTE. LTD.,2020,1 - 10,Pre-seed,Food & Beverage; Infocomm Tech,Inventory Management; E-Commerce; F&B TEch,https://one-tech.sg/,
JOBWIZ PTE. LTD.,2021,1 - 10,Pre-seed,AI; Enterprise Solutions; SaaS,Human Resources; SaaS,https://jobwiz.net,
INDEPENDENTS PTE. LTD.,2020,1 - 10,Pre-seed,Adtech; Media; AI; Big Data,Consumer & Marketing Analytics; Digital Marketing,https://independents.ai,
TANVIOT SYSTEMS PRIVATE LIMITED,2020,1 - 10,Pre-seed,Enterprise Solutions,Services,http://www.tanviot.com,
CHOPVALUE SG PTE. LTD.,2021,1 - 10,Pre-seed,E-Commerce; Lifestyle,Circular Economy; Sustainability; zero waste nation;  waste management,http://chopvalue.com.sg,
COVATE PHARMA PTE. LTD.,2020,1 - 10,Pre-seed,Biotech; Pharmaceutical; Healthcare; Manufacturing & Engineering; Nanotechnology,Drug development ; CNS; Oncology; infectious diseases; antiviral,,
VENDING LAB TECHNOLOGIES PTE. LTD.,2020,1 - 10,Pre-seed,AI; Food & Beverage; Robotics,Self-Order Kiosk; Robotic Vending; AI Robotic; Machine; Vending; food and beverage,https://vendinglab.tech,
KAPTECH CONSULTING PTE. LTD.,2018,11 - 50,Pre-seed,Enterprise Solutions; Infocomm Tech; Data Analysis; Big Data,Knowledge Management; SaaS,https://www.kaptc.com,
BAKUUN HOLDINGS PTE. LTD.,2020,51 - 100,Seed,Travel & Hospitality,travetech,https://www.bakuun.com,
ONE GOOD TEAM PTE. LTD.,2020,1 - 10,Pre-seed,Consumer Electronics; E-Commerce; Enterprise Solutions; Lifestyle; SaaS,Customer Relationship Management; Digital Sharing; Smart & Sustainable Solutions; Consumer Electronics,https://www.onegoodcard.com,
COMMERCEHULK PTE. LTD.,2021,1 - 10,Pre-seed,Adtech; Retail; E-Commerce; AI; Lifestyle,Consumer & Marketing Analytics; Experiential Retail; E-Commerce; AI analytics,https://shopyzel.com,
NETSQUAD SG PTE. LTD.,2020,1 - 10,Pre-seed,AI; Fintech; Big Data,mortgage; machine learning,https://netsquad.pro/en/,
GREEN AIR BIOTECH PTE. LTD.,2021,1 - 10,Pre-seed,Biotech; Cleantech,Environmental Health; Bacteria; odour control; Food Waste Management; Atomisers; Digesters; Eliminating Odours,https://www.greenairbiotech.com,
XINTERRA PTE. LTD.,2021,1 - 10,Pre-seed,AI; Cleantech; Data Analysis,Materials & Processes; Recycling; Energy Storage; Renewable Energy,http://www.xinterra.tech,
CLERKLY PTE. LTD.,2021,1 - 10,Pre-seed,Enterprise Solutions; SaaS,digital corporate secretary,http://clerklysg.com,
GEMEN PTE. LTD.,2018,,Pre-seed,,,https://www.gemen.tech,
DATA LEAP SERVICES PTE. LTD.,2020,1 - 10,Pre-seed,AI; Enterprise Solutions; SaaS; Data Analysis; Big Data,Data Analysis; Data Warehouse; Big Data; Ride Sharing; E-Commerce; Health Analytics; Consumer & Marketing Analytics; Video Processing; machine learning,https://DataLeap.co,
ARTWALLSTREET PTE. LTD.,2020,1 - 10,Pre-seed,Retail; Blockchain; SaaS,Art; Blockchain; E-Commerce; nfts,https://www.awst.io/,
MYCOVATION PTE. LTD.,2020,,Pre-seed,,,http://www.mycovation.asia,
NE47 BIO PTE. LTD.,2021,1 - 10,Pre-seed,Biotech; AI; Pharmaceutical; SaaS,machine learning; Protein Engineering; Bioinformatics,https://ne47.bio,
SUNGREENH2 PTE. LTD.,2020,1 - 10,Seed,Marine & Offshore; Cleantech; Nanotechnology; Hardware,Renewable Energy; Emission Control; Materials & Processes; Green Hydrogen; Electrolysis,https://www.sungreenh2.com/,
IMAGE MACHINE PTE. LTD.,2021,1 - 10,Pre-seed,AI; Infocomm Tech; Manufacturing & Engineering,data; Medical Imaging; Data Analysis; Eco Monitoring Technologies; dataset; Computer Vision; image datasets; annotation,http://www.imagemachne.org,
RIDA GLOBAL PTE. LTD.,2021,,Pre-seed,,,https://rida.ai,
ACTELLIGENT PRIVATE LIMITED,2019,11 - 50,Pre-seed,AI; Fintech; Big Data,AI; Big Data; FinTech; Wealthtech,http://www.actelligent-capital.com,
MANGTAS PTE. LTD.,2019,11 - 50,Pre-seed,Infotech,outsourcing; market place; Future of Work,https://mangtas.com/,
ANZENE,2019,11 - 50,Pre-seed,Urban Solutions; Cleantech; IoT,Energy Storage; Renewable Energy; Green Building Technology; Waste Management,https://anzene.com,
CHARTSWORTH,2017,1 - 10,Pre-seed,Infotech; Others; SaaS; Data Analysis; Cloud,SaaS; Cloud Accounting; Web Development; Systems Development,https://chartsworth.com.sg,
V-PLUS AGRITECH PTE. LTD.,2021,1 - 10,Pre-seed,Agritech,urbanfarm; Aquaponics,http://www.vplusagritech.com,
BAMBOO CODE TECHNOLOGIES PTE. LTD.,2018,,Pre-seed,,,http://www.thebamboocode.com,
SMOODER PRIVATE LIMITED,2021,1 - 10,Pre-seed,Food Science and Technology; Food & Beverage; Lifestyle; Food Manufacturing & Processing,Smoothie Blender; Healthy Snack; Office Pantry,https://www.smooder.com,
CONFETTO PTE. LTD.,2020,1 - 10,Pre-seed,Media; AI; E-Commerce; Enterprise Solutions; SaaS,Social Networking; Social Media; Digital Marketing,https://www.confet.to,
INSIDE TECHNOLOGIES PRIVATE LIMITED,2021,1 - 10,Pre-seed,Enterprise Solutions; Lifestyle,On-Demand; Jobs; Human Resources; micro-jobs; Sharing Economy; outsourcing,https://www.outsideapp.co,
AGRIGATE SINGAPORE PTE. LTD.,2020,1 - 10,Pre-seed,Agritech; E-Commerce; Food & Beverage; Food Manufacturing & Processing,dairy technology; farmers market; E-Commerce; dairy transport,http://www.agrigateaustralia.com.au,
BEYOND OWNERSHIP PTE. LTD.,2018,1 - 10,Seed,Enterprise Solutions; SaaS; Data Analysis,Knowledge Management; Green Building Technology; Data Analysis; SaaS; Risk Management,,no webpage found
AUDRA LABS PTE. LTD.,2021,1 - 10,Pre-seed,Food Science and Technology; Food & Beverage,Alternative Protein; meat analogues; astar spinoff; plant-based meat; Sustainability; 30by30,https://www.audra-labs.com/,
WEFIN PTE. LTD.,2019,1 - 10,Pre-seed,Fintech; Big Data,Risk Management; Investing,http://www.wefin.co,
PACMAK DB NAVAL CHARTERERS & CONSULTANTS (PTE.) LTD.,2021,1 - 10,Pre-seed,Marine & Offshore; Maritime,"Marine Consultancy, Ship inspection, Engineering Services",http://www.pacmakdb.com,
HERITANCE DIGITAL PTE. LTD.,2021,1 - 10,Pre-seed,Fintech; SaaS,Personal Finance,https://www.heritance.org/,
H.AI.DRO PTE. LTD.,2021,1 - 10,Pre-seed,AI; Urban Solutions; Manufacturing & Engineering; Data Analysis,Water Treatment; Data Analysis; Big Data,https://sites.google.com/view/haidrotech,
LIQUIDSTAR PTE. LTD.,2021,1 - 10,Pre-seed,Transport; Urban Solutions; Cleantech; Blockchain; IoT,Energy Storage; Renewable Energy; Mobility; IoT; Blockchain,http://www.liquidstar.io,
MOTO SQUARE PTE. LTD.,2021,1 - 10,Pre-seed,Transport; Infotech; AI; E-Commerce; Big Data,Electric Vehicles; Autonomous Vehicles; transport,https://motosquaresg.com,
Capssion,2018,11 - 50,Pre-seed,Adtech,Social Media; Influencer Marketing,https://www.capssion.com,
SWITCH OPERATIONS PTE. LTD.,2020,51 - 100,Series A,AI; Real Estate; IoT; Cloud; Big Data,Facilities Management; Cloud; Big Data; Green Building Technology; Data Analysis; Automation; Eco Monitoring Technologies,https://www.switchautomation.com,
PENTAHEX PTE. LTD.,2021,1 - 10,Pre-seed,Media; Others,Digital Marketing; branding; Planning & Design; Social Media,https://www.pentahex.co/,
POLYBEE PTE. LTD.,2019,1 - 10,Pre-seed,Agritech,Precision Agriculture; Controlled Environment Agriculture; Robotics; Drones,https://www.polybee.co,
CHAIN TECHNOLOGY DEVELOPMENT (SG) PTE. LTD.,2021,51 - 100,Pre-seed,AI; Real Estate; Big Data; AR/VR,Construction Management; digital twins; Hybrid Reality; Facilities Management; Immersive CAVE; BIM; Virtual Reality,https://chaintechdev.com,
RAITAN PTE. LTD.,2021,1 - 10,Pre-seed,Industrial Electronics; Urban Solutions; Cleantech; Hardware; Robotics,Renewable Energy; Energy Storage,https://raitan.sg,
LIVINGMENU SG PTE. LTD.,2021,11 - 50,Pre-seed,E-Commerce; Food & Beverage; Supply Chain & Logistics,Hawker delivery; social impact; Sustainability; Food service,https://living.menu,
STRIVE EDUCATION PTE. LIMITED,2020,1 - 10,Seed,Education,Edtech; lms,https://strivemath.com/,
PLASMATECH PTE. LTD.,2022,1 - 10,Pre-seed,Others,Cold and Thermal Plasma Technology,https://vinit.com.vn/en/home/,
Teredo Analytics,2019,,Pre-seed,,,https://www.teredo.sg/,
ALGROW BIOSCIENCES PTE. LTD.,2022,1 - 10,Pre-seed,Food Science and Technology; Biotech; Food Manufacturing & Processing,Alternative Protein; Extraction Technology,https://algrowbiosciences.co/,
M.I. CLOUD TECH PTE. LTD.,2022,1 - 10,Pre-seed,Food Science and Technology; Complementary Health Products; Healthcare; Cleantech; Nanotechnology,Food Packaging; Health Supplements; Traditional Medicine; Extraction Technology,http://www.micloudtech.com,
MEDISTATION PTE. LTD.,2022,1 - 10,Pre-seed,Healthcare; Lifestyle; Others,Wellness; Meditation; mental health,https://medistation.health,
ZEREST AUDIO PTE. LTD.,2021,1 - 10,Pre-seed,Retail; Consumer Electronics; E-Commerce; Lifestyle; IoT,E-Commerce; music; Technology; audio; Earphones; Audio Equipment; Wearables; Accessories; bluetooth; USB-C,http://zerestaudio.com,
JKS SOFT TECH PTE. LTD.,2022,11 - 50,Pre-seed,Infotech; Fintech,Payment Systems,https://www.jkssofttech.com,
DREAMTECH GLOBAL PTE. LTD.,2021,1 - 10,Pre-seed,Fintech; Hardware,Hardware; FinTech,https://www.safepal.com,
DDD TECHNOLOGY PTE. LTD.,2021,11 - 50,Pre-seed,Infotech; E-Commerce; Fintech; Enterprise Solutions; Blockchain,domainname ; IP Management; Domain Brokerage; Domain Name Registration; Branded Domains; Investing; Domain Name Finance; Domain landing page,https://www.ddd.com/,
FIRST PRINCIPLES EDUCATION PTE. LTD.,2022,1 - 10,Pre-seed,Education,Edtech,https://www.firstprinciples.com.sg,
ANSWERED PTE. LTD.,2022,1 - 10,Pre-seed,Education,E-Learning; E-Commerce,https://answered.sg/,
WECARE-APP PTE. LTD.,2022,1 - 10,Pre-seed,Healthcare; Others,Family; Elderly; Healthcare,https://www.wecare-app.io/,
CLOUDRETAIL PTE. LTD.,2021,1 - 10,Pre-seed,Retail; AI; Blockchain; IoT; Cloud,Cloud,https://cloudretail.io,
PAWKIT PTE. LTD.,2022,1 - 10,Pre-seed,Healthcare Services; E-Commerce; Lifestyle,Planning & Design,https://www.pawkit.sg,
AURISTONE PTE. LTD.,2021,1 - 10,Pre-seed,Medtech; Biotech; AI; Big Data,Bioinformatics,http://www.auristone.com,
CORE BIZ HOLDINGS PTE. LTD.,2017,1 - 10,Pre-seed,Education; AI; Blockchain; SaaS; Big Data,E-Learning; Gamification; Learning Platform; Big Data; Data Analysis; SaaS; web3; NFT; Automation; robot trading,https://www.coreinvest.me,
KOSMO TECH PTE. LTD.,2022,,Pre-seed,,,,
ATOMAXR PTE. LTD.,2019,1 - 10,Pre-seed,Media; Education; Enterprise Solutions; SaaS; AR/VR,Knowledge Management; E-Learning; Customer Relationship Management; Gamification; Social Media,https://www.atomaxr.com,
PRINCETON POWERWORKS PTE. LTD.,2021,1 - 10,Pre-seed,Urban Solutions; Cleantech; Manufacturing & Engineering,Renewable Energy; Energy Storage; Green Building Technology; Cleaning Technology; Robotics,https://www.princetonpowerworks.com/,
THE FASHION PULPIT PRIVATE LIMITED,2018,1 - 10,Pre-seed,Retail; Events; E-Commerce; Lifestyle,"Circular Fashion, Sustainability, Secondhand, Thrift, Upcycling, Clothes Swapping, Sustainable Fashion",https://www.thefashionpulpit.com/,
AGILE CLOUD PTE. LTD.,2021,1 - 10,Pre-seed,Gaming; Enterprise Solutions; Cloud,Cloud,https://agile.sg,
HAWKSIGHT GLOBAL PTE. LTD.,2021,11 - 50,Seed,AI; Blockchain; SaaS; Data Analysis,Data Analysis,https://hawklabs.co/,
KOLEK PTE. LTD.,2022,1 - 10,Pre-seed,Fintech; Enterprise Solutions; SaaS,SaaS; Payment Systems,https://wekolek.com/,
NOOVOLEUM PTE. LTD.,2022,1 - 10,Pre-seed,Biotech,#green #biotech #AI #UCO,http://linkedin.com/company/noovoleum,
SMARTRX PTE. LTD.,2019,1 - 10,Pre-seed,Medtech; Digital Health; Pharmaceutical; Healthcare,Medical devices; Telemedicine; Artificial intelligence; Drug dispensing ; Vital Signs Monitoring; Tele-consult; Healthcare; Health Screening; Robotics; Vending Machine,https://www.smartrx.com.sg,
SING SEA NETWORK PTE. LTD.,2018,1 - 10,Pre-seed,Adtech; Media; Infotech; Digital Health; Big Data,Health Analytics; Social Networking; Application Development; Mobile Health; Social Media,https://www.lifetimer.io/,
UPAR PTE. LTD.,2021,1 - 10,Pre-seed,AI; Urban Solutions; Others,Smart City; Smart Parking ; Parking; AI,https://upar.app/en,
EEMONT PRIVATE LIMITED,2019,,Pre-seed,,,https://www.eemont.com,based on internet checks
BECO VENTURES PTE. LTD.,2021,,Pre-seed,,,https://beco-ventures.com/,based on internet checks
FZ DIGITAL PTE. LTD.,2021,,Pre-seed,,,https://www.foodzaps.com/,based on internet checks
AI APPS PTE. LTD.,2018,,Pre-seed,,,,no webpage found
RED DOT MOBILITY PTE. LTD.,2021,1 - 10,Seed,Semiconductor; Industrial Electronics; Urban Solutions; Manufacturing & Engineering; IoT,Electric Vehicles; power electronics; electric motorcycle; powertrain; EV engine,https://reddotmobility.com/,
AMARIS.AI PTE. LTD.,2017,,Pre-seed,,,,
WALKME SINGAPORE PTE. LTD.,2019,,Pre-seed,,,,
WSS NEW MATERIALS PTE. LTD.,2021,,Pre-seed,,,,
TSMART PTE. LTD.,2019,,Pre-seed,,,,
CXO EXECUTIVE SEARCH PTE. LTD.,2016,,Pre-seed,,,,no webpage found
ALLTHINGS COMMUNICATIONS PTE. LTD.,2017,,Pre-seed,,,,no webpage found
GO GLOBAL SERVICES PTE. LTD.,2019,,Pre-seed,,,,
NEXTEVO INTERNATIONAL PTE. LTD.,2019,,Pre-seed,,,https://nextevogroup.com,based on internet checks
LIFETRACK MEDICAL SYSTEMS PRIVATE LTD.,2018,,Pre-seed,,,https://www.lifetrackmed.com/,based on internet checks
KOMME INTERNATIONAL PTE. LTD.,2016,,Pre-seed,,,,
MY LOCKER LAUNDRY PTE. LTD.,2017,,Pre-seed,,,,
CORSIVA LAB PTE. LTD.,2017,,Pre-seed,,,https://corsivalab.com/sg/,based on internet checks
MKM HOLDINGS PTE. LTD.,2019,,Pre-seed,,,,no webpage found
SHIOKHOLDINGS PTE. LTD.,2020,,Pre-seed,,,https://shiokholdings.com/,based on internet checks
AUTHENTIC STREAMS PTE. LTD.,2020,,Pre-seed,,,,no webpage found
WEBDORKS PTE. LTD.,2020,,Pre-seed,,,https://webdorks.com/,based on internet checks
DOXA HOLDINGS INTERNATIONAL PTE. LTD.,2019,11 - 50,Pre-series A,Fintech; Enterprise Solutions; Supply Chain & Logistics; SaaS; Data Analysis,Payment Systems; Insurtech; P2P Lending; Trading; Risk Management,https://www.doxa-holdings.com,
MY-INSURER PTE. LTD.,2019,,Pre-seed,,,https://www.my-insurer.net/,based on internet checks
ELONTECH PTE. LTD.,2020,,Pre-seed,,,,no webpage found
SINGAPORE DENTAL STAR R&D INVESTMENT COMPANY PTE. LTD.,2018,,Pre-seed,,,,no webpage found
HUMFREE PTE. LTD.,2019,,Pre-seed,,,,no webpage found
AGRIMAX AGRITRADING PTE. LTD.,2017,,Pre-seed,,,,no webpage found
BBP INTERNATIONAL PTE. LTD.,2019,,Pre-seed,,,https://bbp.sg/,based on internet checks
VYOBOTICS PTE. LTD.,2020,,Pre-seed,,,https://vyobotics.com/,based on internet checks
DIVERSELY PTE. LTD.,2019,,Pre-seed,,,,
GAIA ORG FOODS PTE. LTD.,2017,,Pre-seed,,,,
PROMETHEUS VENTURES PTE. LTD.,2021,,Pre-seed,,,,
WONDERING PTE. LTD.,2019,,Pre-seed,,,,
CSTAR GROUP PTE. LTD.,2019,,Pre-seed,,,,no webpage found
GDMC PTE. LTD.,2021,11 - 50,Pre-seed,Biotech; Healthcare Services; Pharmaceutical; Healthcare,Genetic Engineering; biomanufacturing; cellandgenetherapy,https://www.gdmc.bio,
ALTBYTE PTE. LTD.,2021,1 - 10,Pre-seed,Gaming,#html5; #gaming; #mobilegaming; #web; #web3; #melonjs; #gameengine,https://www.linkedin.com/company/altbyte/,
MAX NOW PTE. LTD.,2023,1 - 10,Pre-seed,AI; Fintech,Personal Finance; Application Development,http://max-now.com,
AxisNow,2023,1 - 10,Pre-seed,Enterprise Solutions; Infocomm Tech; IoT; SaaS; Cloud,Cyber Security; Cloud; SaaS,https://www.axisnow.io,
JUNEOBIONT PTE. LTD.,2022,1 - 10,Pre-seed,Food & Beverage,Food and Beverage; Sugar Reduction; Flavor Modulators,https://juneobiont.com,
FIGURE FACTORIES PTE. LTD.,2021,1 - 10,Pre-seed,Media; Gaming; E-Commerce; Lifestyle; Others,Figurines; Gaming; Consumer Goods,https://www.figurefactories.com,
SINGMED SPECIALISTS PTE. LTD.,2020,,Pre-seed,,,,no webpage found
ENDOPIL PTE. LTD.,2019,,Pre-seed,,,https://www.endopil.com,based on internet checks
CORI BIOTECH PTE. LTD.,2016,,Pre-seed,,,,no webpage found
TAU EXPRESS PTE. LTD.,2018,,Pre-seed,,,https://www.tauexpress.com/,based on internet checks
CLARITAS TECHNOLOGY PTE. LTD.,2018,,Pre-seed,,,https://www.claritas-tech.com/,based on internet checks
BEEZ FM GROUP PTE. LTD.,2023,1 - 10,Pre-seed,AI; IoT; SaaS; Cloud; Big Data,Green Building Technology; Renewable Energy,https://www.beez-fm.com,
CREX PTE. LTD.,2022,1 - 10,Pre-seed,Infotech; Enterprise Solutions; Cleantech; SaaS,Science-based Action Now,https://gocrex.com,
TEURING (SG) AI TECH PTE. LTD.,2022,1 - 10,Pre-seed,AI; Cloud; Big Data,Cloud; Data Analysis,https://www.teuring.cloud/,
ALTEREDVERSE PTE. LTD.,2023,1 - 10,Pre-seed,E-Commerce; Travel & Hospitality; Entertainment; Blockchain,Metaverse digital twin,https://alteredverse.net,
ONE16 PTE. LTD.,2022,1 - 10,Pre-seed,Data Analysis,Consumer & Marketing Analytics; Consumer Research; end user research; marketing research; UXR; UX/UI; market strategy,https://www.one16.co,
Swypebites,2021,1 - 10,Seed,Infotech; E-Commerce; Infocomm Tech; Data Analysis,SaaS; E-Commerce; Digital Marketing; Consumer & Marketing Analytics; Social Media; Application Development; Content Hosting; Web Development; Systems Development; Communication Systems,https://www.swypebites.com,
ZOLNOI PTE. LTD.,2022,1 - 10,Pre-seed,AI; Manufacturing & Engineering; IoT; SaaS; Cloud,,https://zolnoi.com,
SPATIAL LABS PTE. LTD.,2023,1 - 10,Pre-seed,AI; Enterprise Solutions; Manufacturing & Engineering; SaaS; Data Analysis,AI-Powered Safety; Computer Vision; Industry 4.0; Workplace Safety; SaaS; enterprise solutions,https://kinetixpro.ai/,
QRYPTED TECHNOLOGY PTE. LTD.,2019,1 - 10,Pre-seed,Enterprise Solutions; SaaS; Cloud,Cyber Security,http://qrypted.technology/,
MASCON TECHNOLOGIES PTE. LTD.,2022,1 - 10,Pre-seed,Marine & Offshore; Maritime; Enterprise Solutions; SaaS; Data Analysis,Maritime Tech; Future-of-work; Task Management; Data Aggregation; Safety and Transparency; Productivity; fleet management; verification; AI; Blockchain,https://www.mascon.tech/,
QOFFEE PTE. LTD.,2022,1 - 10,Pre-seed,Enterprise Solutions; SaaS; Cloud,Cyber Security,http://qrypted.technology/,
TUTORIALS DOJO PTE. LTD.,2020,11 - 50,Pre-seed,Education,Cloud; Edtech; aws certifications; IT certification; upskill; Cloud computing; aws; azure,https://tutorialsdojo.com,
MYRAA TECHNOLOGIES PTE. LTD.,2022,1 - 10,Pre-seed,AI; Digital Health; Blockchain; Big Data; AR/VR,Web Development; Big Data; Data Analysis; Digitised Health Systems; Health Analytics; AR/VR; Blockhchains; Artificial intelligence; Industrial Engineering; Finance,https://www.myraatechnologies.com/,
PERFINGO PTE. LTD.,2022,1 - 10,Pre-seed,,,https://www.perfingo.com/,
5G TECHNOLOGY PTE. LTD.,2018,,Pre-seed,,,,
DOMO ZOO PTE. LTD.,2020,1 - 10,Pre-seed,Gaming; Entertainment; Others,Software development,https://www.domozoo.com/,
NEOIN PTE. LTD.,2022,1 - 10,Pre-seed,E-Commerce; Fintech; Enterprise Solutions; Infocomm Tech; SaaS,Customer Relationship Management; Social Networking; SaaS; customer; Payment Systems,https://neoin.co,
INTRODEX PTE. LTD.,2023,1 - 10,Pre-seed,AI; Enterprise Solutions; SaaS; Data Analysis; Big Data,Customer Relationship Management; Digital Marketing; SaaS,https://introdex.io,
APRISIUM PTE. LTD.,2021,1 - 10,Pre-seed,AI; Urban Solutions; Cleantech; IoT; SaaS,Pollution Control; Waste Management; Waste Technology; Eco Monitoring Technologies; Water Treatment,http://www.aprisium.com,
BE-BETTER HEALTH PTE. LTD.,2023,1 - 10,Pre-seed,Education; Healthcare Services; Healthcare; Lifestyle,health and wellness; Coaching and Guidance; Lifestyle Support; Intermediate and Long Term Care,https://www.bebetter-health.net,
KASH KOUNTER PTE. LTD.,2023,1 - 10,Pre-seed,E-Commerce,E-Commerce; Digital Marketing,https://www.kashkounter.asia,
SAFEHERON PTE. LTD.,2021,1 - 10,Pre-series A,AI; Fintech; Blockchain,Cryptocurrency; Payment Systems,https://www.safeheron.com/,
HYPERFUSE STUDIO PTE. LTD.,2023,1 - 10,Pre-seed,Infocomm Tech,Planning & Design; UI/UX,https://hyperfuse.studio/,
BOXPAY PTE. LTD.,2022,11 - 50,Pre-seed,E-Commerce; Fintech; Travel & Hospitality; SaaS,Payment Systems; payments orchestration; FinTech; ecommerce; payment processing; global payments,https://www.boxpay.tech/,
XFOLIO PTE. LTD.,2022,1 - 10,Pre-seed,Medtech; Healthcare; Lifestyle,,https://www.xfolio.biz/home,
THEWEDDINGBLISS PTE. LTD.,2023,1 - 10,Pre-seed,Media; Events; AI,wedding; Recomendation Engine; AR/VR; 3D Rendering,https://theweddingbliss.co,
MYCOSORTIA PTE. LTD.,2022,1 - 10,Pre-seed,Food Science and Technology; Food & Beverage; Food Manufacturing & Processing,Alternative Protein; mycoprotein; plantbasedprotein; mycelium; fermentation,https://mycosortia.com/,
KNOCK2LIVE PTE. LTD.,2020,11 - 50,Pre-seed,Media; Gaming; Entertainment; Lifestyle,Video Streaming; Social Media; Social Networking,http://www.knock2.live,
FULFLL PTE. LTD.,2021,1 - 10,Pre-seed,Infotech; AI; Lifestyle; SaaS; Big Data,#tech #technology #ridehailing #savemoney #savetime ,http://wokaygo.com,
TRISAFE HEALTHTECH PTE. LTD.,2020,1 - 10,Pre-seed,Biotech; Healthcare,Skincare ; biotech; Healthcare,https://trisafe.care,
JAMMY'S GUILTLESS PLEASURES PTE. LTD.,2021,1 - 10,Pre-seed,Food & Beverage,Food Packaging,https://www.jammys.sg/,
SIGCLEAR PTE. LTD.,2020,1 - 10,Pre-seed,Infotech; Data Analysis; Big Data,software platform; consultancy service,https://www.sigclear.com,
ADAPTIVE INTELLIGENCE PTE. LTD.,2025,1 - 10,Pre-seed,AI; Enterprise Solutions,Reimagining enterprise resource planning from first principles with adaptive intelligence,https://www.adptv.xyz/,
IMARII AI PTE. LTD.,2024,1 - 10,Pre-seed,Media; AI; Entertainment; SaaS,#agenticAI #contentcreators #influencers #marketing #AIagents #generativeAI,https://www.imarii.ai,
LASACAP PARTNERS PTE. LTD.,2024,1 - 10,Pre-seed,Education; AI; Lifestyle,"Wellness, mental health, coaching, AI, education, consulting, strategic, partnership, real estate",https://lasapartners.com/,
ADDLLY AI PTE. LTD.,2023,11 - 50,Pre-seed,AI; SaaS,AI; Digital Marketing,https://addlly.ai,
SCALTY PTE. LTD.,2025,1 - 10,Pre-seed,AI; Enterprise Solutions; Cloud; Big Data; Hardware,AI; Cloud; infrastructure; compute; GPU; ML; Big Data,https://scalty.com,
BUGBOOM PTE. LTD.,2024,1 - 10,Pre-seed,Food Science and Technology; Agritech; Urban Solutions; Cleantech,#environment #sustainability #greentech #foodsecurity #; #entomology ,https://bugboom.sg,
NIRAM CLOSET PTE. LTD.,2025,1 - 10,Pre-seed,Retail; E-Commerce; Enterprise Solutions; Lifestyle,,http://www.niramcloset.com,
SPARSHAEROBOTICS PTE. LTD.,2023,1 - 10,Pre-seed,Aerospace; Cleantech; Robotics,,https://www.sparshaerobotics.com,
MESHJS PTE. LTD.,2023,1 - 10,Pre-seed,Enterprise Solutions; Blockchain,web3; Blockchain; Bitcoin; cardano; SaaS,https://meshjs.dev/,
IDLE LOGIC PTE. LTD.,2024,1 - 10,Pre-seed,AI; Enterprise Solutions; SaaS; Data Analysis,Beauty and Wellness; AI; SaaS; Enterprise Automation; Booking System,https://idle.sg,
KIORA CARE PTE. LTD.,2025,1 - 10,Pre-seed,Medtech; Digital Health; Healthcare Services; Healthcare,Kiora - Reimagining Renal Care,https://kiora.care/,
SOUNDSGOOD LAB PTE. LTD.,2025,1 - 10,Pre-seed,AI,web audio; audio synthesis; text to speech; speech recognition,https://soundsgoodlab.sg,
CLAIRVA PTE. LTD.,2025,1 - 10,Pre-seed,Adtech; Media; AI; Others,"Asia's Licensed, Contextual Video Data Infrastructure for Advanced Video Models",http://clairva.ai/,
SINGABYTE PTE. LTD.,2025,1 - 10,Pre-seed,AI; Real Estate; Infocomm Tech,proptech; AI/Machine Learning; SaaS; B2C Marketplace ; Predictive Analytics; Interior Design Tech ; mobile app,https://singabyte.sg,
REAL NATION PTE. LTD.,2025,1 - 10,Pre-seed,AI; Infocomm Tech,SaaS; AI,https://www.realnation.ai,
QUANTUM LEAP INNOVATION PTE. LTD.,2023,1 - 10,Pre-seed,Medtech; Biotech; Nanotechnology,Diagnostics; In Vitro Diagnostics (IVD),http://NA.com,
INSPIRED AI PTE. LTD.,2024,1 - 10,Pre-series A,Education; AI,AI; edu,https://talkme.ai/,
OUR VOW PTE. LTD.,2023,1 - 10,Pre-seed,Real Estate; Infocomm Tech,AI; singapore; whatsapp; chatbot; property; CEA; Singpass; Myinfo; Portal; marketplace,https://sg.propertyvow.com,
GLOBOAI PTE. LTD.,2025,11 - 50,Pre-seed,AI; Urban Solutions; Healthcare; Robotics,SaaS; Life Science Tools; Medical devices; Electric Vehicles; Natural Language Processing; Autonomous Vehicles; AR/VR,http://www.globoai.sg,
VERITAS INTELLIGENCE PTE. LTD.,2025,1 - 10,Pre-seed,AI; Fintech; Enterprise Solutions; Big Data,Insurtech; Big Data,https://veritasinsure.com/,
STRAITSBERG CONSULTING SINGAPORE PTE. LTD.,2025,1 - 10,Pre-seed,AI; Fintech; Enterprise Solutions; Blockchain; Cloud,Payment Systems; SaaS; Risk Management,https://www.straitsberg.com,
HERO TECHNOLOGY PTE. LTD.,2019,1 - 10,Pre-seed,Transport; Consumer Electronics; Enterprise Solutions; Urban Solutions; Manufacturing & Engineering,Reinventing Urban Mobility,https://punkelectric.com/,
PREVIEW DIAGNOSTICS PTE. LTD.,2024,1 - 10,Pre-seed,,,https://www.preview-diagnostics.com,
PAPERLAND PTE. LTD.,2024,1 - 10,Pre-seed,Education,math; Education; Edtech; code; Learning Platform,https://paperland.sg,
BESPOKEWEARAI PTE. LTD.,2025,1 - 10,Pre-seed,AI; E-Commerce; Lifestyle; Others,fashion tech; Artificial intelligence; Wedding Tech Startup; AI Fashion; Fashion Technology; Singapore Bridal Startup; Bespoke Bridalwear; Bridal Couture; Fashion; Custom Wedding Dress,https://bespokewear.ai/,
GENIE HEALTH PTE. LTD.,2025,1 - 10,Pre-seed,Digital Health; Healthcare Services; AI; Healthcare,Genie Health Care; Genie Health; Genie Singapore; Genie health Singapore; Genie Smartcare ; Genie health care singapore,https://www.geniehealth.care,
XIGIFY PTE. LTD.,2024,11 - 50,Pre-seed,AI; Real Estate; Travel & Hospitality; Enterprise Solutions; IoT,Data Driven AI IOT Platform ,https://www.xigify.com/,
ENTROPY LAB PTE. LTD.,2025,1 - 10,Pre-seed,Real Estate; Urban Solutions; Cleantech; Nanotechnology; Others,advanced material; cooling paint; Surface Coating; Green Building Technology; Materials & Processes,https://entropylab.com.sg,
NEURATRIAL-AI PTE. LTD.,2025,1 - 10,Pre-seed,Biotech; AI; Pharmaceutical; Healthcare,,https://www.neuratrial.com/,
ONG LAI AI PTE. LTD.,2025,1 - 10,Pre-seed,,,https://www.onglai.app,
ESLITEC PTE. LTD.,2025,11 - 50,Pre-seed,Retail; AI; E-Commerce; SaaS,"AI, e-commerce",https://www.eslitec.com/,
TWOFIFTYTWO PTE. LTD.,2025,1 - 10,Pre-seed,AI; Enterprise Solutions; SaaS,SaaS; Enterprise; b2b; AI; FinTech; Finance,https://www.twofiftytwo.ai,
ZENORA GROUP PTE. LTD.,2025,1 - 10,Pre-seed,Agritech; Fintech; Cleantech,Smart Farming; Precision Agriculture; Controlled Environment Agriculture; Organic Farming,https://www.zetta.ag,
ALTAIR X PTE. LTD.,2023,1 - 10,Pre-seed,AI; Lifestyle; Robotics,AI + Robotics,http://altairx.tech,
DEEPDIVE LABS (PTE. LTD.),2023,1 - 10,Pre-seed,AI; Enterprise Solutions; SaaS,Regtech; Compliance; GRC; Workflows,https://www.deepdivelabs.tech/,
TOUR AMIGO PTE. LTD.,2024,11 - 50,Pre-seed,Events; Travel & Hospitality; Enterprise Solutions; SaaS; Data Analysis,SaaS; Systems Development; Payment Systems; Web Development; Data Analysis,https://www.touramigo.com/,
FARMAGAIN PTE. LTD.,2024,11 - 50,Pre-seed,Food Science and Technology; Agritech; Biotech; Cleantech; IoT,Precision Agriculture; Livestock; Smart Farming; Pest Management; Diagnostics; Insurtech,https://farmagain.co/,
FOAMEE (SINGAPORE) BIOTECH PTE. LTD.,2024,1 - 10,Pre-seed,,,http://www.foameesg.com,
ADMINLESS AI PTE. LTD.,2025,1 - 10,Pre-seed,Infotech; AI; Enterprise Solutions; Data Analysis; Big Data,,https://www.adminless.ai,
A1 STEALTH LABS PTE. LTD.,2025,1 - 10,Pre-seed,Semiconductor; AI; Cleantech; Hardware; Robotics,Renewable Energy; Chemical Engineering; Natural Language Processing; Protein Chemistry; Research as a Service,https://www.a1stealth.com,
RENGE PTE. LTD.,2025,1 - 10,Pre-seed,E-Commerce; Lifestyle,,https://thedailypress.co/,
Deep Foundation Elements,2025,1 - 10,Pre-seed,AI; Data Analysis,AI; Data Analysis,https://www.dfelements.com,
HUMUN AI PTE. LTD.,2025,1 - 10,Pre-seed,Infotech; AI; SaaS,Artificial intelligence; Agentic AI; workflow automation; Generative AI; Productivity Tools; Digital Workforce; SaaS,https://www.humunai.com,
MOYA ANALYTICS PTE. LTD.,2024,1 - 10,Pre-seed,Supply Chain & Logistics; Cleantech; SaaS,SaaS,https://www.moyaanalytics.com,
OCCAM TECHNOLOGIES PTE. LTD.,2026,1 - 10,Pre-seed,Retail; Enterprise Solutions; Data Analysis,,https://www.occamtech.xyz/,
BIOSENSE DIAGNOSTICS PTE. LTD.,2020,1 - 10,Pre-seed,Medtech,Medical devices,https://www.biosensedx.com.sg,
HIIBOSS PTE. LTD.,2022,11 - 50,Pre-seed,AI,ai agents,https://hiiboss.ai/,
BORON ANALYTICS PTE. LTD.,2026,1 - 10,Pre-seed,AI; Supply Chain & Logistics; Enterprise Solutions; Data Analysis; Big Data,Supply Chain; AI; analytics; Inventory Optimization; Demand Forecast; Network Optimization; logistics; Decision Intelligence; no code; low code,http://www.boron.ai,
BRIZOSYSTEM PTE. LTD.,2024,1 - 10,Pre-seed,Fintech; SaaS,Financial Consolidation ,https://brizosystem.com,
OTTR PTE. LTD.,2026,1 - 10,Pre-seed,Education; SaaS; Data Analysis,E-Learning; SaaS; Learning Platform; Data Analysis,https://ottr.live/,
UPNCOMER PTE. LTD.,2025,1 - 10,Pre-seed,Adtech; AI; Entertainment; SaaS; Data Analysis,Music Technology; AI platform; Artist Infrastructure; Digital Distribution; marketing automation; Streaming Analytics; Fan Engagement; Growth Intelligence; Creator economy; Music SaaS,https://upncomer.co,
FLEXIWORK PTE. LTD.,2025,1 - 10,Pre-seed,AI; Others; SaaS,,https://www.joinflexi.work/,
VOICEPING PTE. LTD.,2025,1 - 10,Pre-seed,AI; SaaS,translation; AI; SaaS; VoiceAI,https://voiceping.net/en/,
VELANTEC PTE. LTD.,2026,11 - 50,Pre-seed,,,https://www.velantec.com,
MORUBLD AI PTE. LTD.,2026,1 - 10,Pre-seed,AI; Enterprise Solutions; Urban Solutions; Cleantech; Big Data,"AI, Built Environment, Construction, Sustainability, Data Centers, ",https://www.morubld.ai,
ADVANCE AI SOLUTIONS PTE. LTD.,2025,1 - 10,Pre-seed,AI; Urban Solutions; SaaS,,https://blackswansimulations.vercel.app/presentation#slide-1,
VITANIA PTE. LTD.,2025,1 - 10,Pre-seed,Medtech; Digital Health; AI; Healthcare,Healthcare; Healthtech; Artificial intelligence; Digital Health; Patient Safety; Cross-border Healthcare; Clinical AI,https://www.vitania.net,
AUGURITHM PTE. LTD.,2026,1 - 10,Pre-seed,AI; Enterprise Solutions; SaaS; Big Data,Command Intelligence. Augury Institution ,http://www.augurithm.ai,
SWFT PTE. LTD.,2026,1 - 10,Pre-seed,Supply Chain & Logistics; Urban Solutions,,https://swft.sg/,
KHAELI PTE. LTD.,2025,1 - 10,Pre-seed,Infotech; AI; Others; IoT; SaaS,Web Development; Digital Automation; Digital Solutions; AI Integration,https://www.khaeli.com/,
NOVAI PTE. LTD.,2026,1 - 10,Pre-seed,Education; AI; Travel & Hospitality; Enterprise Solutions,"AI, Meeting intelligence, HR, future of work, event ROI, trust infrastructure",https://go.novai.one,
TEMPRIS TECHNOLOGY PTE. LTD.,2026,1 - 10,Pre-seed,Real Estate; Supply Chain & Logistics; Infocomm Tech; Others; SaaS,AI #Cybersecurity #CTEM #Intelligence-As-A-Service #TimeDominance #ModularInfrastructure #Agentic #Orchestration #Ssuite #Jsuite,https://www.tempris.biz,
ALPHATOK TECHNOLOGY PTE. LTD.,2024,1 - 10,Pre-seed,AI; Enterprise Solutions; SaaS; Cloud; Big Data,Big Data; Application Development; AI; crm,https://www.alpha-tok.com/en,
INTERVIEWNEXUS TECHNOLOGIES PTE. LTD.,2026,1 - 10,Pre-seed,Education; Infotech; AI; Enterprise Solutions,Human Resources; practice; Social Networking; AI Interviewing; Skills Assessment; Video Interviewing; Behavioral Assessment; Communication Analysis; technical analysis; HR Technology (HRTech),https://www.interviewnexus.ai,
HEYHR PTE. LTD.,2026,1 - 10,Pre-seed,Infotech; AI; Fintech; Enterprise Solutions; SaaS,AI-Native Payroll & HR Platform,https://www.heyhr.ai,
SOLITECS PTE. LTD.,2026,1 - 10,Pre-seed,Precision Engineering; Manufacturing & Engineering; Nanotechnology,POWER THE NEXT.,https://www.solitecs.com,
PROSTEC LABS PTE. LTD.,2026,1 - 10,Pre-seed,AI; Infocomm Tech; IoT,Health Analytics; Mobile Health; Digitised Health Systems,https://prostec.ai/,
SYMMETRY A.I. PRIVATE LIMITED,2026,1 - 10,Pre-seed,AI; Fintech; SaaS,Investing,https://symmetry.onl/,
MOTH HUE LABS PTE. LTD.,2026,1 - 10,Pre-seed,Infotech; AI; Enterprise Solutions; SaaS,Application Development; creative tech; digital platform; creative infrastructure,https://www.mothhue.com/,
OVERARX PTE. LTD.,2025,1 - 10,Pre-seed,,AI-Enabled Threat Modeling Consultant ,https://www.overarx.com,
DRYLAB AI PTE. LTD.,2025,1 - 10,Pre-seed,Biotech; AI; Data Analysis,AI; biotech; b2b; Scientific Software; Data Analysis,https://thedrylab.com/,
WEARMAIND PTE. LTD.,2026,1 - 10,Pre-seed,AI; E-Commerce; Lifestyle; SaaS; Data Analysis,fashion tech; AI; E-Commerce; Behavioral Intelligence; Identity Tech; DTC; SaaS; Consumer & Marketing Analytics; ESG,https://www.wearmaind.ai,
X-PHERA PRIVATE LIMITED,2025,1 - 10,Pre-seed,AI; Enterprise Solutions; SaaS; Data Analysis,"#AI, #AIValue, #ShadowAI, #SynPhera, #ROI, AIGovernance, #Promptintelligence",https://www.x-phera.com/,
INVOCO PTE. LTD.,2026,1 - 10,Pre-seed,E-Commerce; Enterprise Solutions; Infocomm Tech; SaaS; Data Analysis,Big Data; Consumer & Marketing Analytics; Web Development; Application Development; Customer Relationship Management; E-Commerce; Payment Systems; SaaS; Inventory Management,https://invoco.org,
COLLAR AI PRIVATE LIMITED,2025,1 - 10,Pre-seed,AI,Risk Management; Facilities Management; Health Analytics; Application Development; Data Analysis,https://www.usecollarai.com,
CARBONZEROED PTE. LTD.,2023,1 - 10,Pre-seed,Infotech; AI; Enterprise Solutions; Cleantech; SaaS,SaaS; Eco Monitoring Technologies; Green Building Technology; Renewable Energy; Energy Storage; Data Warehouse; Data Analysis; Big Data; Cloud,https://www.carbonzeroed.com/,
ALPHUSION TECHNOLOGY PTE. LTD.,2024,1 - 10,Pre-seed,Infotech; AI; Fintech; Data Analysis; Big Data,Data Analysis; Big Data; Personal Finance; Application Development; FinTech,https://alphusion.com/,
H&T TECHINVEST PTE. LTD.,2024,1 - 10,Pre-seed,,,https://izzoo.com,
TAPP! GLOBAL TECHNOLOGIES PTE. LTD.,2024,1 - 10,Pre-seed,AI; Enterprise Solutions; SaaS; Data Analysis,SaaS; Big Data; Consumer & Marketing Analytics; Customer Relationship Management,https://www.tappglobal.app,
STARCLUB EDUCATION PTE. LTD.,2023,1 - 10,Pre-seed,Education; AI,E-Learning; Learning Platform,https://istarpal.com,
SCORESLAYER PTE. LTD.,2023,1 - 10,Pre-seed,Media; Gaming; Infocomm Tech; Entertainment; Others,football; Sport; App; Social Media; Technology,https://www.scoreslayer.com/,
AEYEMYND PTE. LTD.,2024,1 - 10,Pre-seed,Aerospace; Semiconductor; AI; Enterprise Solutions; Manufacturing & Engineering,"Defect Inspection, AI, Machine Learning, Surface Defect Inspection",https://www.aeyemynd.com/,
WYSK PTE. LTD.,2023,1 - 10,Pre-seed,Infotech; AI; Infocomm Tech; Others; Cloud,Legal Tech; Dispute Resolution Tech ,https://www.wysk.io,
AMFUTURE DATA HOLDING PTE. LTD.,2023,1 - 10,Pre-seed,AI; Enterprise Solutions; SaaS; Data Analysis; Big Data,Consumer Electronics; SaaS; Data Analysis; Big Data; Natural Language Processing,https://www.amfuture.sg,
PLAYBOOQ TECH PTE. LTD.,2024,1 - 10,Pre-seed,Fintech; Data Analysis,,https://playbooq.com,
KROWME PTE. LTD.,2024,1 - 10,Pre-seed,SaaS,hr; Human Resources; Data Analysis; Big Data; SaaS,https://krowme.com/,
RAPIDA PTE. LTD.,2023,1 - 10,Pre-seed,AI; Enterprise Solutions; SaaS,All-in-One AI Assistant: Tailored for Every Job,https://rapida.ai,
FACTUM LABS PTE. LTD.,2023,1 - 10,Pre-seed,AI; Entertainment; Lifestyle,#sportstech #fitness #social #foundedinsingapore,https://www.factumlabs.com,
FLYWHEEL AI PTE. LTD.,2023,1 - 10,Pre-seed,AI; Enterprise Solutions; Urban Solutions; Robotics,,http://useflywheel.ai,
ASTRADA PTE. LTD.,2024,1 - 10,Pre-seed,Infotech; AI; SaaS,kidszone; Astrada ; AI; SaaS,https://astrada.io,
ELGO AI PTE. LTD.,2024,1 - 10,Pre-seed,AI; Enterprise Solutions; SaaS,AI/ML; Generative AI; B2B SaaS; No Code Platform; Natural Language Processing; Application Development,https://www.elgo.app,
WENTI LABS PTE. LTD.,2023,1 - 10,Pre-seed,Real Estate; Others,SaaS,https://wentilabs.com,
ANGEL GARDEN STUDIO PTE. LTD.,2024,1 - 10,Pre-seed,Media; Retail; E-Commerce; Lifestyle,#salon #givingback #supportlocal #,https://www.angelgardenstudio.com/,
ABOVE IDEA PTE. LTD.,2024,1 - 10,Pre-seed,Retail; AI; Enterprise Solutions; Data Analysis; Big Data,AI Human; Generative AI,http://www.chattuesday.com,
ILLUMI ONE PTE. LTD.,2024,1 - 10,Pre-seed,AI; Others; SaaS; Cloud,Productivity; collaboration ,https://illumi.one,
ISLAND CITY SOLUTIONS PTE. LTD.,2024,1 - 10,Pre-seed,Media; Enterprise Solutions; Entertainment; Cloud; AR/VR,Video Streaming; Knowledge Management; Film and Television; VFX; animation; Video Processing; Virtual Production; Pipelines; Software development; Solutions Architect,http://islandcitysolutions.com,
MIDORI CLIMATE PARTNER PTE. LTD.,2024,1 - 10,Pre-seed,Agritech; Enterprise Solutions; Cleantech; Food Manufacturing & Processing,Soil Technology; Waste Management,https://midori-partner.com/,
CREATIVE FOUNDRY PTE. LTD.,2022,1 - 10,Pre-seed,Media; Retail; E-Commerce; Enterprise Solutions; SaaS,AI; CMS; LLM; E-Commerce; rag,https://creativefoundry.ai,
STAJENN TECHNOLOGIES PTE. LTD.,2023,1 - 10,Pre-seed,AI; SaaS; Data Analysis,engagement; analytics; automation; SaaS,https://www.edgemaker.ai,
Resettle,2024,1 - 10,Pre-seed,Retail; AI; Travel & Hospitality; Entertainment; SaaS,travel; Digital Nomads; AI; LLM; Lifestyle,https://try.resettle.ai,
TINY THINKERS PTE. LTD.,2024,1 - 10,Pre-seed,Education; AI; Entertainment,Empowering Young Minds Through Storytelling!,https://kahanikids.ai,
SOCIAL TRAVEL PTE. LTD.,2023,1 - 10,Pre-seed,Travel & Hospitality,,https://sotravel.me,
MOBIUS TECH PTE. LTD.,2024,1 - 10,Pre-seed,Digital Health,Mobile Health; Health Analytics; Digitised Health Systems,http://mobiusplus.app,
EIGHT VECTORS PTE. LTD.,2024,1 - 10,Pre-seed,AI; Cloud; Robotics,Robotics; SaaS,http://eightvectors.com,
AQSOLOTL PTE. LTD.,2024,1 - 10,Pre-seed,AI; Fintech; Enterprise Solutions; Data Analysis,Quantum Computing; Quantum Technologies; FPGA,http://aqsolotl.com/,
FUTURE ELEMENTS TECHNOLOGY PTE. LTD.,2023,1 - 10,Pre-seed,Education; Real Estate; Urban Solutions; IoT; Big Data,GIS; Big Data; Defence; Border; Geographical Information System; smart building; IoT; Software,https://www.mtouchmap.com/,
THREE NORTH STARS PTE. LTD.,2017,1 - 10,Pre-seed,AI; Enterprise Solutions; Infocomm Tech; IoT; Data Analysis,Cyber Security; Data Analysis; AI; Artificial intelligence,https://www.three-north-stars.com,
CODEZILLA PTE. LTD.,2024,1 - 10,Pre-seed,Media; Infotech; Lifestyle,Web Development; Social Media; Systems Development; Communication Systems; Social Networking; Content Hosting; Application Development; SaaS,https://www.codezilla.biz,
CITYBOT TECHNOLOGY PTE. LTD.,2023,1 - 10,Pre-seed,AI; Urban Solutions; SaaS; Hardware; Robotics,Robotics; infrastructure; inspection; digital twin ; Facilities Management,https://www.citybot-tech.com/,
MARINE MASTER TECHNOLOGY PTE. LTD.,2023,1 - 10,Pre-seed,,,https://815danc.wixsite.com/mysite/,
PRODBANK PTE. LTD.,2024,1 - 10,Pre-seed,Precision Engineering; Semiconductor; Manufacturing & Engineering; Nanotechnology,"incubation, technology transferring, ",https://www.nanowalltechnology.com,
PINEAPPL PTE. LTD.,2024,1 - 10,Pre-seed,AI; E-Commerce; Real Estate; Enterprise Solutions; Urban Solutions,E-Commerce; Recomendation Engine; SaaS; Data Analysis; Home & Living; Knowledge Management; Big Data; Natural Language Processing,http://www.pineappl.ai,
ALPHA BIZCOM PTE. LTD.,2019,1 - 10,Pre-seed,Food & Beverage,tech,https://alphabizcom.com/,
SERIAL COMMUNICATION PRIVATE LIMITED,2021,1 - 10,Pre-seed,Retail; E-Commerce; Events; Entertainment; AR/VR,E-Commerce; Social Media; AR/VR; Interactive; Immersive Environments; Retail Solutions; mixed reality; Creative Technology,https://serial.sg/,
CAPGO PTE. LTD.,2023,1 - 10,Pre-seed,AI; Fintech; Enterprise Solutions; SaaS; Big Data,Natural Language Processing,https://capgo.ai,
NEUROTEC ASIA PTE. LTD.,2024,1 - 10,Pre-seed,Medtech; Biotech,Medical devices; Neurology,https://linkedin.com/company/somnial-inc,
TAKE BAMBOO GROUP PTE. LTD.,2024,1 - 10,Pre-seed,Agritech; Cleantech; Manufacturing & Engineering,Eco Monitoring Technologies; Smart Farming,http://www.TheTakeGroup.com,
THEFOODCOMPANY PTE. LTD.,2023,1 - 10,Pre-seed,E-Commerce; Food & Beverage,Where Home Cooking Meets Wholesale Convenience.,https://thefoodcompany.sg/,
TIMBER WOLF STUDIOS PTE. LTD.,2024,1 - 10,Pre-seed,Gaming; Hardware,Mobile Games,https://miguelbernas.com,
ROBOSPECTRA TECHNOLOGY PTE. LTD.,2023,11 - 50,Pre-seed,Medtech; AI; Healthcare; Manufacturing & Engineering; Robotics,,https://www.strutt.inc/,
CUTMR PTE. LTD.,2023,1 - 10,Pre-seed,Retail; E-Commerce; Food & Beverage; Lifestyle,E-Commerce; local life; Food; food and drinks,https://www.cutmr.com.sg/,
QIKU PTE. LTD.,2024,1 - 10,Pre-seed,,,https://www.qiku.net,
BOOSTER ADS PTE. LTD.,2024,1 - 10,Pre-seed,Media; Transport; Travel & Hospitality; Entertainment; Data Analysis,,https://www.weareboosterads.com/,
OPTOML PTE. LTD.,2024,1 - 10,Pre-seed,Semiconductor; AI; Cleantech; Nanotechnology; Hardware,Semiconductor; Seed; Optics & Photonics,https://www.optoml.ai,
OVERHAUL PTE. LTD.,2024,1 - 10,Pre-seed,Education,Planning & Design; Application Development,https://www.overhaulsg.com,
MERCURY G PTE. LTD.,2024,1 - 10,Pre-seed,Retail; AI; Events; Hardware; Robotics,AI Robotics,https://shopee.sg/shop/1406508716,
ACWISE SG PTE. LTD.,2024,1 - 10,Pre-seed,Real Estate; Urban Solutions; Manufacturing & Engineering; Food Manufacturing & Processing; Data Analysis,"sustainability,HVAC Energy Savings, accessible sustainability, affordable sustainability,immediate sustainability,cost savings ",https://acwise.com/,
LOOK BEYOND SOLUTIONS PTE. LTD.,2024,1 - 10,Pre-seed,AI; Data Analysis; Cloud; Big Data,Software development,https://lookbeyond.sg,
PITI PTE. LTD.,2024,1 - 10,Pre-seed,AI; E-Commerce; Lifestyle; SaaS; Cloud,,https://piti.app/,
TERRA VERDE X PTE. LTD.,2024,1 - 10,Pre-seed,AI; Fintech; Cleantech; SaaS,SaaS,https://www.terraverde.sg,
OMNISKILLS PTE. LTD.,2024,1 - 10,Pre-seed,Education; AI; Enterprise Solutions; Infocomm Tech; Blockchain,Artificial intelligence; Learning Platform; Skilling Platform; GenerativeAI,https://omniskills.ai,
EARLYBIRD AI PRIVATE LIMITED,2024,1 - 10,Pre-seed,AI; Fintech,"AI, Fintech, Agents, AI Agents",https://www.earlybirdapp.co/,
BRIXIT PTE. LTD.,2024,1 - 10,Pre-seed,Education; AI; IoT,Build the future.,https://www.drbartha.com/,
ANEMONE GLOBAL PTE. LTD.,2024,1 - 10,Pre-seed,Enterprise Solutions; Others; SaaS; Cloud,recruitment; global hiring; Remote Work; Employment,https://anemonehr.com/,
LEOPARD LABS PTE. LTD.,2023,1 - 10,Pre-seed,AI; Enterprise Solutions; SaaS; Cloud,Open Source; AI; Automation; Web Development,https://github.com/nanobrowser,
TRADORBIZ PTE. LTD.,2024,1 - 10,Pre-seed,,,http://www.globalgocars.com,
XENA VISION PTE. LTD.,2024,1 - 10,Pre-seed,AI; Enterprise Solutions; Data Analysis,"AI, Computer Vision, public safety",https://xena-vision.com,
BETTER BUILD PTE. LTD.,2022,1 - 10,Pre-seed,Real Estate; Lifestyle,,https://www.facebook.com/BetterBuild.BuildBetter,
Ovy Health,2023,1 - 10,Pre-seed,Healthcare Services; AI; Complementary Health Products; Healthcare; SaaS,femtech; Digitised Health Systems; Health Supplements; Specialist Care,http://www.with-plans.com/en,
ZEBRID PTE. LTD.,2024,1 - 10,Pre-seed,AI; SaaS; Data Analysis; Big Data,,https://www.zebrid.com,
DEEP INSIGHT LABS PTE. LTD.,2023,1 - 10,Pre-seed,AI; Enterprise Solutions; Data Analysis; Big Data,AI; GenAI; Finance; LLM; Agentic AI; Investment; research ,https://www.deepinsightlabs.ai,
AI TAX ADVISORS PTE. LTD.,2025,1 - 10,Pre-seed,AI,Ai Corporate & Individual Tax,https://www.compliance-mgt.com,
CHROMAMIND PTE. LTD.,2025,1 - 10,Pre-seed,AI; Digital Health,mental health; youth; AI; Bioinformatics,https://chromamind.ai/,
TAG MY BOX PTE. LTD.,2025,1 - 10,Pre-seed,AI; E-Commerce; Supply Chain & Logistics; Blockchain; SaaS,NFC; Barcode; QR code ; Blockchain; AI; SaaS; supply chain & logistics,https://tagmybox.com,
OPTI DIGITAL PTE. LTD.,2024,1 - 10,Pre-seed,Adtech; AI; Fintech,AI; Digital Marketing; SaaS,https://optidigital.ai/,
BERGENIA NEPHRO CARE PTE. LTD.,2025,1 - 10,Pre-seed,Healthcare Services; AI; Healthcare; Data Analysis; Big Data,"Dialysis, renal care, healthcare, technology, ai",https://bergeniahealthcare.com,
INFODECK TECHNOLOGY PTE. LTD.,2022,1 - 10,Pre-seed,AI; IoT; SaaS; Data Analysis; Cloud,LoRaWAN; machine learning; AI; Data Analysis; Sustainability; Integrated facility management; iFM; smart building; Green Building Technology,https://www.infodeck.io,
HXE SG PTE. LTD.,2024,1 - 10,Pre-seed,AI; E-Commerce; SaaS,SaaS; E-Commerce,https://www.eventnow.ai,
Taxpedited - Automating Tax and Accounting,2025,1 - 10,Pre-seed,AI; Fintech; Enterprise Solutions; SaaS; Cloud,Accounting automation; Tax automation; AI; Compliance; Reg Tech; Digital Transformation; Efficiency; professional services,https://taxpedited.com/,
SAVY SOLUTIONS PTE. LTD.,2025,1 - 10,Pre-seed,SaaS,SaaS,https://www.taxsavysg.com,
PANTHERPULSE PTE. LTD.,2024,1 - 10,Pre-seed,AI; Infocomm Tech; SaaS; Data Analysis,"ai, sme, consultant, co-pilot, strategy, saas",https://pantherpulse.ai/,
88 VENTURES PTE. LTD.,2023,1 - 10,Pre-seed,Adtech; Media; AI; E-Commerce,Improve your ROAS by 3x with better & practical AI,https://www.quickads.ai,
SAFVR TECHNOLOGIES PTE. LTD.,2024,1 - 10,Pre-seed,Enterprise Solutions; Infocomm Tech; Manufacturing & Engineering; AR/VR,AR/VR; SaaS; E-Learning,https://safvr.com/,
UNPROMPTED PTE. LTD.,2024,1 - 10,Pre-seed,Infotech; AI; Enterprise Solutions; Others; SaaS,SaaS; Knowledge Management; Natural Language Processing; Extraction Technology,https://www.unprompted.app/,
JAD HOLDINGS PTE. LTD.,2016,1 - 10,Pre-seed,Food Science and Technology; Food & Beverage; Digital Health; Food Manufacturing & Processing,"nutrition, fitness, wellness, health, food, supplements, manufacturing, processing, e-commerce, wholesale",https://pronutritionasia.com/,
CJR DEVELOPMENT PRIVATE LIMITED,2024,1 - 10,Pre-seed,Education; Enterprise Solutions; Others,data privacy; Sustainability; Carbon Accounting,https://www.cjrdevelopment.com.sg,
CLARD PTE. LTD.,2025,1 - 10,Pre-seed,AI; Enterprise Solutions; SaaS,,https://clard.ai,
AAHAN PTE. LTD.,2025,1 - 10,Pre-seed,Education; Manufacturing & Engineering; Hardware,"fiber optics, fiber sensors, fiber optic education, quantum kits, perimeter security",https://aahaninc.com/,
DTN ADVISORY PTE. LTD.,2025,,Pre-seed,,,https://dtnadvisory.com/,based on internet checks
REENBIO PTE. LTD.,2024,1 - 10,Pre-seed,Food Science and Technology; Agritech; Biotech,Natural Ingredients redefined,https://reenbio.com,
LAWGORITHM PRIVATE LIMITED,2025,1 - 10,Pre-seed,,,https://lawgorithm.sg,
KEENWORK PTE. LTD.,2025,11 - 50,Pre-seed,AI; SaaS,Business software that grows with you.,https://www.keenwork.com/,
Joopie,2019,1 - 10,Pre-seed,AI; Enterprise Solutions,startup; hr; work,https://www.joopie.co,
IMLADRIS PTE. LTD.,2023,1 - 10,Pre-seed,AI; Enterprise Solutions; SaaS,Human Resources; SaaS; Learning Platform,https://arvo.work/,
KAGI VENTURES PTE. LTD.,2025,1 - 10,Pre-seed,Retail; Complementary Health Products; E-Commerce; Lifestyle,femtech; Consumer Health; Wellness; Wearables; Skincare ,https://boopskinwear.netlify.app,
VARUNOS SYSTEMS PTE. LTD.,2026,1 - 10,Pre-seed,AI; Maritime; Marine & Offshore; Supply Chain & Logistics; SaaS,SaaS; Data Analysis,https://varunos.com,
REDFOX THERAPEUTICS PTE. LTD.,2025,1 - 10,Pre-seed,Biotech,,https://www.redfox-tx.com,
NORTHBRIDGE LAB PRIVATE LIMITED,2025,1 - 10,Pre-seed,AI; Enterprise Solutions; SaaS,,https://northbridgelab.com,
EDUFRIENZ 99 PTE. LTD.,2023,1 - 10,Pre-seed,Education; E-Commerce; AI; Lifestyle,Education; SEL; socialemotionallearning; Edtech; E-Learning; E-Books; Learning Platform; learning games; learning videos; Gamification,http://www.edufrienz.com,
NORA LABS PTE. LTD.,2025,1 - 10,Pre-seed,AI; Consumer Electronics; IoT; Hardware; AR/VR,Silent Speech; AI assistants; Agentic Wearable Integration,https://nora.sh,
CHECKTHATJOB PTE. LTD.,2025,1 - 10,Pre-seed,Education; AI; Infocomm Tech; SaaS,Career Coach; Human Resources; AI; mentoring; Employees; Employers; Productivity; Learning Platform; Personal Development; Career Development,https://checkthatjob.com/,
UNLOCKLAND PTE. LTD.,2025,11 - 50,Pre-seed,AI; Real Estate; Urban Solutions; SaaS,Artificial intelligence;     Urban Planning;     PropTech ;     Decision Intelligence;     Smart Cities;     Digital Twin;     Real Estate Development;     Infrastructure Planning;     Sustainability,https://unlock.land,
EST CNET0 PTE. LTD.,2024,1 - 10,Pre-seed,Agritech; AI; Blockchain,Empowering sustainable transformation ,https://www.estcnet0.com/,
SCRATCH FRAMEWORKS PTE. LTD.,2025,,Pre-seed,,,,no webpage found
Airsquire Pte. Ltd.,2017,1 - 10,Seed,AI; Urban Solutions; SaaS; Cloud; AR/VR,Artificial intelligence; Data Analytics; Construction Technology; Building Information Modelling,https://www.airsquire.ai/,
Immunoscape Pte Ltd,2016,1 - 10,Seed,,,https://www.immunoscape.com/,
NOVOCALL PTE. LTD.,2017,1 - 10,Pre-seed,Media; Infocomm Tech; Entertainment,Telecom,https://www.novocall.co/,
Wattah,2018,1 - 10,Pre-seed,Adtech; Consumer Electronics; Lifestyle; AR/VR,Adtech; Sharing Economy; Consumer & Marketing Analytics; Digital Marketing; Consumer Electronics; AR/VR,http://wattah.sg/,
getArrange.com,2017,1 - 10,Pre-seed,Fintech; Lifestyle; SaaS,Platform; Personal Finance; Insurtech; Lifestyle,https://getArrange.com,
Siloam Technologies,2017,1 - 10,Pre-seed,Infocomm Tech,Artificial intelligence; Data Analytics; Learning Platform,http://siloam.co/,
Lifestylze,2017,1 - 10,Pre-seed,Retail; Lifestyle,Data Warehouse; Retail; Lifestyle,https://www.lifestylzebuddy.com/,
ELXR,2018,1 - 10,Seed,Healthcare,Digital Health; Healthcare; Lifestyle,http://www.the-elxr.com/,
ORAMA,2018,1 - 10,Pre-seed,Maritime; Marine & Offshore,Software Solution; Marine & Offshore,,no webpage found
Soqqle,2018,1 - 10,Pre-seed,Media; Infotech; Enterprise Solutions,Platform; Social Media,https://soqqle.com/,
XCLR8,2016,1 - 10,Pre-seed,Digital Health,Health Analytics; IoT,http://www.xcl-r8.com/,
HELICAP,2018,11 - 50,Series A,Fintech,Crowdfunding; P2P Lending; Big Data; FinTech; Alternative Lending; Asset Management,https://heli-cap.com/,
Create Technologies,2017,1 - 10,Pre-seed,Medtech; Marine & Offshore; Healthcare; Manufacturing & Engineering; IoT,High Accurate Real Time Tracking Solutions,http://www.create-tech.com.sg/,
Our Grandfather Story,2017,,Pre-seed,Media,,https://ourgrandfatherstory.com/,
Sift & Pick,2017,,Pre-seed,E-Commerce,,https://www.siftandpick.com/home,
SERL.IO PTE. LTD.,2018,1 - 10,Pre-seed,Media; Education; AR/VR,Gamification; Augmented Reality; mixed reality; hololens; immersive technology; Education; Edtech,http://www.serl.io,
YoRipe,2018,1 - 10,Pre-seed,Media; Food Science and Technology; E-Commerce,Data Analysis; Application Development; Recomendation Engine,https://www.yoripe.com/,
Transcelestial Technologies,2016,,Series A,Infocomm Tech,,https://transcelestial.com/,
MYBUSINESS IN ASIA PTE LTD,2018,1 - 10,Pre-seed,Fintech; Enterprise Solutions; SaaS; Cloud,accounting; Bookkeeping; Cloud Accounting; Cloud Payroll; Compliance; Cloud Integrators; Advisors; outsourcing,https://mybusiness-asia.com/,
Fairmarch Pte. Ltd.,2018,,Pre-seed,E-Commerce,,https://www.fairmarch.com,
Blockchain Worx,2017,1 - 10,Seed,Fintech; Enterprise Solutions; Blockchain,Blockchain; Capital Markets; Digital Assets; AML; Exchange; Tokenized securities; Digital banking; Virtual Banking; Platform,https://www.blockchainworx.com/,
Peoplewave,2016,,Pre-seed,Enterprise Solutions,,https://peoplewave.co/,
BITS LEARNING SOLUTIONS PTE. LTD.,2018,,Pre-seed,,,https://bitslearning.org,
R2U COMPANY PTE. LTD.,2019,1 - 10,Pre-seed,Retail; E-Commerce; Food & Beverage; Supply Chain & Logistics; Big Data,food waste; Supply Chain; social commercial,https://www.r2u.sg,
VECTOR GEMS TECH PTE. LTD.,2018,1 - 10,Pre-seed,Gaming; Retail; Lifestyle,licence game IP to deisign and supply game-feature fashion jewelry,https://vectorgems.com,
FPL ONLINE PTE. LTD.,2017,1 - 10,Pre-seed,Fintech,INSURANCE; FINANCIAL PLANNERS; REAL ESTATE AGENT; WEALTH MANAGER; WILL WRITERS; DOCTOR; ACTUARY; FAMILY OFFICE; LAWYER; ACCOUNTANT,https://www.fpl-online.com,
RadX Group,2019,11 - 50,Pre-seed,Infotech; Enterprise Solutions; Blockchain; SaaS; AR/VR,webdevelopment; appdevelopment ; blockchaindevelopment; enterprisesolution; SaaS; Inventory Management; Application Development; Systems Development; AR/VR,https://www.radx.sg,
GENESIS RAY ENERGY PTE. LTD.,2017,11 - 50,Seed,Cleantech; Data Analysis; Big Data,Complexity Simplified ,https://www.genesisray.com,
HODLNAUT PTE. LTD.,2019,1 - 10,Pre-seed,Fintech; Blockchain,Bitcoin; HODL; Deposit; Saving; Passive Investing,https://hodlnaut.com,
HEARTH&H PTE. LTD.,2024,,Pre-seed,,,,no webpage found
HARE FITNESS GROUP PTE. LTD.,2023,1 - 10,Pre-seed,,Foodtech X Fitness Goals; Personalised Fitness nutrition ,https://harefitness.sg/,
EASY-PEASY.AI PTE. LTD.,2023,1 - 10,Pre-seed,Education; Media; AI; E-Commerce; SaaS,#AllInOneAI  #BusinessEfficiency  #AIChatbots  #ImageGeneration  #AudioTranscription  #VoiceCloning  #CustomAIModels  #MultilingualSupport  #AutomatedCustomerSupport  #CreativeDesignAI,https://easy-peasy.ai/,
SGNAPLUS PTE. LTD.,2021,1 - 10,Pre-seed,Marine & Offshore; Maritime; Urban Solutions; Cleantech,Energy Storage; Renewable Energy; Green Building Technology,https://www.sgnaplus.com/,
MAPSEA PTE. LTD.,2024,11 - 50,Pre-seed,Transport; AI; Marine & Offshore; Supply Chain & Logistics; Big Data,autonomous ship; voyage optimization ; Navigation; Marine,https://service.mapsea.io/en,
NORTH STAR LEADERSHIP PTE. LTD.,2024,1 - 10,Pre-seed,,,http://nsleadership.com,
DALTECH PTE. LTD.,2023,1 - 10,Pre-seed,Events; Lifestyle,,https://www.griddygrid.com/,
THEMAPLEPAW PTE. LTD.,2024,1 - 10,Pre-seed,E-Commerce; Healthcare Services; Digital Health; IoT; Big Data,Application Development; Primary Care; E-Commerce; Social Networking,https://www.themaplepaw.com/,
CLOUD MIND SOLUTIONS PTE. LTD.,2023,1 - 10,Pre-seed,Media; Enterprise Solutions; Infocomm Tech; Cloud; Hardware,"vendor support, hardware, software, cloud solutions, creative media",https://www.cloudmind.sg,
ROUGE COLLECTIVE PTE. LTD.,2024,1 - 10,Pre-seed,Education; Entertainment; AR/VR,"Animation, education, entertainment",https://withrouge.com,
OPEN RESOURCING PTE. LTD.,2024,1 - 10,Pre-seed,Retail; E-Commerce; Lifestyle,ecommerce; Shopify; wed development; nodejs; fullstack; php; woocommerce; html5; css; Consultancy,https://www.openresourcing.sg/,
LEGACY TECHNOLOGIES PTE. LTD.,2023,1 - 10,Pre-seed,AI; Entertainment,Systems Development,https://memorylane.co,
ADVANCED BIOMEDICAL PTE. LTD.,2024,1 - 10,Pre-seed,Biotech; Pharmaceutical; Healthcare; Nanotechnology,"Gene Therapy, Deep Tech, Cardiology, Nano Medicine, Startup, Singapore SME",https://www.advancedbiomedical.com,
TO BE ONE PTE. LTD.,2024,1 - 10,Pre-seed,Events; E-Commerce; Lifestyle,,https://www.2beone.biz/,
ALLUCI STUDIO PTE. LTD.,2024,1 - 10,Pre-seed,Media; Gaming; AI; Entertainment; AR/VR,"AI, AITuber, VR, Entertainment, AI company, AI chat",https://allucistudio.live/,
HYDROGEN INNOVATION PTE. LTD.,2024,1 - 10,Pre-seed,Cleantech; Manufacturing & Engineering; Hardware,Renewable Energy; Energy Storage,https://www.hyd-gen.com/,
EMEREG PTE. LTD.,2023,1 - 10,Pre-seed,,,https://emereg.com/,
KOOKREE PTE. LTD.,2024,1 - 10,Pre-seed,AI,,http://www.kookree.ai,
ONEREACH SINGAPORE PRIVATE LIMITED,2024,1 - 10,Pre-seed,AI; E-Commerce; Entertainment; AR/VR,E-Commerce; AR/VR; AI,https://www.linkedin.com/company/105003976/admin/dashboard/,
LOKUM PTE. LTD.,2024,1 - 10,Pre-seed,Education; AI, Coaching; E-Learning,https://www.lokum.sg,
ALPHA X TECHNOLOGY PTE. LTD.,2024,1 - 10,Pre-seed,Semiconductor; Data Analysis,Manufacturing; AI; Automation; Innovation; oht; stocker; EAS; FDC; YMS; RTD,https://www.alphaxtec.com,
TALENT HERO VENTURES PTE. LTD.,2019,51 - 100,Pre-seed,,,https://talenthero.co/,
RAINMARKET PTE. LTD.,2024,1 - 10,Pre-seed,Infocomm Tech; Others; SaaS; Data Analysis,Market Data; Financial Data; Data Analytics; Extraction Technology,https://rainmarket.com/,
JE CREW PTE. LTD.,2024,1 - 10,Pre-seed,Others,Human Resources,https://www.jecrewsg.com/,
BLUE STAR TECH PTE. LTD.,2024,1 - 10,Pre-seed,Cleantech,Emission Control; Eco Monitoring Technologies,http://www.sgbluestar.com,
ACQUAINTANCE PTE. LTD.,2023,11 - 50,Pre-seed,Retail; Transport; E-Commerce; Telecom; SaaS,E-Commerce; SaaS; Human Resources; Recycling; Customer Relationship Management; auto planning; Auto route management; Inventory Management; Data Warehouse; AI,https://www.logflows.com,
REVTRADE PTE. LTD.,2024,1 - 10,Pre-seed,AI; Fintech,FinTech; loans; AI,http://www.revtrade.tech,
J&A FORENSICS AND INSPECTIONS PTE. LTD.,2024,1 - 10,Pre-seed,Real Estate; Others,inspection,https://www.ja-fi.com.sg,
BETTER IOT SOLUTIONS PTE. LTD.,2023,1 - 10,Pre-seed,Agritech; E-Commerce; Infocomm Tech; IoT; SaaS,Communication Systems; SaaS; E-Commerce; Precision Agriculture; Green Building Technology; Inventory Management; Facilities Management; Knowledge Management; Modules & Components; Eco Monitoring Technologies,https://better-iot.com.sg,
POSTCAP PTE. LTD.,2024,1 - 10,Pre-seed,E-Commerce; Food & Beverage,Sustainability; food waste,https://www.foodtoo.co,
TAVATAR TECHNOLOGY PTE. LTD.,2024,1 - 10,Pre-seed,Education; AI; SaaS,edu; EduTech; AI; SaaS; AI Employee,https://www.tavatar.ai,
PILOT & PILLAR CAPITAL PTE. LTD.,2019,1 - 10,Pre-seed,Fintech; Data Analysis; Big Data,Quant; Algo; Alpha; hedging; risk,https://www.pilQuant.com,
EVOKONNECT PTE. LTD.,2023,1 - 10,Pre-seed,Retail; AI; E-Commerce; Others; SaaS,"HR, E-commerce, AI,Human agents, Conversational AI, Image Enhancement",https://www.justping.ai/,
AUTOVERSE PTE. LTD.,2024,1 - 10,Pre-seed,Transport; Supply Chain & Logistics; Urban Solutions,SaaS; platform-as-a-service; crm; after-market garage services,http://autoverse.sg,
EDEN'S GROUND PTE. LTD.,2024,1 - 10,Pre-seed,Retail; E-Commerce; Events; Lifestyle,E-Commerce; Planning & Design; Floral Design; Flowers; gifts; wedding; workshop,https://www.edensground.com,
FLASHIN PTE. LTD.,2023,1 - 10,Pre-seed,Transport; AI; Supply Chain & Logistics; Others; Big Data,,http://www.iflashin.com,
IMFIT PTE. LTD.,2024,1 - 10,Pre-seed,AI; SaaS,SaaS; SEO; gtm,https://www.conceptmap.ai/,
POLAR COLD PTE. LTD.,2023,1 - 10,Pre-seed,Agritech; Food & Beverage; Supply Chain & Logistics; Cleantech,,http://www.Polar-cold.com,
ES5 PTE. LTD.,2023,1 - 10,Pre-seed,Retail; AI; Lifestyle; SaaS; Big Data,AI; beauty; Exercise; Diet; Fashion; agents; Optimization; Community Engagement; appearance,http://www.es5.co,
DEDOMENA PTE. LTD.,2018,1 - 10,Pre-seed,AI; Supply Chain & Logistics; Enterprise Solutions; SaaS; Cloud,#AI; #data; #mattermanagement; #legal; #Automation ; #accounting; #medicaldocument; #logistic; #invoices; #deliveryorder,https://www.dedomena.sg,
GREENCHAIN SOLUTIONS PTE. LTD.,2025,1 - 10,Pre-seed,Enterprise Solutions; Cleantech; SaaS; Big Data,Data Analysis,https://greenchain.space/,
SEARCH A VET PTE. LTD.,2024,1 - 10,Pre-seed,Medtech; Others; SaaS,,https://www.searchavet.com.sg,
WRKS GAMES PTE. LTD.,2024,11 - 50,Pre-seed,Gaming; AI; Entertainment,Gamification,https://www.wrks-games.com/,
YOPA.AI PTE. LTD.,2024,1 - 10,Pre-seed,Transport; AI; Enterprise Solutions; Urban Solutions; Lifestyle,"Ai, LLM, Safety, Efficiency, Simplicity, Community",https://yopa.ai,
FRONTIER AI PTE. LTD.,2024,1 - 10,Pre-seed,,,https://www.linkedin.com/company/getfrontier,
DATAYOO APPLICATION SINGAPORE PTE. LTD.,2024,,Pre-seed,,,https://farmispace.com/,based on internet checks
WU BROTHERS PTE. LTD.,2024,1 - 10,Pre-seed,Transport; E-Commerce; Food & Beverage; Events,Food Packaging,http://www.feeds.com.sg,
SOLOM PTE. LTD.,2025,1 - 10,Pre-seed,Agritech; Enterprise Solutions; SaaS; Data Analysis; Big Data,Biodiversity,https://solom.earth,
WINDEE PTE. LTD.,2024,1 - 10,Pre-seed,Urban Solutions; Cleantech,,https://www.windee.online/,
WONDERTABS PTE. LTD.,2020,11 - 50,Pre-seed,Medtech; E-Commerce; Infocomm Tech; Others; Cloud,Web Development; web design; branding; brand; website design; UI/UX; Graphic Design; website development; website; E-Commerce,https://wondertabs.com,
NO.1 LAUNDRY LAUNDRY PTE. LTD.,2025,1 - 10,Pre-seed,Lifestyle,Laundry Costume Mascots Anime Cosplay Convinient Easy Fun Stressfree,https://no1laundry.shop/,
GENIE PRO PTE. LTD.,2023,11 - 50,Pre-seed,Adtech; Education; Infotech; E-Commerce; Infocomm Tech,#VirtualAssistant ; #RemoteWork ; #AdminSupport ; #ProjectManagement ; #BusinessSupport ; #SalesOutreach ; #ClientSuccess ; #TalentMatching  ; #FreelanceEconomy; #workfromanywhere,https://www.geniepro.biz/,
A ABOUT PETS PTE. LTD.,2025,1 - 10,Pre-seed,Infocomm Tech; Lifestyle,Mobile PetCare; Application Development; Lifestyle; AI; PetCare Services,https://aaboutpets.com/,
VERMELLION PRIVATE LIMITED,2025,1 - 10,Pre-seed,Consumer Electronics; E-Commerce; Lifestyle,Consumer Electronics,http://vermellion.com/,
OCTANTIS INDUSTRIES PTE. LTD.,2025,1 - 10,Pre-seed,Aerospace; Precision Engineering; Maritime; Manufacturing & Engineering; Hardware,Machinery & Systems; Investing,https://www.octantis.industries,
QUURK PTE. LTD.,2024,1 - 10,Pre-seed,Education; Gaming; AI,,https://www.pastopia.io/,
MAXIGHT TECHNOLOGY PTE. LTD.,2024,11 - 50,Pre-seed,Medtech; Education; AI; Lifestyle; AR/VR,Eye-care; XR; Screen; Optical; Myopia Control,http://www.maxightvision.com,
SOTATEK ASIA PTE. LTD.,2025,1 - 10,Pre-seed,AI; Enterprise Solutions; Blockchain; Data Analysis; Big Data,AI enterprise solution; AI-chatbot; OpenAI; Data Analytics; Blockchain development; Smart Contract; eKYC; AI data centre; GPU renting; IT resourcing,http://www.sotatek.com,
HELLO ELLO PTE. LTD.,2025,1 - 10,Pre-seed,Consumer Electronics; AI; Healthcare; IoT,AI IOT Consumer Electronics Smart,https://www.helloello.co,
JELLYFISH STUDIOS PRIVATE LIMITED,2024,1 - 10,Pre-seed,Media; Entertainment; Lifestyle,,http://instagram.com/jellyfishstudiossg/,
ENPROSE PTE. LTD.,2024,1 - 10,Pre-seed,AI; Enterprise Solutions; Data Analysis; Big Data,Data Analysis; Big Data,https://www.enprose.ai,
UXQODE PTE. LTD.,2022,1 - 10,Pre-seed,Fintech; Enterprise Solutions,fund management; fund administration ; fund accounting ; investor portal; investor management,https://ux-qode.com,
ZOLO PTE. LTD.,2023,11 - 50,Pre-seed,AI; Food & Beverage; Enterprise Solutions; Supply Chain & Logistics; Food Manufacturing & Processing,#AI; #FoodIndustry; #Sustainability; #B2B; #saas,https://sayzolo.com,
SPORTS NETWORK PTE. LTD.,2023,1 - 10,Pre-seed,Adtech; E-Commerce; Lifestyle; Data Analysis,Where Winners Play,https://zone.com.sg/,
SMASHFI PTE. LTD.,2025,1 - 10,Pre-seed,Fintech; Blockchain,Crypto; Bitcoin; wealthmanagement; Investing; Saving; selfcustody; Personal Finance; autotrading,https://smashfi.me,
SPORE SIXTYFIVE PTE. LTD.,2016,,Pre-seed,,,,no webpage found
FLAIR TECHNOLOGIES PTE. LTD.,2016,,Pre-seed,,,https://home.flair.sg/,based on internet checks
VINO FONTAINE PTE. LTD.,2016,,Pre-seed,,,https://mysantus.com,based on internet checks
SKYDRONER PTE. LTD.,2017,,Pre-seed,,,http://www.skydroner.com/,based on internet checks
MOVING WALLS HOLDING PTE. LTD.,2017,,Pre-seed,,,https://www.movingwalls.com,based on internet checks
SILOT PTE. LTD.,2017,,Pre-seed,,,https://www.silot.ai,based on internet checks
FAST-LAP PTE. LTD.,2017,,Pre-seed,,,,
ECOLUTION AGRI-TECH PTE. LIMITED,2017,,Pre-seed,,,https://ecolution.asia,based on internet checks
NIMBUS ENTERPRISE PTE. LTD.,2017,,Pre-seed,,,https://www.nimbusfacility.com/,based on internet checks
PROXCURITY PTE. LTD.,2017,,Pre-seed,,,,
OPALAI PTE. LTD.,2017,,Pre-seed,,,,no webpage found
MDRIFT TECHNOLOGIES (S) PTE. LTD.,2017,,Pre-seed,,,https://mdrift.com/,based on internet checks
WORLD MODE SINGAPORE PTE. LTD.,2017,,Pre-seed,,,,
WINEXT CORP PTE. LTD.,2017,,Pre-seed,,,,
CARA PTE. LTD.,2017,,Pre-seed,,,,
DIGIFINEX PTE. LTD.,2017,,Pre-seed,,,https://www.digifinexsg.com/,based on internet checks
NEXUS ENTERPRISE TECHNOLOGIES PTE. LTD.,2017,,Pre-seed,,,,no webpage found
ICHX TECH PTE. LTD.,2017,,Pre-seed,,,,
ENGINEERING IN TRANSLATIONAL SCIENCE PTE. LTD.,2017,,Pre-seed,,,,no webpage found
SPECTER ONE PTE. LTD.,2017,,Pre-seed,,,,no webpage found
FINTRUX PTE. LTD.,2017,,Pre-seed,,,https://www.fintrux.com,based on internet checks
BLUEMEG HOLDINGS PTE. LTD.,2017,,Pre-seed,,,,
ANAPI PTE. LTD.,2018,,Pre-seed,,,https://anapi.co/,based on internet checks
WEBOT PTE. LTD.,2018,,Pre-seed,,,https://www.webot.com,based on internet checks
GCOX TECHNOLOGY PTE. LTD.,2018,,Pre-seed,,,,
HYDRAX PTE. LTD.,2018,,Pre-seed,,,,
EYEGAUGE PTE. LTD.,2022,1 - 10,Pre-seed,Maritime; AI; IoT; SaaS; Data Analysis,Seed; AI; smartship; Digitalization; maritimeinnovation; marinestartup; DeepTech,https://www.eye-gauge.com/,
KUHLMANN LAND PTE. LTD.,2022,,Pre-seed,,,,no webpage found
BAYESMETA PTE. LTD.,2022,,Pre-seed,,,,
TECHCLOUD PRIVATE LIMITED,2023,11 - 50,Pre-seed,Infotech; Fintech; Enterprise Solutions; IoT; Cloud,,https://techcloud.sg,
HASH CUBE PTE. LTD.,2023,1 - 10,Pre-seed,Infotech; Fintech; Blockchain,Personal Finance; Application Development; Systems Development,https://rampable.co/,
ENZYME CONSULTING PTE. LTD.,2023,1 - 10,Pre-seed,Food Science and Technology; Agritech; Biotech; Food & Beverage; Travel & Hospitality,Sustainability; Food Systems Transformation; Circular Economy; supply chain optimisation; Market Entry Strategy; Policy Advocacy; Business Advisory Services; Impact Measurement; Implementation Support; Nature-Positive Solutions,https://enzyme.consulting,
BEYOND BRAND PTE. LTD.,2022,,Pre-seed,,,,no webpage found
WISEASY TECHNOLOGY PTE. LTD.,2021,Above 200,Pre-seed,Retail; Fintech; IoT; Hardware,Payment Systems,https://www.wiseasy.com/,
PQCEE PTE. LTD.,2022,1 - 10,Pre-seed,IoT,,https://www.pqcee.com/,
HUB360+ PTE. LTD.,2022,1 - 10,Pre-seed,AI; IoT,Messaging; Ecosystem; Mini-Applications; AI; AR/VR; IoT; AIoT,https://www.hub360.plus,
Wind.App,2021,1 - 10,Pre-seed,Fintech; Blockchain; SaaS,"fintech, payments, remittance, defi, finance, polygon, blockchain",https://wind.app,
ECOMNOMY TRADING & SOLUTIONS PTE. LTD.,2023,1 - 10,Pre-seed,Media; Retail; E-Commerce; Supply Chain & Logistics; Lifestyle,#ecommerce #entrepreneurship #international branding #retail #Live commerce #business consultation #looking for investor #funding,https://www.ecomnomy.sg/,
PSILA TECH PTE. LTD.,2021,1 - 10,Pre-seed,Fintech; Blockchain,Personal Finance; Cryptocurrency,https://www.flippyfinance.com,
MOONER APP PRIVATE LIMITED,2020,1 - 10,Pre-seed,Lifestyle; Blockchain,gigeconomy; services app; mobileapp; income; selfemployed; everyday services; Ridehailing; homebasedbusiness; Community; socialenterprise,https://mooner.com.sg,
SILINK PTE. LTD.,2018,1 - 10,Pre-seed,E-Commerce; AI; Urban Solutions; Data Analysis,E-Commerce; Home & Living; Consumer & Marketing Analytics,https://www.helpering.com,
689CLOUD PTE. LTD.,2019,,Pre-seed,,,,
AMILO INTERNATIONAL PTE. LTD.,2022,,Pre-seed,,,,
ALT RESEARCH PTE. LTD.,2022,,Pre-seed,,,https://altlayer.io/,based on internet checks
ATATO PTE. LTD.,2020,,Pre-seed,,,https://www.atato.com/,based on internet checks
AVANT BIOTECHNOLOGY PTE. LTD.,2021,,Pre-seed,,,,
AXINAN PTE. LTD.,2016,,Pre-seed,,,https://iglooinsure.com/,based on internet checks
BLUE INCUBE PTE. LTD.,2017,,Pre-seed,,,https://www.blueincube.com,based on internet checks
BUD INTERACTIVE PTE. LTD.,2022,,Pre-seed,,,,no webpage found
COVERGO PTE. LTD.,2016,,Pre-seed,,,https://www.covergo.com/,based on internet checks
CRADLES N CRAYONS PTE. LTD.,2022,,Pre-seed,,,,
CT GLOBAL HOLDINGS PTE. LTD.,2019,,Pre-seed,,,https://ctglobal-holdings.com/,based on internet checks
DIGIMI PTE. LTD.,2018,,Pre-seed,,,,
FLOAT PRIVATE LIMITED,2020,,Pre-seed,,,https://www.floatfoods.com/,based on internet checks
ELYSIA PLATFORM PTE. LTD.,2019,,Pre-seed,,,,
ELFIE PTE. LTD.,2020,,Pre-seed,,,https://www.elfie.co/,based on internet checks
FOURIER INTELLIGENCE INTERNATIONAL PTE. LTD.,2018,,Pre-seed,,,https://www.fourierintelligence.com,based on internet checks
FREIGHTIFY TECHNOLOGIES PTE. LTD.,2022,,Pre-seed,,,,
GAZILLION MATHTECH PTE. LTD.,2021,,Pre-seed,,,https://www.koinbasket.com,based on internet checks
INCOMLEND HOLDING PTE. LTD.,2021,,Pre-seed,,,,
ILEX MARKETS APAC PTE. LTD.,2019,,Pre-seed,,,,
ICARE BENEFITS SEA HOLDINGS PTE. LTD.,2020,,Pre-seed,,,https://icarebenefits.asia/home_en,based on internet checks
INY FINANCIAL PTE. LTD.,2021,,Pre-seed,,,,
INNOWAVE TECH PTE. LTD.,2019,,Pre-seed,,,,
KUDOTEK PTE. LTD.,2019,,Pre-seed,,,http://kudotekcorp.com/,based on internet checks
LABLACO HOLDING PTE. LTD.,2020,,Pre-seed,,,,
MEDIALOAD PTE. LTD.,2016,,Pre-seed,,,https://mediaload.co/,based on internet checks
LUNARAY PTE. LTD.,2021,,Pre-seed,,,,
MEDHYVE PTE. LTD.,2021,,Pre-seed,,,,
MEDNEFITS HOLDINGS PTE. LTD.,2019,,Pre-seed,,,,
LUNCHBOX PTE. LTD.,2019,11 - 50,Pre-seed,Food & Beverage; Fintech; SaaS,Payment Systems; SaaS; Natural Language Processing; Big Data; Customer Relationship Management,https://www.lunchbox.asia,
MICROPORT MEDBOT (SINGAPORE) PTE. LTD.,2021,,Pre-seed,,,,
METAPALS PTE. LTD.,2022,11 - 50,Pre-seed,Gaming; AI; Entertainment; Blockchain,AI Companions; Virtual Pets; Browser Extension Game,https://www.kindredlabs.ai/,
MIGHTY BEAR GAMES PTE. LTD.,2016,,Pre-seed,,,https://www.mightybeargames.com/,based on internet checks
MINDSIGNS HEALTH PTE. LTD.,2020,,Pre-seed,,,,no webpage found
NODE REAL PTE. LTD.,2021,,Pre-seed,,,,
NUT CULTURE PTE. LTD.,2019,,Pre-seed,,,,
PARTIOR HOLDINGS PTE. LTD.,2023,,Pre-seed,,,https://partior.com,based on internet checks
PHARMINT PTE. LTD.,2022,11 - 50,Seed,Pharmaceutical,"pharma, b2b, crossborder, longtail, B2G, globalsouth",https://pharmint.net/,
RED DOT DRONE PTE. LTD.,2017,,Pre-seed,,,https://reddotdrone.com,based on internet checks
SEVEN SPRINGS CAPITAL PTE. LTD.,2019,,Pre-seed,,,,no webpage found
SIMPLYGOOD (PTE. LTD.),2021,,Pre-seed,,,,
SMART SHIP HUB PTE. LTD.,2019,,Pre-seed,,,https://smartshiphub.com/,based on internet checks
SMILE TECHNOLOGY PTE. LTD.,2021,,Pre-seed,,,,
TAN LEONG HUAT PTE. LTD.,2017,,Pre-seed,,,,
TAKI NETWORK PTE. LTD.,2022,,Pre-seed,,,,no webpage found
TOTALLYAWESOME SINGAPORE PTE. LTD.,2016,,Pre-seed,,,https://totallyawesome.tv,based on internet checks
TRAMPOLENE LIMITED,2016,,Pre-seed,,,https://trampolene.org,based on internet checks
TYME PTE. LTD.,2020,,Pre-seed,,,https://www.tyme.com/,based on internet checks
TRANSCEND LIMITOMICS PRIVATE LIMITED,2019,,Pre-seed,,,,
TTMFS SINGAPORE PTE. LTD.,2018,,Pre-seed,,,https://www.thunes.com,based on internet checks
VETRESKA FUTURE PET FOOD PTE. LTD.,2022,,Pre-seed,,,https://vetreskanyc.com/,based on internet checks
WILDTYPE TECHNOLOGIES PTE. LTD.,2019,,Pre-seed,,,,
YOUBOOKS EDTECH PTE. LTD.,2021,,Pre-seed,,,https://www.youbooks.co,based on internet checks
XGROUP GLOBAL PTE. LTD.,2021,,Pre-seed,,,,
NANRISE PTE. LTD.,2018,,Pre-seed,,,,
A.F.T. SEA PTE. LTD.,2019,,Pre-seed,,,,
TALMORE PTE. LTD.,2020,,Pre-seed,,,,
TIFFINLABS GROUP PTE. LTD.,2020,,Pre-seed,,,,no webpage found
XCELERATE PTE. LTD.,2021,,Pre-seed,,,https://xcelerateltd.com/,based on internet checks
DIGITAL COMMODITY EXCHANGE PTE. LTD.,2021,,Pre-seed,,,https://www.dcx.group/,based on internet checks
STARBOARD CORPORATE PTE. LTD.,2021,,Pre-seed,,,,
RAKKAR DIGITAL HOLDINGS PTE. LTD.,2022,,Pre-seed,,,,
YELLOW MARS MEDIA PTE. LTD.,2020,,Pre-seed,,,https://yellowmarsmedia.com,based on internet checks
CONFIRMU PTE. LTD.,2018,,Pre-seed,,,https://www.confirmu.com/,based on internet checks
COLOSO PTE. LTD.,2018,,Pre-seed,,,,
AIR DIGITAL SOLUTIONS PTE. LTD.,2018,,Pre-seed,,,https://www.airdigital-solutions.com,based on internet checks
BERRIBOT PTE. LTD.,2019,,Pre-seed,,,https://www.berribot.com,based on internet checks
PIPELINE PTE. LTD.,2019,,Pre-seed,,,,no webpage found
ARKSOFT (SG) PTE. LTD.,2019,,Pre-seed,,,https://arksoftsg.com/,based on internet checks
ADVANCA PTE. LTD.,2019,,Pre-seed,,,,
SPOONS.AI PTE. LTD.,2019,,Pre-seed,,,https://www.spoons.ai/,based on internet checks
BYTESE PTE. LTD.,2019,,Pre-seed,,,https://bytese.io/,based on internet checks
AMPHIBYTE TECHNOLOGIES PTE. LTD.,2019,,Pre-seed,,,https://www.amphibyte.com/,based on internet checks
CRAWLESS PTE. LTD.,2019,,Pre-seed,,,https://www.crawless.com/,based on internet checks
ADECORE GLOBAL PTE. LTD.,2019,,Pre-seed,,,https://www.adecore.tech,based on internet checks
PERSISTENCE TECHNOLOGIES PTE. LTD.,2019,,Pre-seed,,,,
NUTY FOOD TECHNOLOGIES PTE. LTD.,2020,,Pre-seed,,,,
STETIG PTE. LTD.,2019,,Pre-seed,,,,no webpage found
ZAPPZ PTE. LTD.,2020,,Pre-seed,,,,
CONNECTED TECH PTE. LTD.,2019,,Pre-seed,,,,
HELLOHOLO PTE. LTD.,2020,,Pre-seed,,,https://helloholo.sg/,based on internet checks
SMARTLAW PTE. LTD.,2020,,Pre-seed,,,https://www.smartlaw.com.sg/,based on internet checks
HIZEN PTE. LTD.,2020,,Pre-seed,,,,no webpage found
ACXTRON PTE. LTD.,2020,,Pre-seed,,,https://www.acxtron.com/,based on internet checks
GOOD VALUE ASIA PRIVATE LIMITED,2020,,Pre-seed,,,,no webpage found
SNOWW BOOKS PTE. LTD.,2021,,Pre-seed,,,,
ALLY LOGISTICS INTEGRATORS PTE. LTD.,2021,,Pre-seed,,,https://www.luwjistik.com,based on internet checks
BUNKER TECHNOLOGIES PTE. LTD.,2021,,Pre-seed,,,,
YUNOMETA PTE. LTD.,2021,,Pre-seed,,,,
ASCEND NOW PTE. LTD.,2018,,Pre-seed,,,https://www.ascendnow.org,based on internet checks
CULTIVATE PEOPLE PTE. LTD.,2021,,Pre-seed,,,,
AI LEARNING LAB PTE. LTD.,2020,,Pre-seed,,,,no webpage found
PANDA CENTURY 360 EDUCATION PTE. LTD.,2022,,Pre-seed,,,,
HOLDBUILD PTE. LTD.,2018,,Pre-seed,,,,
UDIFY EDUCATION HOLDINGS PTE. LTD.,2018,,Pre-seed,,,,
CARMINE THERAPEUTICS HOLDINGS PTE. LTD.,2019,,Pre-seed,,,,
SINGAPORE LIFE HOLDINGS PTE. LTD.,2020,,Pre-seed,,,https://www.singlife.com,based on internet checks
ALDIGI HOLDINGS PTE. LTD.,2021,,Pre-seed,,,https://www.aldigi.co/,based on internet checks
DETRACK HOLDCO PTE. LTD.,2021,,Pre-seed,,,https://www.detrack.com/,based on internet checks
FRAXTOR GROUP PRIVATE LIMITED,2022,,Pre-seed,,,,
COPROCURE PTE. LTD.,2019,,Pre-seed,,,https://www.coprocure.com/,based on internet checks
CASHCHANGER PTE. LTD.,2019,,Pre-seed,,,,
TWELVE DATA PTE. LTD.,2020,,Pre-seed,,,,
PROXTERA PTE. LTD.,2020,,Seed,,,https://www.proxtera.com,
COSMOS INNOVATION PTE. LTD.,2019,,Pre-seed,,,,no webpage found
MIPS INNOVATIONS PTE. LTD.,2018,,Pre-seed,,,,
LIFTONTECH SUPREME PTE. LTD.,2018,,Pre-seed,,,,
UNITED ADDITIVE MANUFACTURING PTE. LTD.,2019,,Pre-seed,,,https://www.uam3d.com/,based on internet checks
EX SPORTS PTE. LTD.,2019,,Pre-seed,,,,
FERMATICS (PTE.) LTD.,2019,,Pre-seed,,,,
NEW WEALTH EXPERIENCE PTE. LTD.,2018,,Pre-seed,,,,no webpage found
QOOCO ASIA PTE. LTD.,2018,,Pre-seed,,,,
SLOWFORM PTE. LTD.,2019,,Pre-seed,,,,
MANYREQUESTS PTE. LTD.,2020,,Pre-seed,,,,
GFR HOLDINGS PTE. LTD.,2019,,Pre-seed,,,,no webpage found
IMMUNOA PTE. LTD.,2018,,Pre-seed,,,https://www.immunoa.com/,based on internet checks
SGITAL PTE. LTD.,2017,11 - 50,Pre-seed,AI; Enterprise Solutions; SaaS; Cloud,Risk Management; Employee Experience; Customer Service; Digital Transformation; Service Operations; AIOPs; Agile,https://www.sgital.com,
BETASMARTZ GLOBAL PTE. LTD.,2016,,Pre-seed,,,,
PRIMERA ELEVATION TECHNOLOGY PTE. LTD.,2016,,Pre-seed,,,,
NYUN AI PTE. LTD.,2023,1 - 10,Pre-seed,AI; Cleantech; Cloud,Sustainable AI solution for the better world,https://nyunai.com/,
HYDROGRO PTE. LTD.,2022,1 - 10,Pre-seed,Food Science and Technology; Agritech; Food & Beverage; Food Manufacturing & Processing,Precision Agriculture; flower; plants; edible flower; horticulture; farm,http://www.hydrogro.sg,
APROBEE TECHNOLOGY PTE. LTD.,2016,,Pre-seed,,,,no webpage found
SKOOLY PTE. LTD.,2016,,Pre-seed,,,https://getskooly.com/,based on internet checks
MIND POINTEYE PTE. LTD.,2016,,Pre-seed,,,http://www.mindpointeye.com,based on internet checks
BIO CIRCLE PTE. LTD.,2019,,Pre-seed,,,,no webpage found
CBMM SUPPLY SERVICES AND SOLUTIONS PTE. LTD.,2018,,Pre-seed,,,https://cbmmgroup.com/,based on internet checks
CONNECTEDLIFE HEALTH PTE. LTD.,2020,,Pre-seed,,,,
BRIOMED TECHNOLOGIES PTE. LTD.,2021,,Pre-seed,,,https://briomed.tech,based on internet checks
BLUMAIDEN BIOSCIENCES PTE. LTD.,2020,,Pre-seed,,,https://blumaiden.com,based on internet checks
JMEDGUARD PTE. LTD.,2020,,Pre-seed,,,https://www.jmedguard.com/,based on internet checks
EWAYZ PTE. LTD.,2018,,Pre-seed,,,,no webpage found
VMORE SYSTEM PTE. LTD.,2019,,Pre-seed,,,https://www.vmoresystem.com/,based on internet checks
DC DIGITAL PTE. LTD.,2022,1 - 10,Pre-seed,Infotech; Enterprise Solutions; Infocomm Tech; IoT,enterprise solutions; Information Technology; Management Platform; Digital Services,https://www.dcdigital.sg/,
YANOK AI&SERVICES PTE. LTD.,2023,1 - 10,Pre-seed,AI; Fintech; SaaS,AI for Business; AI Automation; Business Process Automation; API Management; AI Apps,https://www.yanok.ai,
CMED HEALTH PTE. LTD.,2020,1 - 10,Seed,Digital Health; AI; Healthcare Services; IoT; Data Analysis,Digitised Health Systems; Telemedicine; Health Analytics; Mobile Health; Primary Care,https://cmed.com.bd/,
RKCL SINGAPORE PTE. LTD.,2021,11 - 50,Pre-seed,Supply Chain & Logistics; SaaS,"freight tech , Logistics, Supply chain, Digital Freight Forwarder, Container, Exports ",https://olaport.com,
STRINGSSG PTE. LTD.,2018,1 - 10,Pre-seed,Infotech; AI; Urban Solutions; Lifestyle; SaaS,,https://www.stringssg.com,
BIOMETALLICA PTE. LTD.,2022,1 - 10,Pre-seed,Biotech; Cleantech; Manufacturing & Engineering; Others,"#sustainablemanufacturing, #cleantech, #circulareconomy, #e-waste",https://biometallica.com,
COMENOW PTE. LTD.,2020,1 - 10,Pre-seed,E-Commerce; Lifestyle,#marketplace,https://comenow.com,
Unified Intelligence,2021,1 - 10,Pre-seed,AI; Fintech; Enterprise Solutions; Data Analysis; Big Data,Risk Management; Personal Finance; Anti-Money Laundering; Crowdfunding; Payment Systems; P2P Lending; Insurtech,https://www.unified-intelligence.ai/,
CYBERLYMPHA PTE. LTD.,2021,11 - 50,Pre-seed,Infotech; AI; IoT,Cyber Security,https://cyberlympha.com,
BURSEMENT PTE. LTD.,2022,1 - 10,Pre-seed,Infotech; AI; Fintech,AI; FinTech; Finance,https://burseai.com,
HOVER X SPACE PTE. LTD.,2023,1 - 10,Pre-seed,Aerospace; Others,Space Technology; Avionics; electronics   ,https://hovexspaceflightcomputer.godaddysites.com,
ACTUARIES ONTAP PTE. LTD.,2019,51 - 100,Pre-seed,AI; Healthcare Services; Fintech; Data Analysis,,http://www.actuariesontap.com/,
PANGAEA TUNA INTERNATIONAL PTE. LTD.,2022,1 - 10,Pre-seed,Food Science and Technology; AI; Blockchain; IoT; SaaS,Trading; Precision Agriculture; SaaS; Seed; E-Commerce; Diagnostics; Microbiology; Waste Technology; Rapid Testing Kits; Systems Development,https://www.tunasolutions.com,
MEICAN SINGAPORE PTE. LTD.,2022,1 - 10,Pre-seed,Food & Beverage; SaaS,platform catering,https://www.meican.com,
GREEN BUILDING DESIGN PTE. LTD.,2023,1 - 10,Pre-seed,Biotech; Urban Solutions,FURNITURE DESIGN SERVICES；OTHER SPECIALISED DESIGN ACTIVITIES N.E.C.,https://m.bysjy.com.cn/frontend/student/default/chance/recommendcompanydetails/?token=yxqqnn2600000031&company_id=527657&apply_id=,
GORO TECHNOLOGY PTE. LTD.,2022,11 - 50,Pre-seed,Fintech; Travel & Hospitality; Real Estate; Blockchain,Risk Management; Investing,https://www.goro.id,
DEEPMARKER PTE. LTD.,2021,1 - 10,Pre-seed,Fintech; Blockchain; Data Analysis; Big Data,,https://www.coinlake.co,
WATAWASTE PTE. LTD.,2021,11 - 50,Pre-seed,Food & Beverage; Food Manufacturing & Processing,Waste Technology; Waste Management; E-Commerce; SaaS,https://www.yindii.co,
GALAMAD AEROSPACE PTE. LTD.,2023,1 - 10,Pre-seed,Aerospace,Space Technology; Space ,https://galamad.space/,
SHINE EDTECH PTE. LTD.,2021,1 - 10,Pre-seed,Education; AI; SaaS; Data Analysis,,https://shineedtech.com/,
BLUE BLOCK PTE. LTD.,2023,1 - 10,Pre-seed,,,https://blueblock.sg/,
FLOMONEY PRIVATE LIMITED,2023,11 - 50,Pre-seed,Infotech; AI,Natural Language Processing; Legal Tech,https://flomoney.info,
BUBBLE3 PTE. LTD.,2020,1 - 10,Pre-seed,Education; Travel & Hospitality; Healthcare; Cleantech; Lifestyle,Medical devices; Mobile Health; Digitised Health Systems; Home & Living,https://bubble3.co,
THEONEHOURPROJECT PTE. LTD.,2023,1 - 10,Pre-seed,Enterprise Solutions; Lifestyle; SaaS,social good; Social Enterprise ; techforgood,https://theonehourproject.com/,
RENORA TECHNOLOGIES PTE. LTD.,2022,1 - 10,Pre-seed,AI; Fintech; Blockchain; SaaS,Digital Assets; Crypto; Blockchain; SaaS; Investing; Cryptocurrency,https://renora.io/,
ACCEL WAVE TECHNOLOGIES PTE. LTD.,2023,1 - 10,Pre-seed,Media; E-Commerce; AI; Entertainment; Data Analysis,,https://www.oyesmedia.com,
HAMMER BUILD PTE. LTD.,2023,1 - 10,Pre-seed,Media; E-Commerce; Enterprise Solutions; Infocomm Tech; Urban Solutions,SaaS; Application Development; Social Networking; Social Media; information tech; Customer Relationship Management; Knowledge Management; Inventory Management,https://www.tiktok.com/@sonarsingapore,
ADMASOL PTE. LTD.,2023,1 - 10,Pre-seed,AI; Food & Beverage; Manufacturing & Engineering; Cloud; Big Data,,https://admas.store/,
GENPULSE PTE. LTD.,2023,1 - 10,Pre-seed,Biotech; AI; Consumer Electronics; Digital Health; Blockchain,Telemedicine; Mobile Health; Health Analytics; Digitised Health Systems; Bioinformatics,https://www.lushair.net/,
NUBIOTECH PTE. LTD.,2020,11 - 50,Pre-seed,Food Science and Technology; Biotech; Food & Beverage; Complementary Health Products; Big Data,Organic Farming; Health Supplements; Health Analytics; Bioinformatics,https://www.nubiotechasia.com/,
APPLIED AI PTE. LTD.,2023,1 - 10,Pre-seed,Education; AI; Enterprise Solutions,AI; Education; Solution; consulting ; Hackathon; Strategy; Technology,https://ailti.org/,
BROUAV PTE. LTD.,2022,1 - 10,Pre-seed,,,https://bro-uav.com/,
ORIGINNOVATION PTE. LTD.,2024,11 - 50,Pre-seed,Food Science and Technology; Food & Beverage; Travel & Hospitality; Manufacturing & Engineering; Food Manufacturing & Processing,,http://www.2050eco.world,
EAZIE TV PTE. LTD.,2020,1 - 10,Pre-seed,Media; Telecom; Entertainment; SaaS,TV MADE EASY,https://eazie.tv/,
GROF SERVICES PTE. LTD.,2023,11 - 50,Pre-seed,Fintech; Enterprise Solutions,,https://www.grof.co,
CYBEYE INTELLIGENCE PTE. LTD.,2024,1 - 10,Pre-seed,,,https://www.cybeyeintel.com,
CARBON COPIES AI (PTE. LTD.),2024,1 - 10,Pre-seed,AI; Enterprise Solutions; SaaS,Web Development; Application Development,https://www.carboncopies.ai,
DSGIO GLOBAL PTE. LTD.,2023,1 - 10,Pre-seed,Industrial Electronics; AI; Enterprise Solutions; IoT; Hardware,Video Processing; Video Streaming; Communication Systems,https://www.dsgio.com,
MEMOVE PTE. LTD.,2023,1 - 10,Pre-seed,Transport; Travel & Hospitality; Urban Solutions; Lifestyle; IoT,,https://www.memove.sg/,
PAYINONE SG PTE. LTD.,2022,51 - 100,Pre-seed,Fintech; Enterprise Solutions,SaaS; Human Resources; Payment Systems,http://payin.one/,
GROOMX PTE. LTD.,2024,1 - 10,Pre-seed,Infotech; Retail; E-Commerce; Lifestyle; Others,Grooming; Services; Payment Systems; Application Development; Systems Development; Communication Systems,http://www.groom-x.com,
GREENAIRY PTE. LTD.,2024,1 - 10,Pre-seed,Agritech; Consumer Electronics; Complementary Health Products; Healthcare; Hardware,Controlled Environment Agriculture; Green Building Technology; Digitised Health Systems; Smart Farming; Home & Living; Consumer Electronics; Pollution Control,https://www.greenairy.sg/,
BRAIN HEALTH INNOVATIONS PTE. LTD.,2024,1 - 10,Pre-seed,Medtech; Digital Health; AI; Healthcare; AR/VR,Digitised Health Systems; Medical devices; brain computer interface ,https://www.drbrain.asia,
HANDSHAKE TECHNOLOGIES PTE. LTD.,2024,1 - 10,Pre-seed,Fintech,,https://handshake.finance/,
SEACOINTEL.COM PTE. LTD.,2024,1 - 10,Pre-seed,,,http://seacointel.com,
FLEX LOGISTICS PTE. LTD.,2020,11 - 50,Pre-seed,AI; Healthcare Services; Supply Chain & Logistics,Supply Chain; Healthcare; logistics,https://flexlogistics.sg/,
OSHAI HEALTHCARE PTE. LTD.,2025,1 - 10,Pre-seed,,,http://www.oshaihealth.com,
BADGER AI & TECHNOLOGIES PTE. LTD.,2025,1 - 10,Pre-seed,,,https://www.bart.com.sg,
NIYAM PTE. LTD.,2024,1 - 10,Pre-seed,Semiconductor; AI; Enterprise Solutions; Manufacturing & Engineering; SaaS,,https://niyam.xyz/,
BR&V TECHNOLOGY PTE. LTD.,2023,1 - 10,Pre-seed,Agritech; AI; IoT,,https://agrisense.brvtechnologysg.com,
MONADEX TECHNOLOGY PTE. LTD.,2024,1 - 10,Pre-seed,Infotech; Consumer Electronics; Events; Enterprise Solutions; Entertainment,SaaS; Systems Development; Application Development,https://www.monadex.org,
MENOPAUSE AND BEYOND PTE. LTD.,2025,1 - 10,Pre-seed,Medtech; Digital Health; AI; Healthcare,,https://www.heyvenusintegratedhealthscience.com,
WATER AND SHARK PTE. LTD.,2019,11 - 50,Pre-seed,Enterprise Solutions; Others,legal; accounting; Compliance; cross-border; Advisory; Taxation; international expansion,https://waterandshark.com/,
GENLOGIX PTE. LTD.,2025,1 - 10,Pre-seed,E-Commerce; Supply Chain & Logistics; Manufacturing & Engineering,Cross Border Logistics,https://www.genlogix.sg,
AI SUPER PRIVATE LIMITED,2025,1 - 10,Pre-seed,AI; Enterprise Solutions,whatsapp; chatbot; AI; crm; Sales; appointments; b2b,https://asi.sg,
ODYSSEA AI PTE. LTD.,2023,1 - 10,Pre-seed,AI; Digital Health; Healthcare; Lifestyle,Mobile Health; Health Analytics,https://www.odyssea.ai/,
SENTINEL GROUP (PTE. LTD.),2024,1 - 10,Pre-seed,Infotech; AI; AR/VR; Robotics,,https://sentinelgp.com,
PEOPLE DECODER PTE. LTD.,2024,1 - 10,Pre-seed,Infotech; AI; Blockchain,#AI #techsolutions #matchzz ,https://thepeopledecoder.com/,
RROSE PTE. LTD.,2022,1 - 10,Pre-seed,AI; Blockchain,"AI, Recruitment, Blockchain",https://rockrose.xyz/,
VALEO TECH PTE. LTD.,2025,1 - 10,Pre-seed,Education; Medtech; Real Estate; Enterprise Solutions; Hardware,Wellness technology; Biophilic design; building technology; soundscaping; Smart Buildings; workplace innovation; Health Analytics; proptech; Human Centred Design,http://www.valeotechnology.com,
NEXTGEN FINTECH LEARNING CENTER PTE. LTD.,2024,1 - 10,Pre-seed,Education; AI; Blockchain; SaaS,,https://www.nexft.com.sg/,
ENEST PTE. LTD.,2025,1 - 10,Pre-seed,AI; Enterprise Solutions; Infocomm Tech,Renewable Energy; Energy Storage; Big Data; Systems Development; Application Development,https://www.enest.ai,
TERRA OLEO PTE. LTD.,2023,1 - 10,Pre-seed,Biotech,,https://terraoleo.com.sg/,
LION ENGLISH SINGAPORE PTE. LTD.,2025,1 - 10,Pre-seed,Education; AI; E-Commerce; Fintech; Big Data,LionEnglish,https://lionenglish.school/,
COFAB PTE. LTD.,2025,1 - 10,Pre-seed,AI; Enterprise Solutions; Supply Chain & Logistics; Manufacturing & Engineering; SaaS,AI technology; SaaS; Productivity software; Manufacturing software; b2b; Semiconductor; Manufacturer; Quote-to-cash conversion; Digital Transformation; Quoting and cost estimation,https://www.cofab.co,
INK AN EPIC PTE. LTD.,2025,1 - 10,Pre-seed,Education; Media; AI; Enterprise Solutions; SaaS,AI; Education; visual storytelling; E-Books; E-Learning; graphics; Illustration,https://inkanepic.com/,
EXDYNA PTE. LTD.,2025,1 - 10,Pre-seed,AI; Enterprise Solutions; SaaS; Data Analysis; Big Data,AI; AI-Native High Performance Computing; Large-Scale Physics Modelling; Scientific Data Generation & Analysis; Big Data Processing; Large Science Model; Science Foundation Model; Scalable Simulation Platform; Data-Driven Science and Engineering Modelling; Computational Modelling,https://www.exdyna.ai,
EAZY AI PTE. LTD.,2025,1 - 10,Pre-seed,Retail; AI; E-Commerce,E-Commerce; conversational commerce; aicommerce,https://goeazy.shop,
MEMPAT AI PTE. LTD.,2025,1 - 10,Pre-seed,,,https://www.mempat.com,
FOUNDRY8 PTE. LTD.,2025,1 - 10,Pre-seed,Infotech; AI; Enterprise Solutions; Cloud,AI; data engineering; AI-Powered Application; Enterprise System; Data Warehouse; UIUX,https://foundry8.tech/,
SIMPLER SUPPLY (PRIVATE LIMITED),2024,1 - 10,Pre-seed,Retail; E-Commerce; Food & Beverage; Supply Chain & Logistics; SaaS,SaaS; Supply; Order Management; Retail,https://simplersupply.com/,
BIOXCYTE PTE. LTD.,2025,1 - 10,Pre-seed,,,https://www.bioxcyte.com,
CONIVA AI PTE. LTD.,2025,1 - 10,Pre-seed,AI; E-Commerce; Travel & Hospitality; Healthcare; SaaS,Customer Relationship Management,https://coniva.ai,
SUNVENTOR PTE. LTD.,2025,1 - 10,Pre-seed,,,https://sunventor.com,
DORJE AI PTE. LTD.,2024,1 - 10,Pre-seed,E-Commerce; Fintech; Enterprise Solutions; Infocomm Tech; Big Data,Agentic AI; Enterprise AI; enterprise reosurce planning; financial automation; FinTech; machine learning,https://dorje.ai,
INJEWELME PTE. LTD.,2025,11 - 50,Pre-seed,AI; Digital Health,AI Healthtech,https://www.injewelme.com,
MYNETWORK PRIVATE LIMITED,2024,1 - 10,Pre-seed,Infotech; AI,SaaS,http://www.myfamily.sg,
TESSERA PTE. LTD.,2023,1 - 10,Pre-seed,AI; Events; E-Commerce; Travel & Hospitality; Blockchain,Ticketing; web3; E-Commerce; SaaS; eventmanagement,https://www.yourtessera.com/discover/events-in-singapore,
C.MAX SYSTEMS PTE. LTD.,2025,1 - 10,Pre-seed,Aerospace; Urban Solutions; IoT; Hardware; Robotics,WILDLIFE DISPERSAL ROBOTS/DRONES AT AIRPORTS,https://www.websiteontheway.com,
PAATHZ PTE. LTD.,2025,1 - 10,Pre-seed,AI; Travel & Hospitality,AI; hospitality; Hotels; Software,https://paathz.com/,
FINANCIALREPORTS PTE. LTD.,2025,1 - 10,Pre-seed,AI; Fintech; Data Analysis; Big Data,Personal Finance; Investing; Data Warehouse; SaaS; Data Analysis; Big Data,https://financialreports.eu/,
CRYOGENIQ PTE. LTD.,2025,1 - 10,Pre-seed,Medtech; Food Science and Technology; Biotech; Manufacturing & Engineering; Food Manufacturing & Processing,DeepTech; CryogenicTechnology; LifeSciences; Biostorage; FoodTech; SustainableTech; TechInnovation; ScienceAndTechnology; ColdChainInnovation; StartupSG,http://cryogeniq.life,
ONEBYZERO TECH PTE. LTD.,2022,11 - 50,Pre-seed,E-Commerce; Fintech,E-Commerce; Cryptocurrency; Big Data; Payment Systems,https://www.blockonomics.co,
GOLDILOCK SECURE ASIA PTE. LTD.,2022,,Pre-seed,,,,
PATCHWORK PTE. LTD.,2024,1 - 10,Pre-seed,AI; Enterprise Solutions,Workflows; AI,https://patched.codes,
VINNOVATE GLOBAL PTE. LTD.,2025,1 - 10,Pre-seed,,,https://vinnovateglobal.com/,
KONAFIN PTE. LTD.,2025,1 - 10,Pre-seed,AI; E-Commerce; Food & Beverage; Enterprise Solutions; Supply Chain & Logistics,E-Commerce; Enterprise; Food Packaging; SaaS; Eco Monitoring Technologies; Smart & Sustainable Packaging,https://www.konafin.co/,
PLOUTON TECHNOLOGY LABS PTE. LTD.,2025,1 - 10,Pre-seed,AI; Fintech; Enterprise Solutions; SaaS; Data Analysis,"AI, Fintech, Automation, B2B",https://plouton.co/,
ENTERPRISE PERFORMANCE MANAGEMENT SYSTEMS PTE. LTD.,2024,1 - 10,Pre-seed,,,https://epms.com,
ZODA HOLDINGS PRIVATE LIMITED,2023,1 - 10,Pre-seed,Precision Engineering; Retail; E-Commerce; Digital Health; Lifestyle,"Wearable Tech, Sportswear, Activewear, Sustainability, ",https://www.zoda.sg/,
DEZ LABS PRIVATE LIMITED,2025,1 - 10,Pre-seed,AI; Digital Health; Healthcare,Health Analytics,https://dezcare.ai,
SYNACORE PTE. LTD.,2025,1 - 10,Pre-seed,Precision Engineering; Manufacturing & Engineering,3D Printing; digital twins,https://www.synacore.net,
THRIALS PTE. LTD.,2025,1 - 10,Pre-seed,Digital Health; AI; Healthcare; SaaS,Drug development ; Clinical Trials; Medical Device; FDA; Digital Health,https://thrials.com/,
CLANME PTE. LTD.,2025,1 - 10,Pre-seed,AI; Enterprise Solutions; Infocomm Tech; SaaS; Cloud,Human Resources; Tournament Management; Student Career Services AI,https://clanme.com,
NIYOGEN PTE. LTD.,2025,1 - 10,Pre-seed,AI; Travel & Hospitality; Enterprise Solutions; Entertainment; SaaS,Agentic AI; Decision Support Assistent; travel; Tourism ; Discount Search; AI; Swarm intelligence; ERP; Distributed Systems; Safety Assistant,http://niyogen.com,
SPACETID DIGITAL TECHNOLOGY PTE. LTD.,2024,1 - 10,Pre-seed,AI; Fintech; SaaS; Big Data,Trading,https://www.spacetid.com/,
GYGES TECHNOLOGY PTE. LTD.,2024,1 - 10,Pre-seed,AI,Video Processing,http://www.gygeslabs.com,
STRAITSMICRO PTE. LTD.,2026,1 - 10,Pre-seed,Semiconductor; AI; Consumer Electronics; Telecom; Hardware,"​Accelerating innovation in India through co-creation, state-of-the-art fabrication, and strategic partnerships",http://www.straitsmicro.com,
SENSEID TECHNOLOGY PTE. LTD.,2023,1 - 10,Pre-seed,Cleantech; Manufacturing & Engineering; IoT; Data Analysis,Renewable Energy; Data Analysis,https://senseidtech.com/,
LOOP DIAGNOSTICS PTE. LTD.,2026,1 - 10,Pre-seed,Medtech; Healthcare,In Vitro Diagnostics (IVD); Diagnostics; Sepsis; Medical devices; Life Science Tools,https://loopdx.com/,
INOETIC PTE. LTD.,2026,1 - 10,Pre-seed,AI; Infocomm Tech; SaaS,Software; AI; Artificial intelligence,https://inoetic.com,
ECOVOLT TECHNOLOGIES PTE. LTD.,2025,1 - 10,Pre-seed,AI; Real Estate; Cleantech; IoT; Cloud,Green Building Technology,https://www.ecovolt.ai,
JICAMA TECH PTE. LTD.,2026,1 - 10,Pre-seed,AI; Fintech; Enterprise Solutions; Data Analysis,aiexpense; agenticaiexpense; receiptiq; xpensegpt; xpenseaiq,https://jicama.tech,
SRESHT AYUR PTE. LTD.,2025,1 - 10,Pre-seed,AI; Lifestyle,Artificial intelligence; Digital Health; Wellness; Nutrition Tech; Consumer Health,https://www.myayur.app/,
NEXUS ECOSYSTEMS PTE. LTD.,2025,1 - 10,Pre-seed,Urban Solutions; Cleantech,Water Treatment; Waste Management; Waste Technology; Renewable Energy; Recycling; Materials & Processes,https://www.nexus-ecosystems.com/,
INTELLOCORE PTE. LTD.,2022,1 - 10,Pre-seed,AI; Fintech; Enterprise Solutions; Cloud,Payment Systems; Risk Management,https://intellocore.com,
VOCO PRIVATE LIMITED,2026,1 - 10,Pre-seed,AI; Enterprise Solutions; SaaS,"AI, SaaS, Startup",https://voco.live,
MCSQUAREAI PTE. LTD.,2025,1 - 10,Pre-seed,AI; Infocomm Tech,#mc2ai #CyberAISolutions,https://www.mc2ai.site/,
SILVER WATER TECHNOLOGIES SINGAPORE PTE. LTD.,2024,101 - 200,Pre-seed,Retail; Consumer Electronics,E-Commerce; Digital Marketing,https://www.pickaboo.com,
NEXUSDESK PTE. LTD.,2025,1 - 10,Pre-seed,AI; Enterprise Solutions; Infocomm Tech; SaaS,AI; LLM Routing; Compliance; privacy; DeepTech; Enterprise AI; Data Governance; AI Infrastructure; ai safety; SaaS,https://www.nexusdesk.io,
SNAP4ME PTE. LTD.,2022,1 - 10,Pre-seed,Transport; E-Commerce; Travel & Hospitality; Infocomm Tech; Urban Solutions,Snap4me begins where your search engine ends,https://www.snap4me.com/,
KIMINI MEDICAL PTE. LTD.,2026,1 - 10,Pre-seed,Medtech,Medical devices; Decentralized Healthcare,https://kimini-med.com,
MUUN AI PTE. LTD.,2025,1 - 10,Pre-seed,,,https://muun-ai.com,
STRONGKEEP CYBERSECURITY PTE. LTD.,2025,1 - 10,Pre-seed,,,https://www.strongkeep.com,
PRIVATE NATION PTE. LTD.,2023,1 - 10,Pre-seed,Infotech; Digital Health; Fintech; Enterprise Solutions; Infocomm Tech,Trust; Cyber Security; Digital Security; verification; privacy; consumer; Telco; FinTech; SaaS; patent,https://www.privatenation.co/,
MADO STYLE PTE. LTD.,2026,1 - 10,Pre-seed,AI; Travel & Hospitality; Lifestyle,AI; travel; Lifestyle; Rental ; E-Commerce; Sustainabililty  ; Sharing Economy,https://www.mado.style,
CELVERA BIOSYSTEMS PTE. LTD.,2026,1 - 10,Pre-seed,Medtech; Agritech; Biotech; AI; IoT,"Aquaculture, AgriFoodTech, DeepTech, MedTech, Biosurveillance, Molecular Diagnostics, IoT, Artificial Intelligence, Sustainability, One Health",http://www.celverabiosystems.com,
SPECTRACANN PTE. LTD.,2026,,Pre-seed,,,,
COVIA LABS PTE. LTD.,2025,1 - 10,Pre-seed,Infotech; AI; Enterprise Solutions; Infocomm Tech; Data Analysis,The Universal Grid for the Agent Economy,https://covia.ai/,
SQUARE PEG TECHNOLOGIES PTE. LTD.,2023,1 - 10,Pre-seed,AI; Enterprise Solutions,AI; voice agent; SaaS; Sales Automation; conversational ai; Call Automation; Customer Support; Multilingual; APAC; Outbound Calling,https://opengreet.ai,
PAWKETPLACE PTE. LTD.,2023,1 - 10,Pre-seed,Infotech; Digital Health; SaaS,SaaS; Digitised Health Systems; Mobile Health; Pet Care; Pet Tech; marketplace; Consumertech,https://www.pawketplace.com/,
CYGNIFY PTE. LTD.,2023,11 - 50,Pre-seed,AI; Fintech; Enterprise Solutions; SaaS; Cloud,hr; hiring; recruitment; hrtech; talent; talent acquisition; SaaS; TAaaS; AI,https://www.cygnify.io/,
QUANTON PTE. LTD.,2026,1 - 10,Pre-seed,AI; Fintech,Investing; Quantum Computing; Asset Management; AI; Blockchain,https://www.quanton.tech/,
UNBOUNDX PTE. LTD.,2026,,Pre-seed,,,,
QUANT-DATA & AI PTE. LTD.,2026,11 - 50,Pre-seed,AI; SaaS; Big Data,Big Data; Data Warehouse; SaaS; Data Analysis,https://cogrion.com/,
CONTEXT AI TECHNOLOGIES PTE. LTD.,2025,1 - 10,Pre-seed,AI; Enterprise Solutions,,https://cratorlabs.ai,
YOULABS.AI PTE. LTD.,2026,1 - 10,Pre-seed,Digital Health; Healthcare Services; Healthcare,,https://youlabs.co,
RAKUZEL PTE. LTD.,2025,1 - 10,Pre-seed,Food Science and Technology; Food & Beverage; Complementary Health Products; E-Commerce; Food Manufacturing & Processing,Alternative Protein; gut health; Plant-based; healthy snacks; FMCG; DTC; functional food,https://rakuzel.com,
AETHRYX PTE. LTD.,2026,1 - 10,Pre-seed,Infotech; AI; Fintech; Enterprise Solutions,Cyber Security; Risk Management; SaaS; Anti-Money Laundering,https://www.aethryx.ai,
DIGISHIP PTE. LTD.,2020,1 - 10,Pre-seed,AI; Marine & Offshore; Maritime; Enterprise Solutions; SaaS,"    Maritime Technology, ;     Maritime Sustainability, ; Maritime AI Software, ;     Remote Diagnostics, ;     Vessel Troubleshooting, Ships Electrical Troubleshooting, ;     Marine Electrical Systems, ;     Intelligent Monitoring, ; Merchant Sahipping, Electro technical Officer",https://digiship.sg/,
SCROP GROUP PTE. LTD.,2025,1 - 10,Pre-seed,Complementary Health Products; E-Commerce; Healthcare; Lifestyle,ecommerce; Retail; startup; Healthcare; Lifestyle,https://scropme.com,
PROBEALPHA PTE. LTD.,2026,1 - 10,Pre-seed,AI; Fintech,ai agents; Investment Copilot; Self-Improving AI; Continual Learning; Agentic Workflows; Research Automation; Financial AI; Decision Intelligence; Enterprise AI; Capital Markets,https://www.probealpha.ai,
AlphaVertex Communications,2017,,Pre-seed,Infotech,Infotech,https://www.alphavertexcomms.com/,
EMSPYRE ENTERPRISE PTE. LTD.,2019,11 - 50,Pre-seed,Education; Media; Gaming; Entertainment; Lifestyle,eSport; E-Learning; Social Media; Digital Marketing; Broadcasting; Video Streaming; team; Learning Platform,https://www.emspyre.com/,
BREATHONIX PTE. LTD.,2019,11 - 50,Seed,Medtech,In Vitro Diagnostics (IVD); breath test; Covid-19; cancer detection,https://www.breathonix.com,
QUANTUM INTEGRATION PTE. LTD.,2019,,Pre-seed,,,,no webpage found
REBIS (PRIVATE) LTD.,2019,11 - 50,Pre-seed,Cleantech; Manufacturing & Engineering,Plasma Technology; Metallurgy; Waste Management; Water Treatment,https://rebisltd.com,
Benefit.X,2019,11 - 50,Pre-seed,AI; Fintech; Enterprise Solutions; SaaS; Big Data,Payment Systems; Human Resources; Investing; Personal Finance; Risk Management; Anti-Money Laundering; P2P Lending,https://benefit.exchange,
AIRTRUNK SINGAPORE PTE. LTD.,2018,51 - 100,Series A,Infocomm Tech,,https://www.airtrunk.com/,
ODX PTE. LTD.,2018,51 - 100,Seed,Blockchain,,https://odx.network/,
XALTIUS PTE. LTD.,2017,,Pre-seed,,,http://www.xaltius.tech,
LAB ME ANALYTICS PTE. LTD.,2018,1 - 10,Pre-seed,Medtech; Digital Health,MedTech; blood testing; telehealth; Digital Health; blood work; laboratory ; machine learning,https://www.labme.ai,
INSURANCE MARKET GROUP PTE. LTD.,2016,1 - 10,Pre-seed,Fintech; Others,Insurance Market in Singapore - Insurance that meets your needs.,https://insurancemarket.sg/,
WORLD FOODCHAIN PTE. LTD.,2018,11 - 50,Pre-seed,Food Science and Technology; Agritech; E-Commerce; Blockchain; Big Data,#foodmanuacturing #foodtraders #foodsupplychain #foodtech #fooddata #foodscience #farmtech #foodcontent # foodingridients,https://www.worldfoodchain.io,
AIDRIVERS SINGAPORE PTE. LTD.,2018,11 - 50,Pre-seed,Transport; AI; Supply Chain & Logistics; Urban Solutions,Autonomous Vehicles; Video Processing; Electric Vehicles; Autonomous solutions; Autonomous Port,http://aidrivers.ai,
VENUEXPLORER,2018,1 - 10,Pre-seed,Media; Events; E-Commerce; Travel & Hospitality; Enterprise Solutions,MICE; meetings; uniquevenues; eventspace,https://venuexplorer.com.sg,
DOCLE PTE. LTD.,2018,1 - 10,Seed,AI; Enterprise Solutions; SaaS; Data Analysis,speech to text; sales intelligence; revenue intelligence; NLP; call analytics; Education; transcription; language solution; Super Saas; AI platform,https://www.docle.ai/,
MOOVAZ INNOVATION PTE. LTD.,2017,11 - 50,Series A,Supply Chain & Logistics,,https://www.moovaz.com/,
UBUDU PTE. LTD.,2020,11 - 50,Pre-series A,Supply Chain & Logistics; Healthcare; Manufacturing & Engineering; IoT; Data Analysis,lean; operationsefficiency; Productivity; industry40; locationtracking; rtls; asset tracking; UWB; BLE; gps,https://www.ubudu.com,
SNAPHUNT PTE. LTD.,2017,11 - 50,Pre-seed,AI; Others; SaaS,"hrtech, recruitment, hiring, temployer branding",http://www.snaphunt.com,
ARCHANAN PTE. LTD.,2018,1 - 10,Pre-seed,Semiconductor; AI; Enterprise Solutions; SaaS; Cloud,supercomputing; HPC; Cloud; large system design; Software development; hardware emulation; development tools,https://archanan.io,
ARTO,2019,1 - 10,Pre-seed,AI; E-Commerce; Lifestyle; Blockchain,Art; ArtTech; market-network; digital art; new models; Blockchain,http://www.arto.gallery,
ANTBUILDZ PTE. LTD.,2020,1 - 10,Pre-seed,E-Commerce; Marine & Offshore; Others,#constructionequipmentrental,http://antbuildz.com/,
TRICOG HEALTH PTE. LTD.,2017,11 - 50,Series B,Digital Health; Healthcare Services; Data Analysis,,https://www.tricog.com/,
XNERGY AUTONOMOUS POWER TECHNOLOGIES PTE. LTD.,2017,,Pre-seed,,,https://www.xnergytech.com/,
MOWIN DIGITAL HOLDINGS PTE. LTD.,2018,1 - 10,Pre-seed,Adtech; AI; E-Commerce; Enterprise Solutions; Infocomm Tech,MarTech; AIoT; marketing automation; conversational ai; NLP; ASR; WeChat; eCommerce DSP; TTS,https://www.mowin.digital,
JA SECURE PTE. LTD.,2019,11 - 50,Seed,AI; Fintech; Supply Chain & Logistics; Urban Solutions; IoT,#Insurtech #secureTransit #Transitinsurance #jaguartransit ,https://www.jaguartransit.com/,
TAGTEAM TECHNOLOGIES PTE. LTD.,2019,1 - 10,Seed,AI; IoT; Big Data,data annotation; Crowdsourcing; Gamification,https://tictag.io,
SAAS VENTURE PARTNERS PTE. LTD.,2019,1 - 10,Pre-seed,Infotech; SaaS; Cloud,Software; SaaS; application; softwaredevelopment; saasdevelopment; applicationdevelopment; appdevelopment ; webdevelopment; mobiledevelopment,https://www.saasvp.io/,
THALLOS PTE. LTD.,2019,,Pre-seed,,,https://thallos.sg/,
MEMENTO BLOCKCHAIN PTE. LTD.,2017,1 - 10,Seed,Fintech; Blockchain,fund management,https://dextf.com/,
KOPI KENANGAN PTE. LTD.,2019,,Series B,,,https://kopikenangan.co.id/,
SHUTTLE ONE PTE. LTD.,2019,,Seed,,,https://shuttleone.io/,
BOBOBOX INTERNATIONAL PTE. LTD.,2018,,Series A,,,https://bobobox.co.id/,
CARDDIO PTE. LTD.,2017,,Pre-seed,,,https://www.carddio.com.sg,
R VANTAGE PTE. LTD.,2019,,Pre-seed,,,https://www.realvantage.co,based on internet checks
ANTGAGE PTE. LTD.,2019,1 - 10,Pre-seed,Events; Entertainment,musicians; entertainers; djs; artists; performers; magicians; emcees,https://www.antgage.sg,
TINK SG PTE. LTD.,2020,1 - 10,Pre-seed,Events; Food & Beverage,Catering; Hawkers; Group-by,http://www.tink.sg,
VOUSE PTE. LTD.,2016,1 - 10,Pre-seed,Real Estate; AR/VR,"Digital Twin, Gamification, Interactive Design",http://www.vouse.co,
The Grid,2018,1 - 10,Pre-seed,SaaS,b2b; sales intelligence,https://gridapp.io/,
TOKUASIA PTE. LTD.,2019,1 - 10,Pre-seed,Media; Events; E-Commerce; Entertainment,Superhero; Television; Film ; Comic Books; Publication; intellectual property,http://toku.asia,
OCCUTRACK MEDICAL SOLUTIONS PTE. LTD.,2019,1 - 10,Pre-seed,Medtech,optometry,https://www.trendlines.com/company/occutrack-medical-solutions/,
CONNECT2ME PTE. LTD.,2016,,Pre-seed,,,https://www.c2me.net/,
NUBITEL PTE. LTD.,2018,11 - 50,Pre-seed,AI; Enterprise Solutions; Infocomm Tech; Data Analysis; Cloud,cloud communication solution; omnichannel customer engagement ; social chat and messaging platform; omnichannel platform; speech analytics; sentiment analysis; cloud pbx; chatbot; crm; Customer Experience,https://nubitel.co/,
NEXT TIDE PTE. LTD.,2019,1 - 10,Pre-seed,Maritime; Marine & Offshore; Lifestyle; Others,boating; Marine; leisure ; Consultancy; marina; economic impact study,https://next-tide.com/,
AQUATOR MARINE PRIVATE LIMITED,2020,1 - 10,Pre-seed,Marine & Offshore,Yacht Management Software,http://www.aquatormarine.com,
TEORA PTE. LTD.,2019,1 - 10,Pre-seed,Biotech; Agritech; Food & Beverage; Cleantech; Robotics,#foodtech #biotech #sustainability #agritech #platformtechnology #geneticengineering #naturals #cleantech,http://www.teora.life/,
EMQ SINGAPORE PTE. LTD.,2017,,Series B,,,https://emq.com/,
HIIP PTE. LTD.,2018,,Pre-seed,,,https://hiip.asia/?lang=en,
WAHYOO HOLDING SG PTE. LTD.,2019,,Series A,,,https://wahyoo.com/,
SENSE OF WONDER GROUP PTE. LTD.,2019,1 - 10,Pre-seed,Infotech; AI,transcription; Automation,http://senseofwonder.ai,
OTECH (OTSUKA TECHNOLOGY) PTE. LTD.,2020,1 - 10,Pre-seed,AI; Infocomm Tech; Big Data,machine learning; Mobile Application; Software development,https://otech.com.sg/,
GERO PTE. LTD.,2018,,Series A,,,https://gero.ai/team,
ECOSENSE ENVIRO SOLUTIONS PTE. LTD.,2020,1 - 10,Pre-seed,AI; Urban Solutions; Cleantech; Others; IoT,Waste Management; Eco Monitoring Technologies; Recycling; SaaS; Data Analysis; Cloud; Circular Economy; IoT integration; food waste; AI/ML,https://www.ecosense-enviro.com,
CATCHATRADE PTE. LTD.,2019,,Pre-seed,,,http://catchatrade.com,
LIVINGREMOTE COMPANIES PTE. LTD.,2017,51 - 100,Pre-seed,Travel & Hospitality; Lifestyle,Home & Living,https://www.destinationoutpost.co,
MONTEGROW PTE. LTD.,2019,1 - 10,Pre-seed,Manufacturing & Engineering,#machineautomation,https://www.monte-grow.com,
AUTOVE PTE. LTD.,2019,1 - 10,Pre-seed,Retail; Infocomm Tech; Urban Solutions; IoT; Robotics,Autonomous Vehicles; self-driving; last-mile delivery; Robotics; Mobility; E-Commerce,http://www.autove.ai,
AGORIZE SINGAPORE PTE. LTD.,2019,,Pre-seed,,,https://www.agorize.com,
DOMAIN EDGE TECHNOLOGY PTE. LTD.,2020,1 - 10,Pre-seed,Fintech,DMS; CMS; b2b; distribution; DICE,https://drive.google.com/file/d/1EEVBfD6uOWwu0ZtuKtJY7diZXN49JP3g/view?usp=sharing,
FUENTE TECH PTE. LTD.,2020,,Pre-seed,,,https://fuente.tech/,
DINLR PTE. LTD.,2020,1 - 10,Pre-seed,Infotech; Food & Beverage; Infocomm Tech; SaaS,SaaS; Systems Development; Application Development; Payment Systems; Cloud; E-Commerce,https://www.dinlr.com,
SG FOOD UNITED PTE. LTD.,2020,1 - 10,Pre-seed,E-Commerce; Food Manufacturing & Processing,E-Commerce; Singapore food supplies; singapore food manufacturers; local and overseas sales; ecosystem of food manufacturer,https://singaporefoodunited.com/,
BANQEAST HOLDINGS PTE. LTD.,2019,1 - 10,Pre-seed,AI; Fintech; Blockchain; IoT; Big Data,Personal Finance; Insurtech; Business Lending ,https://www.banqeast.com/,
MODEINDUSTRIAL PTE. LTD.,2018,1 - 10,Pre-seed,Supply Chain & Logistics; Manufacturing & Engineering; IoT; Data Analysis; Big Data,SaaS; Data Analysis; Big Data; Cloud; Systems Development; Learning Platform; Robotics; Customer Relationship Management; Knowledge Management; Electric Vehicles,https://modeindustrial.com/,
MAGLOY TECH PTE. LTD.,2020,1 - 10,Seed,Aerospace; Medtech; Healthcare; Manufacturing & Engineering,Orthopedics; Medical devices; Biodegradable; Aviation,https://www.linkedin.com/company/magloy-tech,
VCLOUDX PTE. LTD.,2018,51 - 100,Pre-seed,Infotech; Telecom; Fintech; Infocomm Tech,SaaS; CPaaS; Communication Systems; Broadcasting,https://www.enablex.io,
Volopay,2019,51 - 100,Seed,Others; SaaS,FinTech,https://www.linkedin.com/company/volopay/,
See-Mode Technologies,2017,,Series A,Medtech,,https://www.see-mode.com/,
DATATURE ANALYTICS PTE. LTD.,2018,1 - 10,Pre-seed,AI; Enterprise Solutions; Data Analysis; Cloud,Video Processing; Medical Imaging; Machinery & Systems; Robotics; Data Analysis,https://datature.io,
ATSELL PTE. LTD.,2019,,Pre-seed,,,http://www.atsell.com,
SEVENTY ONE STUDIOS PTE. LTD.,2020,1 - 10,Pre-seed,Retail; E-Commerce; Consumer Electronics; Lifestyle,E-Commerce; Lifestyle; Retail; Consumer Electronics,http://what.com.sg,
MYLOH PRIVATE LIMITED,2020,1 - 10,Pre-seed,Digital Health,Www.Myloh.co,https://www.myloh.co,
CLIPP PTE. LTD.,2020,1 - 10,Pre-seed,Enterprise Solutions; Infocomm Tech; Data Analysis; Cloud; AR/VR,Video Processing; AR/VR,https://clipp.tv,
GYROGEAR PTE. LTD.,2018,11 - 50,Seed,Medtech; Biotech; Complementary Health Products; Digital Health; Healthcare,Medical devices; Health Analytics; Digitised Health Systems,https://gyrogear.co,
ARTIFICIAL SOLUTIONS PTE. LTD.,2019,1 - 10,Pre-seed,AI,Digitised Health Systems; Consumer & Marketing Analytics; Digital Marketing,https://www.artificical-solutions.com,
NERD TECHNOLOGIES PTE. LTD.,2021,1 - 10,Pre-seed,Education; Big Data,Big Data; Education; China,http://nerddup.com,
HOMEMADEASIA PTE. LTD.,2020,1 - 10,Pre-seed,Retail; E-Commerce; Food & Beverage,E-Commerce,https://thehomemade.asia,
TECTECH PTE. LTD.,2020,1 - 10,Pre-seed,Education; AI; SaaS; Data Analysis,Learning Analytics; Edtech; AI in education; Education; AIEd; SaaS,http://learnd.online,
FAIRMART TECHNOLOGIES PTE. LTD.,2020,1 - 10,Pre-seed,Retail; E-Commerce; IoT,E-Commerce,https://fairmart.app/,
JAVIS HOLDINGS PTE. LTD.,2021,11 - 50,Seed,Retail; AI; Food & Beverage; Infocomm Tech; Robotics,Emerging technology,https://www.linkedin.com/company/javisholdings,
BEHIND EVERY VOW PTE. LTD.,2020,1 - 10,Pre-seed,Events; E-Commerce; Lifestyle; Data Analysis; Big Data,Application Development,https://www.behindeveryvow.com,
MOBBIN PTE. LTD.,2021,11 - 50,Pre-seed,SaaS,SaaS,https://mobbin.com/,
AIR SOFTWARE PTE. LTD.,2020,1 - 10,Pre-seed,AI; Infocomm Tech; SaaS; Data Analysis; Big Data,Software; Data Analysis; no code; decision science; AI; NLP,https://www.airboxr.com,
DREAMFECT PTE. LTD.,2021,1 - 10,Pre-seed,Adtech; Entertainment; Lifestyle,Social Media; Social Networking; Application Development; Digital Marketing,http://dreamfect.com,
FUNDIGO PTE. LTD.,2021,1 - 10,Pre-seed,E-Commerce; Fintech; Others,Crowdfunding; impact business; startups; CSR,https://fundigo.co,
SYNOPTION PTE. LTD.,2018,11 - 50,Seed,Fintech; Enterprise Solutions; Data Analysis,Trading; Data Analysis,https://www.synoption.com,
SCALEFIVE PTE. LTD.,2020,11 - 50,Seed,SaaS; Cloud,Image Optimisation; DAM; SaaS; Digital Marketing,https://www.scaleflex.com/en/home,
SKILLS UNION PTE. LTD.,2020,11 - 50,Seed,Education; Media; Events; Others,E-Learning; Human Resources; Learning Platform; Digital Marketing,http://skillsunion.com,
LoLo,2021,1 - 10,Pre-seed,Food & Beverage; Travel & Hospitality; Lifestyle,Social Networking; Social Media; Consumer & Marketing Analytics,https://lolo.city,
WAFFLE TECHNOLOGIES PRIVATE LIMITED,2021,1 - 10,Pre-seed,Retail; Food & Beverage; Enterprise Solutions; SaaS; Big Data,Point of sale; crm; Food and beverages; Retail,https://wafflepos.com/,
CBE ECO-SOLUTIONS PTE. LTD.,2020,1 - 10,Pre-seed,Urban Solutions; Cleantech,Recycling; Cleaning Technology; Water Treatment; Waste Technology; Waste Management,https://www.cbeecosolutions.com/,
SENSERBOT PTE. LTD.,2016,11 - 50,Pre-seed,AI; Data Analysis; Cloud; Big Data; Robotics,Robotics; library; AI; shelf-reading,http://www.Senserbot.com,
AFOREMIND PTE. LTD.,2021,1 - 10,Pre-seed,Medtech; Education; Digital Health; Healthcare Services; Healthcare,mental health; MedTech; therapy; Education; IP; Diagnostics; psych; Medical devices; mentalhealth,https://www.aforemind.com,
ALTIMATE FOODS PTE. LTD.,2020,1 - 10,Pre-seed,Food Science and Technology; Agritech; Complementary Health Products; Food Manufacturing & Processing,Alternative Protein; Health Supplements,http://www.altimatenutrition.com,
KASHVI INTERNATIONAL (S) PTE. LTD.,2018,,Pre-seed,,,https://kis.sg/,
HUMMUS EDUCATION PTE. LTD.,2021,1 - 10,Pre-seed,Education; Others,E-Books; EduTech; speechrecognition; AI; earlychildhood,http://www.hummusedu.com,
PGI DATA PTE. LTD.,2020,,Pre-seed,,,https://pgi-data.com/#/home,
RICHROAD HOLDINGS PTE. LTD.,2020,1 - 10,Pre-seed,E-Commerce,Digital Marketing; E-Commerce; marketplace; Freelancing; On-Demand service; Gig Economy; IT & Programming; Technology; Remote Work; Future of Work,https://www.rr-asia.com,
PROCCOLI PTE. LTD.,2020,1 - 10,Pre-seed,AI; Real Estate; SaaS; Cloud; Big Data,Facilities Management; proptech; Workflow management; procurement; property management; Enterprise Solution; Software Solution; SaaS; Artificial intelligence; Cybersecurity,https://www.proccoli.com,
IBLE TECHNOLOGY (SINGAPORE) PTE. LTD.,2020,1 - 10,Pre-seed,Complementary Health Products; Consumer Electronics; Healthcare; Lifestyle,Innovative Healthcare; Wearable; wearable air purifier,https://www.airvida.co,
THE NEXT CHAPTER GROUP PTE. LTD.,2020,1 - 10,Pre-seed,Media; Events,Music & Podcasts; Video Streaming; Video Processing; Social Media,https://tncg.co,
AFFABLE TECHNOLOGIES PTE. LTD.,2017,11 - 50,Pre-series A,Adtech; Enterprise Solutions; Big Data,Digital Marketing; Influencer Marketing; Social Media; social,https://www.affable.ai,
Knowledge Catalyst,2018,11 - 50,Pre-seed,Education; Blockchain; SaaS; Data Analysis,Blockchain; Education,https://www.knowledgecatalyst.io/,
UPCIRCLE PTE. LTD.,2020,1 - 10,Pre-seed,Supply Chain & Logistics; Urban Solutions; Lifestyle,Recycling; Community; environment; Circular Economy; Mobile Application; Technology; Lifestyle; upcycling,https://www.upcircle.app,
SINGAPORE MATHGYM PTE. LTD.,2018,1 - 10,Pre-seed,Education; Others,E-Learning,https://www.mathgym.sg,
FASPACE PTE. LTD.,2021,,Pre-seed,,,https://WWW.FASPACE.SG,
RANSACK SG PTE. LTD.,2021,1 - 10,Pre-seed,Others,Gamification,https://www.theransack.com,
AVNON (PTE. LTD.),2020,1 - 10,Pre-seed,Infotech; Enterprise Solutions; Cloud; Big Data,Knowledge Management; SaaS; Learning Platform,https://avnon.co,
SIXSENSE PTE. LTD.,2018,,Pre-seed,,,https://sixsense.ai/,
MYJOB SOLUTIONS PTE. LTD.,2021,1 - 10,Pre-seed,Infotech; Others,Systems Development; Web Development; Application Development; Communication Systems,https://myjob.com.sg/,
LYTEHOUSE PTE. LTD.,2019,1 - 10,Pre-seed,AI; SaaS,Security Monitoring; video analytics; Threat Detection; SaaS,https://www.lytehouse.io,
MAXWELLTECH PTE. LTD.,2020,1 - 10,Pre-seed,Consumer Electronics,"Smart Device, IoT",http://www.MaxwellTech.com.sg,
DATALITY LAB PTE. LTD.,2021,1 - 10,Pre-seed,Education; AI; Infocomm Tech; SaaS; Data Analysis,Data Analysis; Learning Platform; SaaS; Communication Training; Edtech; Business Sustainabilities; data privacy; Artificial intelligence,https://www.datalitylab.com,
GOAMA PTE. LTD.,2018,1 - 10,Seed,Adtech; Gaming,Gamification,http://www.goama.com,
TENDONPLUS MEDICAL PTE. LTD.,2021,1 - 10,Pre-seed,Medtech,Orthopedics; Medical devices,https://www.trendlines.com/company/tendonplus-medical/,
MEYDOU PTE. LTD.,2021,1 - 10,Pre-seed,Agritech; E-Commerce; Food & Beverage; Enterprise Solutions; Supply Chain & Logistics,E-Commerce; Food Packaging,https://meydou.com,
MOEV PTE. LTD.,2021,1 - 10,Pre-seed,Urban Solutions; Lifestyle; Manufacturing & Engineering; Others; IoT,Electric Vehicles; Battery Swapping,https://www.moevmnt.com,
BUYLA PTE. LTD.,2020,1 - 10,Pre-seed,E-Commerce,E-Commerce,https://www.buyla.sg,
URBAN TILLER PTE. LTD.,2020,,Pre-seed,,,http://www.urbantiller.sg,
KADDRA IP HOLDING PTE. LTD.,2017,,Pre-seed,,,https://www.kaddra.com,
LALIA PRIVATE LIMITED,2021,1 - 10,Pre-seed,Education,Education; Entertainment; AI,https://www.lalia.com.sg,
KodeKloud,2019,1 - 10,Pre-seed,Education,Edtech; Devops; Cloud; E-Learning; E-Commerce,https://kodekloud.com,
Make a Difference Courses,2020,1 - 10,Pre-seed,Education,Education; online courses; Social Enterprise ; University,http://www.madcourses.net/,
ACCESSIBLE VA PTE. LTD.,2021,1 - 10,Pre-seed,AI; Others,#futureofwork,https://www.ava.work,
DELIMAX CYBERNETICS PTE. LTD.,2021,1 - 10,Pre-seed,Industrial Electronics; AI; Manufacturing & Engineering; Cloud; Big Data,"Cybernetics, Technology",http://delimax.com.sg/,
Zuno Carbon,2020,11 - 50,Pre-seed,AI; Cleantech; IoT; Data Analysis,Carbon Management; Carbon Accounting; Sustainability,https://zuno-ai.com,
MEDICIA PTE. LTD.,2020,11 - 50,Pre-seed,Digital Health; AI; Healthcare; Cloud; Big Data,RWE Oncology,http://www.medicia.ai,
SOLV8 TECHNOLOGY PTE. LTD.,2021,1 - 10,Pre-seed,Cleantech; Manufacturing & Engineering,Machinery & Systems; Waste Management; Water Treatment; energy efficient ; Cleantech; membrane,http://SOLV8.tech,
MUZIBEES PTE. LTD.,2017,1 - 10,Pre-seed,Entertainment,mobileapp music entertainment,https://www.muzibees.com,
TRAVEL STACK ASIA PTE. LTD.,2021,11 - 50,Seed,AI; Travel & Hospitality; Enterprise Solutions; SaaS; Cloud,SaaS,https://travstack.com/,
CARPE VINUM COLLECTIVE PRIVATE LIMITED,2021,1 - 10,Pre-seed,Food & Beverage; Food Manufacturing & Processing,E-Commerce,https://www.velixir.sg/,
ROOTALLY AI PTE. LTD.,2020,1 - 10,Pre-seed,AI; Digital Health; Healthcare Services; Healthcare,telerehab; Telemedicine; Health Analytics; Mobile Health; Video Processing,https://rootally.com/,
SOMIN PTE. LTD.,2017,11 - 50,Pre-series A,Adtech,Adtech; AI; MarTech,https://somin.ai,
PiezoRobotics,2019,1 - 10,Pre-seed,Precision Engineering; Transport; Industrial Electronics; Manufacturing & Engineering; Robotics,Robotics; Machinery & Systems; Precision Electronics; automotive; Advanced Manufacturing,https://www.piezorobotics.com,
GARDEN GENESIS PTE. LTD.,2020,1 - 10,Pre-seed,Education; Biotech; Big Data,Personalised Learning; Early Childhood Education; Learning Analytics; Genetic Assessment; Big Data; Edtech; customised teaching; differentiated teaching; Bioinformatics,https://thegardengenesis.com,
WAICO PRIVATE LTD.,2021,1 - 10,Pre-seed,Food & Beverage; Supply Chain & Logistics,supply chain optimisation; Online marketplace; delivery; cloud kitchens; food & Beverage,https://www.thewaicompany.com,
POWERHOUSE.AI PTE. LTD.,2021,1 - 10,Pre-seed,AI; Supply Chain & Logistics; Enterprise Solutions; SaaS; Data Analysis,Inventory Management; AR/VR; Video Processing,https://www.pwh.ai/,
KASSOM PTE. LTD.,2021,1 - 10,Pre-seed,Education,Platform to connect tutors and students around the work and conduct lessons online and face to face.,https://kassom.com,
MOVERSLY PTE. LTD.,2021,1 - 10,Pre-seed,Transport; Travel & Hospitality; Supply Chain & Logistics,Shipping ; logistics; International Move; on-demand delivery; Supply Chain; air cargo; sea cargo; personal effects shipment,http://www.moversly.com,
DIGIASSETS EXCHANGE (SINGAPORE) PTE. LTD.,2019,,Pre-seed,,,https://www.sdax.co/,
Safe Space,2017,11 - 50,Seed,Digital Health; Healthcare Services; Healthcare,Health Analytics; Human Resources; Mobile Health; Digitised Health Systems,https://safespace.sg,
EduX,2020,11 - 50,Pre-seed,Education; Big Data,higher education; recruitment; admission; international education; EduTech; Edtech,https://www.edux.one,
UKISS Technology,2021,1 - 10,Seed,Consumer Electronics; Fintech; Enterprise Solutions; Lifestyle; Blockchain,Digital Security; Cryptocurrency; Ecosystem; Technology; Hardware wallet,https://www.ukiss.io,
KALLOS TECHNOLOGIES PTE. LTD.,2019,,Pre-seed,,,https://www.stragiliti.net,
MEDIVR PTE. LTD.,2021,1 - 10,Pre-seed,Education; AI; Digital Health; Healthcare Services; AR/VR,AR/VR; Natural Language Processing; Medical devices; Artificial intelligence; Learning Platform; Digitised Health Systems; Medical Training; mixed reality; Edtech; hololens,https://medivr.io,
ATLAS KITCHEN PTE. LTD.,2020,1 - 10,Seed,Food & Beverage; Infocomm Tech,food and beverage; SaaS; ecommerce; food delivery,https://atlas.kitchen,
WEETECH INNOVATIONS PTE. LTD.,2021,1 - 10,Pre-seed,Urban Solutions; Cleantech; Manufacturing & Engineering,Water Treatment; membrane separation; desalination,https://www.weetech.com.sg,
ENT-VISION PTE. LTD.,2018,11 - 50,Pre-seed,Maritime; AI; Supply Chain & Logistics; Data Analysis,"#AI, #Logtech, #Marine Tech, #Ent-Vision, #IPA, #Data Central, #Supply Chain Logistic, #Maritime, #Optimisation, #Smart Data, #GeoSpatial, #GeoWorks, #Pier71, ",https://www.ent-vision.com,
anycover,2021,1 - 10,Pre-seed,AI; E-Commerce; Fintech,Insurtech; E-Commerce,http://www.anycover.co,
JINGJUK PTE. LTD.,2020,1 - 10,Pre-seed,Media; Lifestyle,Social Networking; Video Streaming,https://www.jingjuk.com,
MILIEU INSIGHT PTE. LTD.,2016,,Pre-seed,Enterprise Solutions; SaaS; Data Analysis,,https://www.mili.eu/sg,based on internet checks
ATOMIONICS PTE. LTD.,2018,,Pre-series A,Others,,http://www.atomionics.com/,
NAN YANG ACADEMY OF SCIENCES PTE. LTD.,2018,,Pre-seed,Education,,https://nassg.org/,based on internet checks
PHAOS TECHNOLOGY PTE. LTD.,2017,,Pre-seed,Nanotechnology,,https://phaostech.com,based on internet checks
NEUROSENSUM INTERNATIONAL PTE. LTD.,2017,,Pre-seed,AI; SaaS,,,
CONNECTOME PTE. LTD.,2018,11 - 50,Pre-seed,AI; Blockchain; AR/VR,,https://connectome.to,
INVESTREE SINGAPORE PTE. LTD.,2016,,Series C,Fintech,,https://www.investree.id,
LUMOS LABS PTE. LTD.,2017,,Pre-seed,Events; Blockchain,,http://twitter.com/Lumosity,
SYMBO PLATFORM HOLDINGS PTE. LTD.,2017,,Pre-seed,Fintech,,https://www.symbo.co/,based on internet checks
GLOBAL WEALTH TECHNOLOGY PTE. LTD.,2021,1 - 10,Pre-seed,Fintech,#fintech #invest #financialadvisory,http://www.beansprout.sg,
EUREKA AI PTE. LTD.,2016,,Series B,AI; Telecom; Fintech; Data Analysis; Big Data,,https://eureka.ai/,
MENTOGRAM PTE. LTD.,2021,11 - 50,Seed,Education; SaaS,SaaS; E-Learning; Learning Platform; Gamification,https://mentogram.com,
KiriPay,2021,1 - 10,Pre-seed,Fintech; Enterprise Solutions; Blockchain; SaaS,Cryptocurrency; Payment Systems; Blockchain; FinTech; Payments,https://www.kiripay.co,
NOVELSHIP PTE. LTD.,2016,,Pre-seed,E-Commerce; Lifestyle,,https://novelship.com,based on internet checks
SANSIRI INTERNATIONAL PTE. LTD.,2018,,Pre-seed,Real Estate,,,no webpage found
NODEFLAIR PTE LTD,2018,,Pre-seed,Others,,https://nodeflair.com/,based on internet checks
OBBO PTE LTD,2018,,Pre-seed,E-Commerce,,https://obbo.sg,based on internet checks
UNTANGLE AI PTE LTD,2018,,Pre-seed,Infotech; AI,,,
RAVENRY PTE. LTD.,2018,,Pre-seed,Infocomm Tech,,https://theravenry.com/,based on internet checks
SUNKONNECT PTE LTD,2017,,Pre-seed,Urban Solutions,,,
JONI.AI PTE LTD,2019,,Pre-seed,Education; AI,,https://web.joni.ai,based on internet checks
AIROME TECHNOLOGIES PTE. LTD.,2019,,Pre-seed,Infotech; Fintech,,,
Aromatec PTE. LTD.,2018,,Pre-seed,Food & Beverage,,https://aromatec.biz,based on internet checks
Alai Labs PTE. LTD.,2016,,Pre-seed,IoT,,https://alai-labs.com/,based on internet checks
EloCare Pte Ltd,2020,,Pre-seed,AI; Healthcare,,https://www.elo.care/,based on internet checks
Easylearn Pte. Ltd.,2017,11 - 50,Pre-seed,Education; AI,E-Learning; Learning Platform,https://www.SmartJen.com,
Life3 Biotech Pte Ltd.,2019,,Pre-seed,Agritech; Biotech; Food & Beverage,,https://www.life3.co/,based on internet checks
Plantonic SINGAPORE PTE. LTD.,2019,,Pre-seed,Biotech,,https://www.plantonic.sg,based on internet checks
Equilibrium WORLD PTE. LTD.,2019,,Pre-seed,Data Analysis,,https://www.eqm.world/,based on internet checks
UNL GLOBAL SG PTE. LTD,2019,,Pre-seed,Infocomm Tech,,https://unl.global/,based on internet checks
Eureka Robotics Pte Ltd,2018,,Pre-seed,Telecom; Robotics,,https://eurekarobotics.com/,based on internet checks
Pundi X Labs PTE. LTD.,2017,,Pre-seed,Fintech,,,
Zilliqa Research Pte. Ltd.,2017,,Pre-seed,Blockchain,,,
ABIVIN Singapore PTE. LTD.,2018,,Pre-seed,Infotech; Supply Chain & Logistics,,,
Microtube Technologies PTE. LTD.,2018,,Pre-seed,Others,,http://www.microtube.tech,
Quantified Energy Labs PTE. LTD.,2019,,Pre-seed,AI; Hardware; Robotics,,https://qe-labs.com/,based on internet checks
Next Gen Protein,2019,,Pre-seed,Food & Beverage,,,
X-ZELL BIOTECH PTE. LTD.,2018,11 - 50,Seed,Medtech; Biotech; Digital Health,Diagnostics; Medical devices; Life Science Tools; Medical Imaging,http://www.x-zell.com,
Vizzio Technologies Pte Ltd,2019,,Pre-seed,AI,,,
TransTRACK.ID,2021,,Pre-seed,Transport; Infotech,,,
Drive lah Pte Ltd,2019,51 - 100,Pre-series A,Transport; Travel & Hospitality; Urban Solutions; IoT,carsharing; P2P; Mobility; sustainablecities,http://www.drivelah.sg,
Enleofen Bio Pte Ltd,2017,,Pre-seed,Biotech,,,
PriyoShop Pte Ltd,2020,Above 200,Pre-series A,Retail; E-Commerce; Fintech; Enterprise Solutions,E-Commerce; b2b; b2b ecommerce; Supply Chain; logistics; FinTech; marketplace,https://priyoshopretail.com/,
E3A Healthcare Pte. Ltd.,2019,,Pre-seed,Medtech,,https://www.e3ahealth.com/,
Sesto Robotics Pte Ltd,2017,,Pre-seed,Robotics,,https://www.sestorobotics.com,based on internet checks
Zero2.5 Biotech Pte Ltd,2019,,Pre-seed,Urban Solutions,,https://negativeairion.com,based on internet checks
MicroSec Pte Ltd,2016,,Pre-seed,Enterprise Solutions; IoT,,https://www.microsec.io/,based on internet checks
Factors Platform Pte Ltd,2018,,Pre-seed,Others,,,
30K Pte Ltd (Pka Tack),2019,,Pre-seed,Infocomm Tech,,https://www.tackgps.app/,based on internet checks
Intellect Company Pte Ltd,2019,,Pre-seed,Lifestyle,,https://intellect.co/,based on internet checks
Ottodot Pte Ltd,2019,,Pre-seed,Education,,https://www.ottodot.com/,based on internet checks
The Woof Agency Pte Ltd,2019,,Pre-seed,Others,,https://www.thewoofagency.com/,based on internet checks
99 Group Pte. Ltd.,2019,1 - 10,Pre-seed,Real Estate,,http://coursepad.com,
Haikini Venture,2018,,Pre-seed,Lifestyle,,,
GROWER AGRITECH PTE LTD,2019,,Pre-seed,Agritech,,https://groweragritech.com,based on internet checks
MPics Innovation Pte. Ltd.,2019,,Pre-seed,Manufacturing & Engineering,,,
ROVO Pte Ltd,2017,,Pre-seed,Lifestyle,,,
TAKE LAH PTE. LTD.,2021,,Pre-seed,,,https://bigdatainvestor.com,
ENERGIZE TECHNOLOGIES PTE. LTD.,2021,,Pre-seed,,,http://www.energize.earth,
INVESTMATES PTE. LTD.,2021,11 - 50,Pre-seed,Infotech; Fintech; Blockchain,Personal Finance; Investing; Cryptocurrency,https://investmates.io,
MEETARTS PTE. LTD.,2021,1 - 10,Pre-seed,Retail; E-Commerce; AI; Events; Big Data,E-Commerce; SaaS; Digital Marketing; Facilities Management; Content Hosting; Trading; MICE; Recomendation Engine,https://www.meetarts.org,
BEAUTYBUDDY,2021,1 - 10,Pre-seed,E-Commerce; Others; SaaS,beauty; SaaS; marketplace; booking; Wellness; Salons; Spas,https://www.beautybuddy.com.ph/,
NEXUS AEROSPACE PTE. LTD.,2022,,Pre-seed,,,https://nexusaerospace.com/,
REGTANK TECHNOLOGY PTE. LTD.,2020,11 - 50,Pre-seed,Fintech,Risk Management; Data Analysis,https://regtank.com,
IMAGINATO PTE. LTD.,2020,51 - 100,Pre-seed,E-Commerce; Food & Beverage; Fintech; Travel & Hospitality; Big Data,Application Development; Systems Development,https://www.imaginato.com,
JETDEVS PTE. LTD.,2020,1 - 10,Pre-seed,Education; E-Commerce; AI; Enterprise Solutions; Cloud,E-Learning; Gamification; Learning Platform; Human Resources; Social Networking,https://www.jetdevs.com,
DECIATO PTE. LTD.,2021,1 - 10,Pre-seed,Aerospace; Travel & Hospitality; SaaS; Data Analysis; Big Data,Aviation; Data Analysis; Decision Automation,https://www.deciato.com,
REGENERATION ENERGY PTE. LTD.,2022,1 - 10,Pre-seed,E-Commerce; Cleantech; Blockchain,energy trading,https://www.hydroniumpower.com/,
DOBIN PTE. LTD.,2022,1 - 10,Pre-seed,AI; Fintech; Data Analysis,P2P Lending; Crowdfunding; Payment Systems,https://www.dobin.io/,
CONCRETEAI PRIVATE LIMITED,2022,1 - 10,Pre-seed,Others; IoT; Hardware,Built environment; construction tech; Industry 4.0; IoT,https://www.concreteai.io/,
MEATIPLY PTE. LTD.,2021,1 - 10,Pre-seed,Food Science and Technology; Biotech; Agritech; Food Manufacturing & Processing,Alternative Protein,https://meatiply.com/,
QUANTUMCYTE BIOTECH LIMITED,2021,1 - 10,Seed,Biotech,"@molecularpathology, @digitalpathology, @cancergenomics",http://www.quantumcyte.com,
ATOZ SOLUTIONS PTE. LTD.,2020,1 - 10,Pre-seed,AI; Infocomm Tech; SaaS; Cloud; Hardware,#infrastructure; #security; #E-waste disposal; #End to End solutions; #Automation ; #WhiteboardTV; #Support; #upgrade; #repair ,https://www.atoz-solutions.biz,
GREEN LI-ION PTE. LTD.,2020,,Pre-seed,,,,
NANOMATICS PTE. LTD.,2021,1 - 10,Pre-seed,Cleantech; Manufacturing & Engineering; Nanotechnology,Plastic waste upcycling; Carbon additives; Hydrogen,https://nanomatics-tech.com,
DIAMONDARY SYSTEMS PTE. LTD.,2022,1 - 10,Pre-seed,Industrial Electronics,Diamond Reactors; Diamond Growth; Diamond Film; composite materials; Materials & Processes,https://diamondreactoruni.weebly.com,
AFFINITE SOLUTIONS PRIVATE LIMITED,2020,11 - 50,Pre-seed,AI; Healthcare Services; Fintech; Infocomm Tech; Data Analysis,Risk Management; Insurtech; SaaS; Health Analytics; Customer Relationship Management; Human Resources; Data Analysis; Consumer & Marketing Analytics,https://www.affinite.co/,
CHASING AI PTE. LTD.,2022,1 - 10,Pre-seed,AI; IoT; SaaS; Data Analysis; Cloud,AI; IoT; Data Analysis; SaaS; Cloud,http://www.chasingai.com/,
CHEKK PTE. LTD.,2020,,Pre-seed,,,http://www.chekk.me,
ONMYGRAD PTE. LTD.,2022,1 - 10,Pre-seed,Education; Enterprise Solutions; SaaS,Human Resources,https://www.onmygrad.com/about,
BOVEM™,2021,1 - 10,Pre-seed,E-Commerce,Grooming; direct-to-consumer,http://www.bovem.co,
SGP FOODS PTE. LTD.,2020,11 - 50,Pre-seed,Food Science and Technology; Agritech; Infocomm Tech; Manufacturing & Engineering; Cloud,Organic Farming; Seed; Alternative Protein; Smart Farming; Extraction Technology; Controlled Environment Agriculture; Soil Technology; Software; IoT; Cyber Security,https://www.sgpfoods.com/,
ADON WELLNESS PTE. LTD.,2021,1 - 10,Pre-seed,E-Commerce; Digital Health,"E-commerce, D2C, Health, Wellness",https://www.adonman.in/,
HOMEQUBE PTE. LTD.,2020,1 - 10,Pre-seed,AI; Supply Chain & Logistics; Manufacturing & Engineering; Blockchain; SaaS,Home & Living; Green Building Technology; web3,https://www.homeqube.com,
EBUDDYTUTOR PTE. LTD.,2022,1 - 10,Pre-seed,Education,marketplace for international online tuition platform,https://josephinechewcy.wixsite.com/ebuddytutor,
BC BITES PTE. LTD.,2021,1 - 10,Pre-seed,Food Science and Technology; Food & Beverage; Food Manufacturing & Processing,Food Packaging; Social Networking,https://bcbites.sg,
BLACKEY SINGAPORE PTE. LTD.,2018,1 - 10,Pre-seed,E-Commerce; IoT,E-Commerce,https://www.blackey.sg,
THREESSENTIALS PTE. LTD.,2021,1 - 10,Pre-seed,Nanotechnology,"nanotechnology, nanoencapsulation, biodegradable, cosmetics, actives, skincare, repellent, pesticides, delivery system",http://www.threessentials.com,
TECHNODEMICS SMART SOLUTIONS PTE. LTD.,2020,,Pre-seed,,,https://www.edutinker.com/,
Esco Lifesciences,2020,,Pre-seed,Biotech,,https://www.escolifesciences.com/,based on internet checks
Atome,2019,,Pre-seed,AI; Fintech,,https://www.atome.sg/,based on internet checks
Nansen Pte. Ltd.,2020,,Pre-seed,Blockchain; Data Analysis,,,
ADDX,2021,,Pre-seed,Fintech; Blockchain,,,
iSTOX,2018,,Pre-seed,,,https://www.addx.co/,based on internet checks
CARGENE THERAPEUTICS PTE. LTD.,2020,,Pre-seed,Biotech,,https://www.cargene.com/,based on internet checks
DeBank Global PTE LTD,2019,,Pre-seed,Fintech; Blockchain,,,
Endowus,2019,,Pre-seed,Fintech,,,
MINTABLE PTE. LTD.,2019,,Pre-seed,E-Commerce,,,
NAS EDUCATION PTE. LTD.,2019,,Pre-seed,Education; Infocomm Tech,,https://nas.com/,based on internet checks
RPG COMMERCE HOLDINGS PTE. LTD.,2020,,Pre-seed,Retail; E-Commerce; Infocomm Tech,,,
ERUDIFI PTE. LTD.,2018,,Pre-seed,Education,,https://erudifi.com,based on internet checks
ONLOOP PTE. LTD.,2020,,Pre-seed,AI,,https://www.onloop.com/,based on internet checks
GOZEM PTE. LTD.,2017,,Pre-seed,Others,,https://gozem.co,based on internet checks
MOOLAHGO PTE. LTD.,2017,,Pre-seed,E-Commerce; Fintech,,https://www.moolahgo.com/,based on internet checks
GREYWING PTE. LTD.,2019,1 - 10,Seed,Maritime; AI; Big Data,AI; verticalai; Maritime; SaaS,https://www.grey-wing.com/,
DYNASTY KINGDOM PTE. LTD.,2021,,Pre-seed,,,,
BLOCK LABS PTE. LTD.,2021,,Pre-seed,Blockchain,,,no webpage found
FINAN PTE. LTD.,2021,,Pre-seed,E-Commerce; Enterprise Solutions; Infocomm Tech,,,
GUMLET PTE. LTD.,2020,,Pre-seed,Adtech; Media; Enterprise Solutions; Lifestyle,,,
TABLEVIBE PTE. LTD.,2019,,Pre-seed,Infotech; Enterprise Solutions; Lifestyle; SaaS,,,
CARZUNO PTE. LTD.,2021,,Pre-seed,Transport; E-Commerce,,https://carzuno.com,based on internet checks
CROWN TECHNOLOGIES HOLDING PTE. LTD.,2020,,Pre-seed,AI; Food & Beverage; Robotics,,,no webpage found
REPERION PTE. LTD.,2018,,Pre-seed,Maritime; AI; Data Analysis,,https://www.reperion.io/,based on internet checks
KOMUNIDAD GLOBAL PTE. LTD.,2020,,Pre-seed,Infotech; Enterprise Solutions; Data Analysis,,https://komunidad.global,based on internet checks
ROCKET ACADEMY PTE. LTD.,2019,,Pre-seed,Education,,https://www.rocketacademy.co/,based on internet checks
CREDILINQ A.I PTE. LTD.,2021,,Pre-seed,Infotech; AI; Fintech,,https://credilinq.ai,based on internet checks
HAYSTACK PTE. LTD.,2019,,Pre-seed,Medtech; Healthcare,,,no webpage found
DAYAWAY PTE. LTD.,2019,,Pre-seed,Lifestyle; Others,,https://mydayaway.com/,based on internet checks
LIVWELL HOLDING COMPANY PTE. LTD.,2019,,Pre-seed,Digital Health; Blockchain,,https://www.livwell.asia/,based on internet checks
ESGENIE PTE. LTD.,2021,1 - 10,Pre-seed,AI; Data Analysis,Big Data; Data Analysis; green finance; Sustainability; ESGinvesting; ESGanalysis; Risk Management,,
ZAAPI PTE. LTD.,2020,,Pre-seed,E-Commerce,,https://www.zaapi.com,based on internet checks
BCC PTE. LTD.,2019,,Pre-seed,AI; Fintech,,,no webpage found
NOTARUM PTE. LTD.,2018,,Pre-seed,Infotech,,,
FANTICO PTE. LTD.,2021,,Pre-seed,Blockchain,,,
REVIVO BIOSYSTEMS PTE. LTD.,2019,,Pre-seed,Medtech; Biotech; Digital Health; Healthcare,,https://www.revivobio.com/,based on internet checks
CONTOUR PTE. LTD.,2019,,Pre-seed,Fintech,,https://www.contour.network,based on internet checks
IMMUNI SOFTWARE PTE. LTD.,2020,,Pre-seed,Blockchain,,,
AIRGSM PTE. LTD.,2018,,Pre-seed,Infotech; Travel & Hospitality,,https://www.airalo.com/,based on internet checks
ADPLIST PTE. LTD.,2021,,Pre-seed,Education,,https://adplist.org,based on internet checks
QUISTA TECHNOLOGY PTE. LTD.,2019,,Pre-seed,E-Commerce; Consumer Electronics,,,
YOUMART (SG) PTE. LTD.,2021,1 - 10,Pre-seed,E-Commerce; Supply Chain & Logistics,E-Commerce; Orders Fulfilment; E-Commerce Enabler; Online Retail Enabler; Online Convenince Hub,http://www.youmart.sg,
W3P PTE. LTD.,2021,1 - 10,Pre-seed,Fintech; Blockchain; SaaS; Cloud,Blockchain; Gamification; Gam; SaaS,https://w3p.tech,
CLOUDFACTORY PTE. LTD.,2021,1 - 10,Pre-seed,Manufacturing & Engineering; SaaS,SaaS; marketplace; Manufacturing; digital factory; on demand; Consultancy; custom manufacturing,http://cloudfactory.tech,
ZOALA PTE. LTD.,2022,11 - 50,Pre-seed,AI; Digital Health; Healthcare; SaaS,Data Analysis; mental health; AI/ML,https://www.zoala.co,
Widuz,2018,,Pre-seed,,,https://www.widuz.com/about-us/,
SIMO,2018,101 - 200,Series C,Telecom; Consumer Electronics; IoT; SaaS,Consumer Electronics; 4G; 5G; Connected Devices; IoT; SaaS; PaaS,http://www.simo.co,
SGMATEC PTE. LTD.,2021,1 - 10,Pre-seed,Food & Beverage; Others,Smart & Sustainable Packaging; Food Packaging; Biodegradable Materials; composite materials,https://www.sgmatec.com/,
FRONKA TECH PTE. LTD.,2020,1 - 10,Seed,Precision Engineering; Semiconductor; Manufacturing & Engineering; Nanotechnology; Hardware,Machinery & Systems; Optics & Photonics; Semiconductor; Surface Coating; Modules & Components,https://fronkatech.com,
TENTEK TECHNOLOGIES PTE LTD,2020,1 - 10,Pre-seed,Fintech; Lifestyle; IoT; SaaS; Big Data,Big Data; Advertising; Payment Systems; Investing,https://www.wegopark.co,
WORQ PTE. LTD.,2021,1 - 10,Pre-seed,Healthcare,Marketplace for flexible healthcare professionals,https://worqhealth.com/,
CIRCOPAY PTE. LTD.,2019,,Pre-seed,Fintech,,,no webpage found
PITCHPROOF PTE. LTD.,2021,,Pre-seed,,,https://pitchproof.works/,
STRUCT FI PTE. LTD.,2021,1 - 10,Pre-seed,Fintech; Blockchain,FinTech,https://www.struct.fi,
ROOFRESH AG GROUP,2022,1 - 10,Pre-seed,Agritech; Fintech; Cleantech; Blockchain; Cloud,Agritech; Carbon Credits; FinTech; Cleaning Technology; Organic Farming; Clean; Emission Control; Pollution Control; Eco Monitoring Technologies; Payment Systems,https://www.linkedin.com/company/Roofresh,
FMH HOLDING PTE. LTD.,2020,101 - 200,Series A,Food & Beverage,SaaS; Food service; restaurant; Supply Chain; Embedded Financing,https://www.foodmarkethub.com,
OTMS TRANSPORT TECHNOLOGIES PTE. LTD.,2022,101 - 200,Pre-seed,Transport; Enterprise Solutions; Supply Chain & Logistics; SaaS,Transport Management Systems,http://www.otms.com/en,
CHEFX LABS PTE. LTD.,2021,11 - 50,Pre-seed,Retail; Food & Beverage; Travel & Hospitality; Robotics,retailtech; Robotics; Vending; Food distribution; food delivery; autonomous; unmanned; kiosk; Food; cooking,https://xook.io,
SKUAD PTE. LTD.,2019,51 - 100,Pre-seed,Others,Remote Teams,http://www.skuad.io,
NXT INTERACTIVE PTE. LTD.,2022,1 - 10,Pre-seed,AI; Events; Blockchain; IoT; AR/VR,metavserse ; AR/VR; events; experential; webapps; Blockchain; NFT,https://nxtinteractive.sg/,
AlterPacks,2019,,Pre-seed,,,https://alterpacks.com/,
ARMASTEC PTE. LTD.,2021,1 - 10,Pre-seed,Healthcare; Manufacturing & Engineering; Hardware; Robotics,Exoskeletons; Exosuits; Assistive suits; Functional Clothing,https://armastec.com/,
SPEAKIN ASIA PTE. LTD.,2021,11 - 50,Pre-series A,Education,E-Learning; Learning Platform; Learning and Development; reskill; upskill; Expert Speakers,https://www.speakin.co/,
PLAYNIUM PTE. LTD.,2022,1 - 10,Pre-seed,Media; Education; Gaming; Entertainment,Video Streaming; E-Learning; Gamification; Learning Platform,https://www.playnium.live,
HYDROV SINGAPORE PTE. LTD.,2019,11 - 50,Pre-seed,Maritime,Underwaterhullcleaning; underwaterrobotics,https://hydrovsingapore.com/,
BAYA PTE. LTD.,2021,1 - 10,Seed,E-Commerce; Fintech; Enterprise Solutions; SaaS; Data Analysis,Risk Management; Payment Systems; Trading; Customer Relationship Management,https://baya.biz/,
TAGTOO PTE. LIMITED,2017,51 - 100,Series B,Medtech; Adtech; E-Commerce; Enterprise Solutions; Blockchain,Digital Marketing; Consumer & Marketing Analytics; Data Warehouse; Knowledge Management,https://www.tagtoo.com/en,
DOUBLE HELIX LABS PTE. LTD.,2022,1 - 10,Pre-seed,Digital Health; Blockchain; Big Data,Health Analytics; Big Data; Digitised Health Systems; Bioinformatics,http://www.nucleodao.com,
BITGO SINGAPORE PTE. LTD.,2018,Above 200,Pre-seed,Fintech; Blockchain,Cryptocurrency,https://www.bitgo.com/,
CREDEVIA PTE. LTD.,2022,1 - 10,Pre-seed,Fintech,Payment Systems,https://credevia.com/,
CYBERLITE BOOKS PTE. LTD.,2021,1 - 10,Pre-seed,Education,Cyber Security; E-Learning; E-Books,https://www.cyberlitebooks.com,
JONDA HEALTH PTE. LTD.,2021,1 - 10,Seed,Digital Health,Mobile Health; heath data; Health Analytics; Digitised Health Systems; Big Data; Interoperability; data privacy,http://www.jonda.io,
AXCYNSIS THERAPEUTICS PTE. LTD.,2022,11 - 50,Seed,Biotech; Pharmaceutical; Healthcare,Biotechnology; Antibody drug conjugates; antibody; Therapeutics,http://www.axcynsis.com,
DOTKONNEKT PTE. LTD.,2022,11 - 50,Pre-seed,Retail; E-Commerce; Enterprise Solutions; SaaS,E-Commerce; D2C; Brands; DTC; Experience Economy; Experiential Commerce; Shopify; Magento; CMS; Composable,https://www.dotkonnekt.com/,
FRAMETHEFOLKS PTE. LTD.,2021,1 - 10,Pre-seed,Media; Others,Planning & Design; creative agency; Human Resources,https://www.framethefolks.com/,
8CLOUDSOLUTIONS PTE. LTD.,2022,1 - 10,Pre-seed,Fintech; SaaS; Cloud,Payment Systems,http://www.8cloudsolutions.com,
SURPLUSS PTE. LTD.,2022,1 - 10,Pre-seed,Pharmaceutical; Healthcare; Others,"B2B, Marketplace",https://www.surpluss.co/,
FLORAMIS PTE. LTD.,2022,1 - 10,Pre-seed,Consumer Electronics; Entertainment; IoT,Sustainability,https://floramis.com/,
K-LINK ENTERPRISE SOLUTIONS PTE. LTD.,2022,11 - 50,Pre-seed,Telecom; Enterprise Solutions; SaaS,Contact Center; telecom; Customer Relationship Management; Unified Communications; Customer Experience,https://www.klink.cloud/,
XOGICS PTE. LTD.,2018,1 - 10,Pre-seed,Education; AI; Data Analysis; Big Data,E-Learning; Learning Platform; Edtech; EduTech; patentpending; analytics; Education; education analytics,https://edvocado.com,
crypto.com,2019,,Pre-seed,,,https://crypto.com/sg,
Banco,2018,,Pre-seed,,,https://www.banco.com.sg/company,
PIVOT Fintech,2017,,Pre-seed,,,https://pivotfintech.com/,
QALLIX,2022,11 - 50,Pre-seed,AI; E-Commerce; SaaS; Cloud; Big Data,SaaS; Data Analysis; E-Commerce; machine learning; Autonomous Intelligence; Artificial intelligence; Big Data; data mining; Enterprise Resource Planning Solutions,https://www.qallix.com,
AXROSS PTE. LTD.,2021,11 - 50,Pre-seed,E-Commerce; Big Data,E-Commerce; Social Networking,https://www.bipi.id/,
TELEPATHY LABS PTE. LTD.,2017,,Pre-seed,,,https://www.telepathy.ai/,based on internet checks
TASKCADE INC PTE. LTD.,2019,,Pre-seed,,,https://www.taskade.com,based on internet checks
AI COMMUNIS PTE. LTD.,2020,,Pre-seed,,,https://www.ai-communis.io,based on internet checks
DYNACYTE BIOSCIENCES PTE. LTD.,2021,,Pre-seed,,,https://www.dynacyte.com/,based on internet checks
METAVERSE GREEN EXCHANGE PTE. LTD.,2018,,Pre-seed,,,https://www.mvgx.com/,based on internet checks
AECH GLOBAL PTE. LTD.,2020,,Pre-seed,,,,no webpage found
MRC HOSTING PTE. LTD.,2017,,Pre-seed,,,,no webpage found
AIRCRAFT ENGINE COMPONENT SERVICES SINGAPORE PTE. LTD.,2018,,Pre-seed,,,https://www.aecssingapore.com,based on internet checks
CEREXIO PTE. LTD.,2020,,Pre-seed,,,https://cerexio.com,based on internet checks
ONEBERRY HOLDINGS PTE. LTD.,2019,,Pre-seed,,,https://oneberry.com/,based on internet checks
RPRE (SINGAPORE) PTE. LTD.,2019,,Pre-seed,,,https://www.rpreasia.com,based on internet checks
MAITIAN TECH PTE. LTD.,2018,,Pre-seed,,,https://www.maitian.ai/,based on internet checks
PURESPACE SINGAPORE PTE. LTD.,2019,,Pre-seed,,,,no webpage found
MAKERNET PTE. LTD.,2019,,Pre-seed,,,,
FENCORE PTE. LTD.,2019,,Pre-seed,,,,
IFINITY PTE. LTD.,2020,,Pre-seed,,,,no webpage found
CAPITALMART PTE. LTD.,2018,,Pre-seed,,,,
TC ENERGY EQUIPMENT AND SERVICES PTE. LTD.,2018,,Pre-seed,,,,
TJOMBOL PTE. LTD.,2018,,Pre-seed,,,,no webpage found
MEMPURE PTE. LTD.,2018,,Pre-seed,,,https://mempure.com.sg/,based on internet checks
LIDEA PTE. LTD.,2019,,Pre-seed,,,,no webpage found
TAGVANCE PTE. LTD.,2017,,Pre-seed,,,https://www.tagvance.com/,based on internet checks
FORTE BIOTECH PTE. LTD.,2021,11 - 50,Pre-seed,Biotech,Diagnostics; biotech; Prawn; PCR,https://www.fortebio.tech/,
PEPPER CLOUD PTE. LTD.,2017,,Pre-seed,,,https://peppercloud.com,based on internet checks
VOLT14 SOLUTIONS PTE. LTD.,2019,,Pre-seed,,,https://volt14.com/,
VIVA HEALTHCARE PTE. LTD.,2016,,Pre-seed,,,,
AUTO ANGELS GLOBAL PTE. LTD.,2017,,Pre-seed,,,,no webpage found
XIOHOO PTE. LTD.,2018,,Pre-seed,,,,
CONVERGEIN PTE. LTD.,2020,,Pre-seed,,,,
HOOZIN ASIA PTE. LTD.,2019,,Pre-seed,,,,
STATWIG GLOBAL PTE. LTD.,2020,,Pre-seed,,,,
BILLION BRICKS HOMES PTE. LTD.,2020,,Pre-seed,,,https://billionbricks.org/,based on internet checks
RIPPLE2WAVE INCUBATOR PTE. LTD.,2019,,Pre-seed,,,,no webpage found
VRTIST LAB PTE. LTD.,2019,,Pre-seed,,,,no webpage found
METALOX AUTOS PTE. LTD.,2017,,Pre-seed,,,,no webpage found
XIAOXIN MACHINES PTE. LTD.,2018,,Pre-seed,,,,
FITTERLAB PTE. LTD.,2017,,Pre-seed,,,,no webpage found
TOASTY LIVING PTE. LTD.,2019,,Pre-seed,,,,
WAREHOUSEJOY PTE. LTD.,2020,,Pre-seed,,,https://www.warehousejoy.com,based on internet checks
PALLADIUM TECHNOLOGY PTE. LTD.,2020,,Pre-seed,,,,no webpage found
WEALTHCX (PTE. LTD.),2022,1 - 10,Pre-seed,Infotech; AI; Fintech; SaaS,Personal Finance; Trading; Video Processing,https://wealthcx.com,
BEEZ FM PTE. LTD.,2019,11 - 50,Seed,AI; Real Estate; Urban Solutions; IoT; SaaS,Renewable Energy; Cleaning Technology; Cloud; Green Building Technology; SaaS,https://www.beez-fm.com,
NOVOCURIS PTE. LTD.,2022,1 - 10,Pre-seed,Digital Health; Enterprise Solutions; Healthcare; SaaS,Mobile Health; SaaS; Digitised Health Systems; Disease Management; Telemedicine; Cloud,https://www.novocuris.com,
WITTAYA AQUA ASIA PTE. LTD.,2022,11 - 50,Pre-seed,Agritech; Cleantech; SaaS,aquaculture; Big Data; AI/ML; Agtech,http://wittaya-aqua.ca/,
HERON AIRBRIDGE PTE. LTD.,2022,1 - 10,Pre-seed,Aerospace; Transport; Infotech; Supply Chain & Logistics; Robotics,Drones; Aviation,https://heron-technology.com/digital-aviation/,
FROSTY WHALE PTE. LTD.,2021,1 - 10,Pre-seed,Media; Entertainment; Blockchain,,https://frostywhale.com,
LABELWHALE PTE. LTD.,2022,1 - 10,Pre-seed,AI; Blockchain; SaaS; Data Analysis; Big Data,Blockchain; web3; Big Data; Data Analysis; Customer Relationship Management; Consumer & Marketing Analytics; Digital Marketing; AI,https://www.labelwhale.com/,
THRIXEN PTE. LTD.,2020,1 - 10,Pre-seed,Medtech; Biotech,Diagnostics; In Vitro Diagnostics (IVD),https://www.thrixen.com/,
RENTLY PTE. LTD.,2022,11 - 50,Pre-seed,Real Estate; Enterprise Solutions; Urban Solutions; Others; SaaS,Legal Tech; real estate management; SaaS; contract solutions; proptech,https://rently.sg,
SQUIRREL TECHNOLOGIES PTE. LTD.,2022,1 - 10,Pre-seed,Gaming; Retail; AI; IoT,SaaS,https://squirrelarcade.com/,
KPI MEDIA PTE. LTD.,2020,11 - 50,Pre-seed,Adtech; Others,#advertising #socialmediaadvertising #advertisingagency #paidmedia,https://www.kpimedia.co/,
PROTON CLOUD STORAGE PTE. LTD.,2021,1 - 10,Pre-seed,Gaming; Enterprise Solutions; SaaS; Cloud,Cloud; Social Media; Gamification; Data Analysis; data,https://www.protoncs.com,
GRIT SEARCH PTE. LTD.,2019,,Pre-seed,,,https://gritsearch.com/,based on internet checks
BIMERGISER PTE. LTD.,2018,,Pre-seed,,,,no webpage found
CM SERVICES PTE. LTD.,2016,,Pre-seed,,,,no webpage found
SMART DIGITAL LOGISTICS PTE. LTD.,2019,,Pre-seed,,,,no webpage found
ENGAGEROCKET PTE. LTD.,2016,,Pre-seed,,,https://www.engagerocket.co,based on internet checks
RUKITA PTE. LTD.,2019,,Pre-seed,,,https://www.rukita.co,based on internet checks
MILLENNING PTE. LTD.,2018,,Pre-seed,,,https://millenning.com,based on internet checks
LIFE ORIGIN PTE. LTD.,2020,,Pre-seed,,,https://lifeorigin.com.sg/,
AFFIRMO TECHNOLOGY PTE. LTD.,2023,1 - 10,Pre-seed,Semiconductor; Supply Chain & Logistics; Urban Solutions; Manufacturing & Engineering; IoT,IoT; AI; Wireless; real-time; Mission-Critical; Data Analytics; IoT sensors; Computer Network,https://affirmo.tech,
KYNA PTE. LTD.,2022,1 - 10,Pre-seed,,,https://kynaenglish.com/,
WORK WIZARD PTE. LTD.,2022,1 - 10,Pre-seed,Medtech; Digital Health; Enterprise Solutions; Healthcare; SaaS,Materials & Processes; SaaS; Digitised Health Systems; Human Resources; Social Networking,http://www.work-wiz.com,
CLEAR ALIGNERS PTE. LTD.,2020,Above 200,Pre-seed,Medtech; AI; Digital Health; Healthcare,Dental; Medical devices,https://www.drclearaligners.com.sg,
ZERO MASS WATER SINGAPORE PTE. LTD.,2017,1 - 10,Pre-seed,Food & Beverage; Cleantech; Manufacturing & Engineering,Renewable Water; green technology,https://www.source.co/,
ECOGANIC PTE. LTD.,2016,1 - 10,Pre-seed,Urban Solutions; IoT,Renewable Energy; Solar,http://www.Ecoganic.biz,
SILVER WINGS XR PTE. LTD.,2019,1 - 10,Pre-seed,Medtech; Education; SaaS,Simulation based training; AI-powered training; AI; Training; Physiotherapy; Allied Health; History Taking; Clinical Reasoning,https://silverwingsxr.com,
Shift Right,2023,1 - 10,Pre-seed,AI; Enterprise Solutions; SaaS; Cloud,"Sales Enablement, Revenue Enablement, Employee Productivity and new hire onboarding",https://www.shiftright.sg,
ACE RECYCLING PTE. LTD.,2019,,Pre-seed,,,https://www.acegreenrecycling.com/,
POWERCRED TECHNOLOGIES PTE. LTD.,2022,,Pre-seed,,,http://www.powercred.io,
THANKSGIVING SERVICED RESIDENCE PTE. LTD.,2017,11 - 50,Pre-seed,Travel & Hospitality; Urban Solutions; Lifestyle,Green Building Technology,https://thanksgivingresidence.com.sg/,
WESTCHARGE PTE. LTD.,2021,1 - 10,Pre-seed,Adtech; IoT,Consumer Electronics,https://www.westcharge.com/,
BITSKOUT (ASIA PACIFIC) PRIVATE LIMITED,2023,,Pre-seed,,,https://www.bitskout.com,based on internet checks
H2MO PTE. LTD.,2020,11 - 50,Pre-seed,Cleantech; Manufacturing & Engineering; Nanotechnology; IoT,"Biomimetic, membrane, water separation, air separation, water treatment, wastewater treatment, recycling, desalination, lower carbon",http://www.h2mo.com,
HEALINGCELL PTE. LTD.,2018,1 - 10,Pre-seed,Food Science and Technology; Complementary Health Products; Food & Beverage; Healthcare; Food Manufacturing & Processing,“To be your most trusted health and well-being partner”,https://www.healing-cell.com/,
SLIDELUVRE PTE. LTD.,2023,1 - 10,Pre-seed,Cleantech; IoT,Renewable Energy,https://www.slideluvre.com/,
CIPHEREM GLOBAL PTE. LTD.,2022,1 - 10,Pre-seed,Blockchain,Social Networking; Blockchain Technology; Engage to Earn; digital identity; Decentralised DIDs,https://www.cipherem.com,
SUSTAINABILITY GLOBAL EDUTECH PTE. LTD.,2023,1 - 10,Pre-seed,Food Science and Technology; Agritech; E-Commerce; Urban Solutions; Cleantech,"sustainability, sustainx, fund raising, business opportunities. ",http://www.sustainx.asia,
KITTYKAT PTE. LTD.,2022,,Pre-seed,,,,no webpage found
NAVICORE MARINE TECH CONSULTANCY LLP,2026,1 - 10,Pre-seed,AI; Marine & Offshore,Risk Management; Machinery & Systems; Renewable Energy; Energy Storage; Data Analysis,https://sites.google.com/navicoresolution.com/about/home?authuser=2,
MEDICODER PTE. LTD.,2026,1 - 10,Pre-seed,AI; Digital Health; Infocomm Tech; Healthcare; Big Data,Digitised Health Systems; Big Data; Health Analytics; Artificial intelligence,https://medicoder.io/,
FERTI-CRAFT PTE. LTD.,2023,1 - 10,Pre-seed,Medtech; Biotech; Healthcare,Medical devices,http://www.ferti-craft.com,
AURACHECK TECHNOLOGIES PTE. LTD.,2026,1 - 10,Pre-seed,Education; AI,,http://studentnetwork.io,
LEANROUTE PTE. LTD.,2026,1 - 10,Pre-seed,AI; Enterprise Solutions; SaaS,AI Gateway; LLM Gateway; Model Router; AI API; Multi-provider routing; Automatic Failover; AI Infrastructure; Singapore AI; LLM Cost Optimization; DevTools,https://leanroute.dev,
DREAM ALBUM PTE. LTD.,2018,1 - 10,Pre-seed,Lifestyle,Human Resources; Home & Living,https://www.dream-album.com,
HYPED PTE. LTD.,2020,1 - 10,Pre-seed,Retail; E-Commerce; Cleantech,E-Commerce; Digital Marketing; apparel; Fashion,http://www.hyped.sg,
KLOSS SOLUTIONS LLP,2024,1 - 10,Pre-seed,Medtech; Biotech; Complementary Health Products; Healthcare,Dental; eco-friendly; innovative,https://www.klossofficial.com/,
HEALTHOPTIX PTE. LTD.,2023,1 - 10,Pre-seed,Infotech; AI; Digital Health; SaaS,AI; enterprise software; Healthcare Technology; Clinic Management ; SME Solutions; workflow automation,https://www.health-optix.com/,
COLUMNS US PTE. LTD.,2026,1 - 10,Pre-seed,AI; Fintech; Enterprise Solutions,Artificial intelligence; SaaS; FinTech; enterprise solutions; speech-to-text; notetaking,https://www.columns.pro,
ENGINEMASTER AI PTE. LTD.,2026,1 - 10,Pre-seed,,,https://enginemaster-service-687942288159.us-central1.run.app/,
INNOXSEA PTE. LTD.,2026,1 - 10,Pre-seed,AI; Pharmaceutical; Healthcare,Ecosystem; AI Agent; Life Sciences; Innovation,http://www.innoxsea.com,
ELZORA GOLDS PTE. LTD.,2025,1 - 10,Pre-seed,Retail; Infotech; AI; E-Commerce,Anti-Money Laundering; Planning & Design; 3D Rendering; 3D Printing; Application Development; Retail Tech,https://elzoragold.com/,
ARUVEE INTELLIGENCE PTE. LTD.,2026,1 - 10,Pre-seed,Semiconductor; AI; Data Analysis,AI; Agentic; Semiconductor,https://aruvee.ai/,
QUBITOR PTE. LTD.,2017,1 - 10,Pre-seed,Aerospace; Precision Engineering; Nanotechnology; Others,Quantum Computting; Optics & Photonics; Semiconductor; Space Technology,http://www.qubitor.com,
BRIM PRINTERS PTE LTD,2017,1 - 10,Pre-seed,Retail; Industrial Electronics; Manufacturing & Engineering,3D Printing,,
FINBOTS AI SOLUTIONS PTE. LIMITED,2017,11 - 50,Series A,AI; Fintech; Enterprise Solutions; Data Analysis; Big Data,Personal Finance; Risk Management; Artificial intelligence; Data Analysis,http://www.finbots.ai/,
SPREAD PTE. LTD.,2018,1 - 10,Pre-seed,Urban Solutions,,,no webpage found
INTERVAAL PTE. LTD.,2017,1 - 10,Pre-seed,Medtech,Medical devices; Healthcare,http://intervaal.com.sg,
Lendela,2018,1 - 10,Seed,Fintech; Big Data,Personal Finance; Risk Management; Insurtech; P2P Lending; Investing; Anti-Money Laundering,https://lendela.sg/,
TalentKraft Pte Ltd,2017,1 - 10,Pre-seed,Enterprise Solutions; Others,Human Resources,http://www.talentkraft.com.sg/,
TradeCloud,2016,1 - 10,Seed,Fintech,"Cryptocurrency; commodities, ; E-Commerce",https://tradecloud.sg,
Worknetics,2018,1 - 10,Pre-seed,Enterprise Solutions,Human Resources; HR Tech; recruitment technology; Systems Development; Web Development; Incorporation; Market Expansion,https://www.worknetics.net/,
AnalogueSmith,2017,1 - 10,Pre-seed,Semiconductor; Consumer Electronics; Others; IoT; Hardware,"RFIC, analogue, IC design, IP, mixed-signal, antennas, front-end modules, CMOS PA, Electronics",https://analoguesmith.com/,
Intelizest,2016,,Pre-seed,AI,,https://intelizest.com/,
BUTLER,2016,51 - 100,Seed,Travel & Hospitality; Others,hospitality,https://www.butlerinsuits.com/,
INSUREVITE PTE. LTD.,2017,1 - 10,Seed,AI; Fintech; Blockchain; SaaS; Robotics,Insurtech; Robotics; Natural Language Processing; Data Analysis; Big Data; Knowledge Management; SaaS,https://insurevite.com,
X0PA AI PTE. LTD.,2017,11 - 50,Pre-series A,AI; Enterprise Solutions; SaaS; Data Analysis; Big Data,Human Resources; talent; AI; recruiter; recruitment,https://www.x0pa.com,
Golden Sunland,2017,,Pre-seed,Agritech,,https://www.goldensunland.com/,
Kosmode Health,2016,1 - 10,Pre-seed,Food Science and Technology; Agritech; Biotech,"3Dbioprinting, bioscaffold, plantextraction, functionalfood, plantprotein, 3Dcellculture",https://www.kosmodehealth.com/,
Protenga - Insect-Based Nutrition,2016,1 - 10,Pre-seed,Agritech; Cleantech,Precision Agriculture; Controlled Environment Agriculture; Functional Feed Additive; Insect Farming; Smart Farming; Organic Farming; Fertilisers,http://www.protenga.com/,
BEAM MOBILITY HOLDINGS PTE. LTD. ,2018,,Seed,,,https://www.ridebeam.com,
Propseller,2017,1 - 10,Seed,Others,,https://propseller.com,
Zweedeo,2016,,Pre-seed,Enterprise Solutions,,,
MESH BIO PTE. LTD.,2018,1 - 10,Seed,AI; Digital Health; Enterprise Solutions; Healthcare,Health Analytics; SaaS; population health,http://www.meshbio.com,
SCOOTERSON PTE. LTD.,2018,11 - 50,Pre-series A,Precision Engineering; Transport; AI; Lifestyle; Manufacturing & Engineering,Hardware; data; AI; startup,https://www.scooterson.com,
XIMPLE THINGS PTE. LTD.,2017,1 - 10,Pre-seed,Consumer Electronics; Cloud; Big Data,warranty; price aggregator; consumer; Consumer Electronics; Marketing,https://www.ximplethings.com,
NINKATEC PTE. LTD.,2017,,Pre-seed,,,http://www.ninkatec.com,
BIENE TECHNOLOGIES PTE. LTD.,2017,101 - 200,Pre-seed,Food Science and Technology; Food & Beverage; Others; IoT; Data Analysis,GPS Tracking; ITES; Mobile App Development; IoT; Data Science; Data Analysis; flyer eats; FLYER WHEELS; food delivery; marketplace,https://www.bienetech.com,
COMMODITYSTAR SOLUTIONS PTE. LTD.,2019,1 - 10,Pre-seed,Supply Chain & Logistics; Blockchain; IoT; SaaS; Big Data,Build Commodity Trading and Risk Management Solution ,https://www.commodity-star.com,
AntiHACK.me,2017,,Seed,,,https://www.antihack.me/,
INFINITE ORBITS PTE. LTD.,2017,1 - 10,Pre-seed,Aerospace,#satelliteservicing #space,https://www.infiniteorbits.io,
UBOUX PTE. LTD.,2016,1 - 10,Pre-seed,IoT; SaaS; Data Analysis; Big Data,Free-WiFi; location analytics; Smart City; mobile engagment,https://www.uboux.com.sg/,
EVERARD ACCESS PTE. LTD.,2019,1 - 10,Pre-seed,Manufacturing & Engineering; Others,Construction; facade access,https://www.everardaccess.com,
BTEGA PTE. LTD.,2019,1 - 10,Seed,Retail; E-Commerce; Lifestyle; Others,marketplace; Blockchain; Cryptocurrency; Lifestyle,https://btega.com,
AUTOMATON,2018,1 - 10,Pre-seed,Education; AI; SaaS; Cloud; Big Data,Cloud,,
MAESRON PTE. LTD.,2018,1 - 10,Pre-seed,Aerospace; Infotech; Enterprise Solutions; Hardware,"Software Development, Hardware Research and Development, HR Solutions, Vehicle Tracking System, Access system",http://www.maesron.com,
axomem.io,2019,1 - 10,Pre-seed,Infotech; AI; Data Analysis; Big Data; AR/VR,Big Data; Data Analysis; AI; Augmented Reality; Virtual Reality; Automation; Enterprise Data,https://axomem.io,
SPEAC.CO PTE. LTD.,2017,,Pre-seed,,,http://www.speac.co,
Eldercare.Market,2018,1 - 10,Pre-seed,Digital Health; Complementary Health Products; Healthcare Services; E-Commerce; Healthcare,Ageing; Home Care; marketplace; Rehabilitation; Medical equipment,https://eldercare.market,
Awebstar Technologies Pte Ltd.,2018,51 - 100,Pre-seed,Infotech; Enterprise Solutions,Social Media; Customer Relationship Management; Digital Marketing; SaaS; Human Resources,https://awebstar.com.sg/,
INSTITUTE OF BLOCKCHAIN LTD.,2019,11 - 50,Pre-seed,Education; Fintech; Blockchain,Blockchain; Education; FinTech; EduTech; E-Learning; Learning Platform,https://ibs.edu.sg,
MOOLA HOLDINGS PTE. LTD.,2018,1 - 10,Pre-series A,E-Commerce; Fintech; Travel & Hospitality,Currency Exchange ,https://moolafx.com/,
MAF INTELLIGENCE PTE. LTD.,2018,1 - 10,Pre-seed,Fintech,Commodities ; Finance; FinTech,https://www.mafint.com/,
FATFREQ PTE. LTD.,2019,,Pre-seed,,,http://www.fideliumgroup.com/,
CONSTANT BEARING PTE. LTD.,2019,1 - 10,Pre-seed,Maritime; Marine & Offshore; Supply Chain & Logistics,maritime operations; port call planning; collaboration ; SaaS,http://constantbearing.com,
ADVANCED ANALYZER TECHNOLOGIES PTE. LTD.,2019,1 - 10,Pre-seed,Medtech,"Medtech, Sleep disorders",http://www.aaapnea.com,
Ramp,2018,1 - 10,Pre-seed,E-Commerce; Others,E-Commerce; Digital Marketing; SMEs; Advertising,https://gigaramp.com,
SHADOW TECH PTE. LTD.,2019,1 - 10,Pre-seed,AI; Enterprise Solutions; SaaS; Data Analysis,AI; Video Recruiting ; hr; SaaS,http://www.shadow-sg.com/,
PROTEUS-DT,2017,1 - 10,Pre-seed,Infotech; E-Commerce; Enterprise Solutions; Infocomm Tech; SaaS,Web Development; SaaS; Systems Development; Application Development,https://proteus-dt.com,
NEXTBILLION.AI PTE. LTD.,2019,11 - 50,Series A,AI; E-Commerce; SaaS; Big Data; AR/VR,AI; nextbillion; maps; geospatial; imagery,http://nextbillion.ai,
BEEX PTE. LTD.,2018,1 - 10,Pre-seed,Maritime; Marine & Offshore; SaaS; Cloud; Robotics,Robotics,http://www.beex.sg,
VITAECOM PRIVATE LIMITED,2019,1 - 10,Pre-seed,AI; Enterprise Solutions; Infocomm Tech; SaaS; Big Data,crm; Sales Automation; Case Management; Customer Engagement; Customer Journey; Customer Experience; machine learning; AI,https://www.vitaecom.io,
ANTIPARA EXPLORATION PTE. LTD.,2019,1 - 10,Pre-seed,Agritech; AI; Maritime; Marine & Offshore; Big Data,Maritime; offshore; Marine; AI; 3d,https://antipara.io/,
NANOLUMI PTE. LTD.,2018,1 - 10,Seed,Manufacturing & Engineering; Nanotechnology; Blockchain; IoT; Cloud,Nanotechnology; Cloud; Security; encryption; Blockchain; advancematerials; perovskite; display; LED; IoT,http://nanolumi.com,
HitchPlanner,2019,1 - 10,Pre-seed,E-Commerce; SaaS,weddings; web application ; SaaS; event planning; E-Commerce; Web Development; marketplace,https://www.hitchplanner.com,
REASSEMBLE DESIGN PTE. LTD.,2018,,Pre-seed,,,https://www.reassemble.io,
PRACTICE INNOVATORS INTERNATIONAL PTE. LTD.,2017,,Pre-series A,Healthcare Services,,https://www.gpnow.net/,
INSURGRAB FINTECH PTE. LTD.,2018,1 - 10,Pre-seed,Fintech,Insurtech,https://www.insurgrab.com/,
MYCLNQ HEALTH,2017,11 - 50,Seed,Medtech; AI; Digital Health; Healthcare Services; Healthcare,Digital Booking; NearbyClinic; Digibooking; MedTech; Telemedicine; MedicalTransport; Caregiver; HomeTherapy; MedicalProducts,http://www.ssivixlab.com,
NETTO SOLUTIONS CONSULTING PTE. LTD.,2019,1 - 10,Pre-seed,AI; IoT; Big Data; AR/VR; Robotics,"Systems Development; Apps , software development; Application Development; SaaS; Web Development; Cyber Security; Cloud; Big Data",https://nettosolutions.com/,
GRYD PTE. LTD.,2018,1 - 10,Pre-seed,Media; Entertainment,audio; music; sound; foley; songwriting; intellectual property; production; sound design; acoustics; research ,https://gryd.studio,
BEITE PTE. LTD.,2018,1 - 10,Pre-seed,Infotech; E-Commerce; Enterprise Solutions; Infocomm Tech; Data Analysis,Digital Transformation; Cloud computing; Enterprise Solution; Artificial intelligence; Employee Productivity,https://www.beite.co,
COANTUMLEAP TECH VENTURES PTE. LTD.,2019,,Pre-seed,,,http://www.coantumleap.com,
DCLINIC PTE. LTD.,2018,51 - 100,Pre-seed,Healthcare Services; Digital Health; Healthcare,Blockchain; Healthcare,http://www.dclinic.co,
SEITEE PTE. LTD.,2017,,Pre-seed,,,https://seitee.com.sg,
EAT LAUNCHPAD PTE. LTD.,2018,,Pre-seed,,,http://www.eatlaunchpad.com,
NSBOT,2019,1 - 10,Pre-seed,AI; IoT; Data Analysis; Cloud; Robotics,#servicerobotics ,https://nsbot.tech/,
TESSARACT TECHNOLOGIES PRIVATE LIMITED,2018,11 - 50,Pre-seed,AI; Enterprise Solutions; Blockchain; SaaS; Cloud,Productivity Software Professionals,https://tessaract.io,
Datakrew,2019,11 - 50,Seed,AI; Enterprise Solutions; IoT; SaaS; Big Data,Electric Vehicles; Renewable Energy; Energy Storage; Telematics; Battery; Battery Analytics; Battery Intelligence; EV; EV Intelligence; EV battery,https://datakrew.com/,
SEASHORE TECHNOLOGIES PTE. LTD.,2019,,Pre-seed,,,https://seashore.network,
OPEN COMPUTING SINGAPORE PTE. LTD.,2017,,Pre-seed,,,http://opencomputing.sg,
KOVERNOW PTE. LTD.,2020,1 - 10,Pre-seed,Fintech,Insurtech,https://kovernow.com,
BLUE PLANET ENVIRONMENTAL SOLUTIONS PTE. LTD.,2017,1 - 10,Seed,Urban Solutions,,https://www.blue-planet.com/,
HOOW FOODS PTE. LTD.,2018,,Seed,Food Science and Technology; Food Manufacturing & Processing,,http://www.hoowfoods.com/index.html,
CHEERS PAYTECH HOLDING PTE. LTD.,2019,1 - 10,Seed,Fintech; SaaS,Payments; stored value; emoney; infrastructure; cross-border,https://www.linkedin.com/in/gregorarn/,
VULCAN AI PTE. LTD.,2019,11 - 50,Pre-series A,Food Science and Technology; Agritech; Food Manufacturing & Processing; IoT,Precision Agriculture; Disease Management; Smart Farming; Fertilisers; Pest Management,https://www.vulcan-ai.com,
MONEY LOBANG PTE. LTD.,2018,1 - 10,Pre-seed,E-Commerce; Fintech; Real Estate; Travel & Hospitality,credit cards; deposits; loans; property; real estate; E-Commerce; travel; promotions; discounts,https://www.moneylobang.com,
FLUIDLYTIX (ASIA) PTE. LTD.,2019,1 - 10,Pre-seed,Urban Solutions; Manufacturing & Engineering; IoT,Sustainability; cost-savings,https://asia.fluidlytix.com,
WIZ HOLDINGS PTE. LTD.,2019,,Pre-series A,,,https://www.wiz.ai/,
YUGEN TRAVEL PTE. LTD.,2019,1 - 10,Pre-seed,Travel & Hospitality,Disrupting the travel industry ,https://yugen.travel/,
DELMAN TECHNOLOGIES PTE. LTD.,2019,,Seed,,,https://delman.io/,
SENZIQ PTE. LTD.,2019,1 - 10,Pre-seed,Education; Retail; AI; Events; Data Analysis,Indoor location analytics,http://www.senziq.sg,
MYFIRST TECHNOLOGY PTE. LTD.,2020,11 - 50,Seed,Education; Consumer Electronics; E-Commerce; IoT; Hardware,startup,http://www.myfirst.tech,
QUANTSHIP,2019,1 - 10,Pre-seed,AI; Maritime; Supply Chain & Logistics; SaaS; Big Data,machine learning; Algorithms; Freight; Derivatives; Dry Bulk; Tankers; Commodity; Energy Transport; INSEAD; Quant Modelling,http://quantship.ai/,
REALITY DETECTOR PTE. LTD.,2019,1 - 10,Pre-seed,AI; Enterprise Solutions; Infocomm Tech; Data Analysis,#video #software #ai #polygraph #deception #detection #biometric #profiling,https://www.realitydetector.com,
NASOTRAK MEDICAL PTE. LTD.,2019,,Pre-seed,,,https://www.trendlines.com/company/nasotrak-medical/,
NICE SURGICAL SOLUTIONS PTE. LTD.,2019,1 - 10,Seed,Medtech; Healthcare; Manufacturing & Engineering,Medical devices; General and Plastic Surgery,http://www.nicesurgical.com.sg,
482.SOLUTIONS,2020,11 - 50,Pre-seed,Fintech; Enterprise Solutions; Supply Chain & Logistics; Blockchain; AR/VR,Blockchain; Energy; Decentralized Identifiers; Research & Development; DeFi,https://482.solutions/,
SMARTCLEAN TECHNOLOGIES PTE. LTD.,2017,11 - 50,Pre-series A,AI; Enterprise Solutions; IoT; SaaS; Big Data,Enabling data-driven Cleaning Operations,https://www.smartclean.sg/,
FIGTECH PRIVATE LIMITED,2020,,Pre-seed,,,http://www.feige.io,
SG MARINE GUIDE PTE. LTD.,2020,1 - 10,Pre-seed,Media; Maritime; Enterprise Solutions; Data Analysis; Big Data,boating; directory; Marine; leisure ; recreation; guide; yachts; membership,https://sgmarineguide.com/,
KALPHA PRIVATE LIMITED,2018,1 - 10,Pre-seed,Education,Edtech; peer-to-peer learning; Education; P2P,http://www.kalpha.io,
THE SIXTH ESTATE PTE. LTD.,2020,1 - 10,Pre-seed,Retail; E-Commerce,E-Commerce; Platform,https://t6e.co,
ACOOLX PTE. LTD.,2020,1 - 10,Pre-seed,Consumer Electronics; Lifestyle; Others; Hardware,Home & Living; Office,https://www.acoolx.com/,
CLIMACELL ASIA PACIFIC PTE. LTD.,2019,,Series C,,,https://www.climacell.co/,
QUANTEXA PTE. LTD.,2019,Above 200,Series D,AI; Data Analysis; Big Data,,http://www.quantexa.com,
QASHIER PTE. LTD.,2019,,Seed,,,https://qashier.com/,
SOCIAL BELLA INTERNATIONAL PTE. LTD.,2018,,Series E,,,https://www.sociolla.com/,
INSIDER SG PTE. LTD.,2017,,Series C,,,https://useinsider.com/,
ATTRIBUILD,2017,1 - 10,Pre-seed,AI; Real Estate; Urban Solutions; Data Analysis; Big Data,proptech; Planning & Design; real estate; property; analytics,https://www.attribuild.com,
INSECT FEED TECHNOLOGIES PRIVATE LIMITED,2020,11 - 50,Seed,Food Science and Technology; Agritech; Urban Solutions; Food Manufacturing & Processing,Smart Farming; Insect Farming; Fertilisers; Alternative Protein; Controlled Environment Agriculture,https://www.ift-group.sg/,
YUMCHA STUDIOS PTE. LTD.,2019,,Pre-seed,,,https://www.dimsumwarriors.com/,
PICK & GO CS PTE. LTD.,2019,1 - 10,Pre-seed,Retail; AI; Enterprise Solutions; IoT; Big Data,Data Analysis; Big Data; Inventory Management; Payment Systems; Facilities Management; Loyalty Programmes,http://www.pickngo.com.sg,
TIBURA SOLUTIONS PTE. LTD.,2018,1 - 10,Pre-seed,E-Commerce; AI; Enterprise Solutions; Data Analysis,E-Commerce; Data Analysis; Data Warehouse; Inventory Management; SaaS,https://www.tibura.com,
CHIPSAFER PTE. LTD.,2020,1 - 10,Pre-seed,Agritech; IoT; Data Analysis; Big Data,Smart Farming; Livestock; Precision Agriculture; Disease Management; livestock tracking; Sustainability; Traceability,https://www.chipsafer.com/,
ALPHACLOUD TECHNOLOGIES PTE. LTD.,2019,1 - 10,Pre-seed,Cloud,aws cloud,https://alphacloud.sg/,
HALE SMOOTHIES PTE. LTD.,2020,1 - 10,Pre-seed,Food & Beverage,Food tech smoothie ,https://www.halesmoothies.biz/,based on internet checks
SmoothWork,2020,1 - 10,Pre-seed,Fintech; Enterprise Solutions; Data Analysis; Big Data,Finance; CFO,http://smoothwork.co/,
SHUGA PTE. LTD.,2017,,Pre-seed,Retail; AI,,https://www.shuga.io/,based on internet checks
DOCQUITY HOLDINGS PTE. LTD.,2017,,Pre-seed,Healthcare,,,
LIFESIGHT PTE. LTD.,2017,11 - 50,Seed,Retail; AI; SaaS; Data Analysis,,https://www.lifesight.io/,
FLYION PTE. LTD.,2016,,Pre-seed,Aerospace,,https://flyion.asia/,based on internet checks
360F (SINGAPORE) PTE. LTD.,2016,,Pre-seed,AI; Fintech; SaaS; Data Analysis,,,
XDATA ANALYTICS PTE. LTD.,2018,,Pre-seed,AI; Data Analysis,,,
HOLOS LIFE SCIENCES (SINGAPORE) PTE. LTD.,2016,,Pre-seed,Biotech; Healthcare,,http://www.holoslifesciences.com,
GREENWICH MANAGEMENT CONSULTANCY PTE. LTD.,2018,,Pre-seed,Data Analysis,,https://greenwich.com.sg,based on internet checks
IMPACT CREDIT SOLUTIONS PTE. LTD.,2018,,Seed,Fintech,,https://impactcredit.solutions/,
SLEEK TECH (PTE. LTD.),2017,,Pre-seed,SaaS,,,
KROSSLINKER PTE. LTD.,2019,1 - 10,Seed,Pharmaceutical; Supply Chain & Logistics; Cleantech; Manufacturing & Engineering; Nanotechnology,Advanced materials; Nanotechnology; Energy; thermal insulation; cold chain; EV battery; industrial insulation; packaging; cold storage; startups,https://www.krosslinker.com/,
NEOBAEL PTE. LTD.,2020,1 - 10,Pre-seed,Education,"edtech, primary education, online education",https://www.neobael.com,
THE SOS KITCHEN PTE. LTD.,2020,1 - 10,Pre-seed,Food Science and Technology; Agritech; E-Commerce; Food Manufacturing & Processing,Smart Farming; Controlled Environment Agriculture,http://www.thesoskitchen.com,
NEXT CENTURY LIFE PTE. LTD.,2021,1 - 10,Pre-seed,Complementary Health Products; Digital Health; E-Commerce; Lifestyle,E-Commerce; Health Supplements,https://www.foryouth.co,
AsiaVerify,2019,11 - 50,Seed,AI; Fintech; Enterprise Solutions; SaaS; Big Data,Anti-Money Laundering; Regtech; FinTech; KYC; kyb; UBO; ESG,https://www.asiaverify.com,
ACTUALLY SANE STUDIOS PTE LTD,2016,,Pre-seed,Gaming; AI; AR/VR,,,
BRAYTECH PTE LTD,2018,,Pre-seed,Others,,,no webpage found
FINDJOBS PTE. LTD.,2016,,Pre-seed,Infocomm Tech,,https://findjobs.com.sg/,based on internet checks
SMARTBITE SG HOLDING PTE. LTD.,2021,11 - 50,Pre-seed,E-Commerce; Food & Beverage,#ecanteen ,https://trysmartbite.com,
OPSIS PTE LTD,2017,1 - 10,Pre-seed,AI; Data Analysis,AI,https://opsis.sg/en/,
OCTOPUS8 PRIVATE LIMITED,2017,,Pre-seed,Infocomm Tech,,,
Cerebry PTE. LTD.,2016,,Pre-seed,Education; AI,,,
Next Billion.AI,2020,,Pre-seed,Infotech; Data Analysis,,https://nextbillion.ai,based on internet checks
SENTIENT.IO PTE. LTD.,2017,51 - 100,Series B,AI; Data Analysis,AI; Platform; programming; analytics,http://www.sentient.io,
Addin TECHNOLOGIES PTE. LTD.,2019,,Pre-seed,Lifestyle,,https://addinasia.com/,based on internet checks
Crown Digital IO,2018,,Pre-seed,Retail; AI; Robotics,,,
SPARKBEYOND PTE. LTD.,2017,11 - 50,Pre-seed,AI,,http://www.innokeys.com/,
Symbo Brokers Pte Ltd,2018,,Pre-seed,Others,,,
CRELY HEALTHCARE PTE. LIMITED,2018,,Pre-seed,Healthcare; SaaS,,,
ICUBE MOBILE PTE. LTD.,2016,,Pre-seed,Enterprise Solutions,,,
Janio Technologies,2018,,Pre-seed,E-Commerce; Supply Chain & Logistics,,https://www.janio.asia,based on internet checks
Cyfirma HOLDINGS PTE. LTD.,2019,,Pre-seed,Infotech; AI,,https://www.cyfirma.com/,based on internet checks
Blinkfreight PTE. LTD.,2018,,Pre-seed,Supply Chain & Logistics,,,
UNABIZ HOLDINGS PTE. LTD.,2016,,Pre-seed,Manufacturing & Engineering,,https://www.unabiz.com/,based on internet checks
SUSHMORRE PRIVATE LIMITED,2017,,Pre-seed,Others,,https://www.sushmorre.com/,based on internet checks
InfoCorp Technologies,2018,,Pre-seed,Agritech; Fintech; Blockchain,,,
HUBB IT PTE. LTD.,2018,,Pre-seed,Enterprise Solutions,,https://www.hubb-it.sg/,based on internet checks
SenzeHub Pte Ltd,2019,,Pre-seed,Medtech; Lifestyle,,https://www.senzehub.com/,based on internet checks
Mozox Pte Ltd,2018,,Pre-seed,Blockchain,,,
Panalyt Pte. Ltd.,2017,,Pre-seed,Enterprise Solutions; Data Analysis,,https://panalyt.com,based on internet checks
CargoAI Pte. Ltd.,2019,,Pre-seed,Transport; Supply Chain & Logistics,,https://www.cargoai.co/,based on internet checks
BlueMeg Technologies Pte. Ltd.,2019,,Pre-seed,Infotech,,https://bluemeg.com/,based on internet checks
Energy Lite Pte Ltd,2019,,Pre-seed,Urban Solutions,,,no webpage found
Carmine Therapeutics Pte Ltd,2019,,Pre-seed,Biotech,,,
Minterest Holdings Pte. Ltd.,2018,,Pre-seed,Infocomm Tech,,,no webpage found
Romoni Pte Ltd,2019,,Pre-seed,Fintech; Lifestyle,,,no webpage found
ARCLAB PTE LTD,2018,,Pre-seed,Education; SaaS,,https://arclab.io,based on internet checks
Hertzwell Pte Ltd,2017,11 - 50,Pre-seed,Semiconductor; Transport; Enterprise Solutions; Hardware; Robotics,Autonomous Vehicles; Electric Vehicles; Sensors; radars; deep learning,https://hertzwell.com,
Soyakaai Science and Technology Pte Ltd,2018,,Pre-seed,AI; Infocomm Tech,,https://soyakaai.com,based on internet checks
NACT Engineering Pte Ltd,2016,,Pre-seed,Hardware; Robotics,,https://www.nactengineering.com/,based on internet checks
Borneo,2018,,Pre-seed,Enterprise Solutions,,,
Ematic Solutions,2017,,Pre-seed,Enterprise Solutions,,https://www.ematicsolutions.com/,based on internet checks
Konigle Pte. Ltd.,2018,1 - 10,Seed,E-Commerce; AI,SaaS,https://konigle.com,
The Therapy Platform Pte Ltd,2019,,Pre-seed,Education; Lifestyle,,,
VERTISPRO PTE. LTD.,2018,,Pre-seed,Healthcare Services; Healthcare,,https://vertispro.com,based on internet checks
LUMIQ PTE. LTD.,2017,,Pre-seed,Others,,,
GROUNDUP.AI PTE. LTD.,2021,11 - 50,Seed,Data Analysis; Big Data,Big Data,https://groundup.ai/,
THE BALANCED PLANT PTE. LTD.,2021,1 - 10,Pre-seed,Digital Health; Data Analysis,Health Analytics; Data Analysis,https://balancedplant.co/,
QORENEXT PTE. LTD.,2020,1 - 10,Seed,Infotech; AI; SaaS; Big Data,SaaS; DaaS; MLRPA,http://www.QoreNext.com,
FEEVEO PTE. LTD.,2022,1 - 10,Pre-seed,Aerospace; Transport; Supply Chain & Logistics; Urban Solutions; Robotics,"automated guided vehicles, drive system, smart logistics, mobility, ",https://feeveo.com/,
DRIP.AI PTE. LTD.,2021,11 - 50,Pre-seed,Precision Engineering; Agritech; Cleantech; Manufacturing & Engineering; Others,Water Treatment; Controlled Environment Agriculture; Cleaning Technology; Green Building Technology,http://www.drip-ai.com,
DIVE ANALYTICS PTE. LTD.,2017,1 - 10,Pre-seed,Education; Enterprise Solutions; Data Analysis,Gamification; Learning Platform,https://www.diveanalytics.com,
FINDD SG,2020,1 - 10,Pre-seed,Adtech; Infotech; E-Commerce; Infocomm Tech,Advertising; E-Commerce; directory; marketplace; Digital Marketing; Application Development,https://findd.sg,
PULLULO PTE. LTD.,2022,1 - 10,Pre-seed,Food Science and Technology; Agritech; Biotech; Healthcare; Food Manufacturing & Processing,Alternative Protein; Recirculating Systems,http://www.pullulo.com.sg,
ITEMOS PTE. LTD.,2022,1 - 10,Pre-seed,Medtech,Medical devices; Telemedicine,https://www.itemos.com/,
KARMAV,2021,1 - 10,Pre-seed,AI; Enterprise Solutions; SaaS; Data Analysis,Human Resources,https://karmav.com/,
SODA PLUS PTE. LTD.,2020,1 - 10,Pre-seed,Media; Events; Lifestyle; Others,Web Development; Food Packaging; MICE; Social Media; Social Networking; Smart & Sustainable Packaging; 3D Rendering; Telemedicine,https://www.sodapluscreative.com,
INCLUSIVELY PTE. LTD.,2021,1 - 10,Pre-seed,Data Analysis,Human Resources; E-Learning; Data Analysis,http://inclusivebusinesspledge.asia,
Cutanything.co,2021,1 - 10,Pre-seed,Manufacturing & Engineering,Machinery & Systems,https://www.cutanything.co/,
MIDSTAY PTE. LTD.,2021,1 - 10,Series B,Infotech; Travel & Hospitality; SaaS,SaaS; Home & Living; Communication Systems; Social Networking,https://www.mymidstay.com/,
UPFRNT PTE. LTD.,2021,1 - 10,Pre-seed,Real Estate,Facilities Management,http://upfrnt.co,
GEEKLURN ASIA,2021,51 - 100,Pre-seed,Education; Infocomm Tech; Data Analysis; Cloud; Big Data,E-Learning; Big Data; Data Analysis; Learning Platform,https://propre.com,
1FXSOL PTE. LTD.,2021,1 - 10,Pre-seed,AI; Fintech; Blockchain; SaaS; Cloud,algorithmic trading ; forex trading; SaaS; Blockchain; Cloud; AI,https://purpose.asia/,
ZENSITE PTE. LTD.,2022,1 - 10,Pre-seed,Consumer Electronics; Fintech; Travel & Hospitality; Enterprise Solutions; Blockchain,Cryptocurrency; Payment Systems; Planning & Design; Web Development,https://zensite.co,
SMART TRADEHUB SOLUTIONS PTE. LTD.,2022,1 - 10,Pre-seed,E-Commerce; Supply Chain & Logistics; Data Analysis; Big Data,Forging Business Together,https://www.smarttradehubsolutions.com,
CTRL ROBOTICS PTE. LTD.,2022,1 - 10,Pre-seed,AI; Healthcare; SaaS; Robotics,Automation,https://www.ctrlrobotics.com,
FUTRE CONSULTING PTE. LTD.,2022,1 - 10,Pre-seed,Retail; E-Commerce; Enterprise Solutions; Others; Blockchain,account and taxation e commence shop; E-Commerce; Human Resources,http://www.futre.com.sg,
THE HONEST PANTRY PTE. LTD.,2020,1 - 10,Seed,Food Science and Technology; Food & Beverage; Food Manufacturing & Processing,Plant based; dairy alternatives; clean label; D2C; tech,https://findyourmohjo.com/,
SINGAPORE TRADE DATA EXCHANGE SERVICES PTE. LTD.,2021,,Pre-seed,,,http://sgtradex.com,
S2K2 HOLDINGS PTE. LTD.,2021,1 - 10,Pre-seed,Infotech; Enterprise Solutions; SaaS,SaaS; Web Development; Systems Development; Application Development; Devops; PaaS; Enterprise Applications; No-code; Platform,https://www.hisova.com/,
FRONTLINE INDUSTRIAL SOFTWARE PTE. LTD.,2021,1 - 10,Pre-seed,AI; Enterprise Solutions; Manufacturing & Engineering; SaaS; Big Data,Construction Technology; scheduling; planning,https://www.frontlinec.com/,
DS LEGENDS PTE. LTD.,2021,1 - 10,Pre-seed,Fintech; Others; Blockchain,NFT; metaverse; AR/VR,https://dslegends.org,
GRENTEC ECO PTE. LTD.,2022,,Pre-seed,,,http://www.innotad.com,
Nium,2022,,Pre-seed,Fintech,,https://www.nium.com,based on internet checks
Zipmex,2017,,Pre-seed,Fintech; Infocomm Tech; Blockchain,,https://www.zipmex.com,based on internet checks
ACHIP & ACHAIR GUILD VENTURES PTE. LTD.,2021,,Pre-seed,Gaming; Blockchain,,,no webpage found
DIGITAL SERVICES SG SIX PTE. LTD.,2019,,Pre-seed,Fintech; Infocomm Tech,,,
NPX POINT AVENUE PTE. LTD.,2018,,Pre-seed,Education; Infocomm Tech,,,
PSTAKE TECHNOLOGIES PTE. LTD.,2021,,Pre-seed,Fintech; Blockchain,,,
ALTO SOFTWARE PTE. LTD.,2018,,Pre-seed,Gaming,,,
AFFYN PTE. LTD.,2021,,Pre-seed,Gaming; Blockchain,,,
NEKTAR.AI PTE. LTD.,2019,,Pre-seed,Infotech; AI; SaaS,,https://nektar.ai,based on internet checks
XEN CAPITAL ASIA PTE. LTD.,2017,,Pre-seed,Fintech,,,
THE ASSEMBLY PLACE PTE. LTD.,2019,,Pre-seed,Real Estate; Lifestyle,,https://www.theassemblyplace.com/,based on internet checks
DIVIGAS PTE. LTD.,2019,11 - 50,Pre-seed,Precision Engineering; Cleantech; Manufacturing & Engineering; Hardware,Renewable Energy; Cleaning Technology; Pollution Control; Emission Control,https://www.divigas.com/,
BERYLLIUM VENTURES PTE. LTD.,2018,,Pre-seed,Fintech; Blockchain,,,
BIG TINY PTE. LTD.,2017,,Pre-seed,Travel & Hospitality; Real Estate,,https://www.bigtiny.com.sg/,based on internet checks
FST NETWORK PTE. LTD.,2018,,Pre-seed,Infotech; Data Analysis,,https://www.fst.network,based on internet checks
DC ALLIANCE PTE. LTD.,2020,,Pre-seed,SaaS; Cloud,,https://dcalliance.com.au/,based on internet checks
EASIERTRADES PTE. LTD.,2021,,Pre-seed,Infotech; Fintech; Cloud,,,no webpage found
A!maginostic PTE. LTD.,2017,,Pre-seed,Healthcare,,,
HISHAB SINGAPORE PRIVATE LIMITED,2017,,Pre-seed,Telecom; AI,,,
TECHSEMBLY PTE. LTD.,2019,,Pre-seed,Retail; Infotech; E-Commerce; Enterprise Solutions,,,no webpage found
CURATED CULTURE PTE. LTD.,2022,1 - 10,Pre-seed,Food Science and Technology; Food & Beverage; Food Manufacturing & Processing,beverage manufacturing; food tech,https://curatedculture.sg/,
HAZODAINO PTE. LTD.,2022,1 - 10,Pre-seed,Gaming; Consumer Electronics; Enterprise Solutions; AR/VR,Creating Hardware gaming pheripheral for VR immersion,https://www.hazodaino.com/,
TRUSTYTECH PTE. LTD.,2018,1 - 10,Pre-seed,Retail; E-Commerce; Supply Chain & Logistics; SaaS; Cloud,SaaS; Cloud; E-Commerce,https://www.easybizcloud.com/,
Oddysee,2022,1 - 10,Pre-seed,Travel & Hospitality,travel & hospitality ; Travel tech,https://www.oddysee.co,
STOZY,2021,1 - 10,Pre-seed,E-Commerce; Real Estate; Supply Chain & Logistics; Urban Solutions; Lifestyle,Seed; Data Analysis; E-Commerce; Home & Living,http://www.gostozy.com,
NODESPAY TEKH PTE. LTD.,2022,1 - 10,Pre-seed,Fintech; Blockchain; Cloud,"Blockchain, smart contract",https://nodespay.com,
BIZSU PTE. LTD.,2019,,Pre-seed,,,https://www.bizsu.co,based on internet checks
META MICROWORLD PTE. LTD.,2022,51 - 100,Pre-seed,Infotech; AI; AR/VR,SaaS; Web Development; Systems Development; Cyber Security; Content Hosting; Communication Systems; Application Development,http://www.wsj13.com/en,
PINVEST PTE. LTD.,2021,11 - 50,Pre-seed,E-Commerce; Fintech; Lifestyle,Investing; Social Media; Personal Finance,https://pints.app,
SPROUT CORPORATE SERVICES PTE. LTD.,2019,11 - 50,Pre-seed,E-Commerce; Fintech; Enterprise Solutions; SaaS,Anti-Money Laundering; Insurtech; Customer Relationship Management; Payment Systems; Human Resources; Trading,http://www.sproutasia.com,
HE&T SECURITY LABS PTE. LTD.,2022,1 - 10,Pre-seed,Industrial Electronics; Infocomm Tech; IoT; Hardware,Cyber Security,https://www.heatsecuritylabs.com,
HUMBLE CODE PTE. LTD.,2021,,Pre-seed,,,https://www.gethumblecode.com,
GAUSSIAN ROBOTICS PTE. LTD.,2017,,Pre-seed,AI; Robotics,,,
SHOPMATEY PTE. LTD.,2022,1 - 10,Pre-seed,Infocomm Tech,E-Commerce; SaaS,https://shopmatey.com,
SEAMOBI TECH PTE. LTD.,2019,1 - 10,Pre-seed,AI; Infocomm Tech,Application Development,http://www.seamobitech.com/,
AIRES A.T PRIVATE LIMITED,2021,1 - 10,Pre-seed,Infotech; AI; Enterprise Solutions; IoT; Cloud,Cyber Security; encryption; Messaging; bluetooth,https://airesatech.com/,
LYFNGO PTE. LTD.,2022,1 - 10,Pre-seed,SaaS,#saas #healthandwellness,https://lyfngo.com,
OSBIOME PTE. LTD.,2021,1 - 10,Seed,Digital Health; Healthcare,Microbiology; Digitised Health Systems; Health Supplements,https://osbiome.com/,
PEPTOBIOTICS PTE. LTD.,2020,11 - 50,Pre-seed,Agritech; Biotech,Smart Farming; Precision Agriculture; Livestock; Functional Feed Additive; Disease Management; Controlled Environment Agriculture,https://peptobiotics.com/,
CANNIOASIS PTE. LTD.,2021,1 - 10,Pre-seed,Biotech,Biotherapies ,https://www.cannioasis.com/,
Starbase,2016,,Pre-seed,,,https://starbase.co/,
Everex,2016,,Pre-seed,,,https://everex.io/,
HEYHI PTE. LTD.,2021,11 - 50,Pre-seed,Education; AI; SaaS,"EduTech, EdTech, education, personalisedlearning, adapativelearning, assessment, onlinelearning, blendedlearning, digitallearning, teaching",https://www.heyhi.sg/,
OMC INFO TECHNOLOGY PTE. LTD.,2022,1 - 10,Pre-seed,Fintech; Enterprise Solutions; Infocomm Tech,Systems Development,http://omcube.sg/,
RISIKOTEK PTE. LTD.,2018,,Pre-seed,,,,
SPACE (MEDTECH) PTE. LTD.,2019,1 - 10,Pre-seed,Medtech,Medical devices,https://spacemedtech.com/,
REFLAUNT PTE. LTD.,2018,,Pre-seed,,,https://reflaunt.com/,based on internet checks
LATHEACOND TECHNOLOGIES PTE. LTD.,2017,,Pre-seed,,,https://www.latheacondtechnologies.com/,based on internet checks
CONEX HEALTHCARE PTE. LTD.,2019,,Pre-seed,,,https://presage.health,based on internet checks
GAITMETRICS PTE. LTD.,2021,1 - 10,Pre-seed,AI; Healthcare; IoT,Health Analytics,https://gaitmetrics.com/,
SALTMINE PTE. LTD.,2017,,Pre-seed,,,https://www.saltmine.com/,based on internet checks
LIAN FONG CAPITAL PTE. LTD.,2019,,Pre-seed,,,,
KLEENSOIL ENVIRONMENTAL TECHNOLOGIES PTE. LTD.,2019,,Pre-seed,,,https://www.kleensoil.com/,based on internet checks
ISENSE-ASV PTE. LTD.,2021,,Pre-seed,,,https://isense-asv.com/,based on internet checks
MOJODOMO SINGAPORE PTE. LTD.,2019,,Pre-seed,,,https://www.on-us.com/,based on internet checks
ROPLUS PTE. LTD.,2021,1 - 10,Pre-seed,AI; Manufacturing & Engineering; Robotics,Robotics,https://www.roplus.sg/,
NH MEDICAL DEVICES PTE. LTD.,2016,,Pre-seed,,,,no webpage found
SINGA ROBOTICS PTE. LTD.,2018,,Pre-seed,,,,
CATHAYPLAY INTERNATIONAL PTE. LTD.,2018,,Pre-seed,,,,
BACSENSE TECHNOLOGY PTE. LTD.,2019,,Pre-seed,,,,
AVATAMED PTE. LTD.,2019,,Pre-seed,,,https://avatamed.com,based on internet checks
HUXTER PTE. LTD.,2019,,Pre-seed,,,https://huxter.sg,based on internet checks
SIDESTROEM WATER TECHNOLOGIES PTE. LTD.,2021,,Pre-seed,,,https://sidestroem.com/,based on internet checks
BENJAMIN & JOSEPH PTE. LTD.,2019,,Pre-seed,,,,
OCEAN PURPOSE PROJECT PTE. LTD.,2020,,Pre-seed,,,,
HIMS MANAGEMENT & IT CONSULTANTS PRIVATE LIMITED,2018,,Pre-seed,,,,
STORYBRAIN PTE. LTD.,2019,,Pre-seed,,,https://storybrain.com,based on internet checks
RULE72 PTE. LTD.,2020,,Pre-seed,,,https://rule72.com,based on internet checks
ENVOLVE COLLECTIVE PTE. LTD.,2017,,Pre-seed,,,https://www.envolvecollective.com/,based on internet checks
IAPP SG TECHNOLOGY PTE. LTD.,2018,,Pre-seed,,,,
CREDIFY PTE. LTD.,2019,,Pre-seed,,,https://credify.one/,based on internet checks
KYBERLIFE PTE. LTD.,2020,,Pre-seed,,,https://www.kyberlifecorporate.com/,based on internet checks
AVIRTECH SOLUTIONS PTE. LTD.,2017,,Pre-seed,,,,
FINUTE PTE. LTD.,2020,1 - 10,Pre-seed,Education; Gaming; Entertainment; AR/VR,Gamification; metaverse,https://finute.co,
NTG HOLDINGS PTE. LTD.,2017,,Pre-seed,,,,
ASTRID AESTHETICS PTE. LTD.,2019,,Pre-seed,,,,
SMARTCRETE SOLUTIONS PTE. LTD.,2017,,Pre-seed,,,,no webpage found
SCHELLDEN SOLUTIONS PTE. LTD.,2022,1 - 10,Pre-seed,,,http://www.schellden.com,
BLIXIFY PTE. LTD.,2022,1 - 10,Pre-seed,AI; Enterprise Solutions; Supply Chain & Logistics; IoT; SaaS,SaaS; Software development; No-code Platform ; Work-flow Engine; Data Analysis; mobile app; Web-app,https://blixify.co/,
GEO LAH PTE. LTD.,2022,1 - 10,Pre-seed,Transport; AI; Supply Chain & Logistics,#ridehailing #carpool #privatechaffeur #parceldelivey #geolah #zerocommission,https://geolah.com/,
MORPH BRAND PTE. LTD.,2022,1 - 10,Pre-seed,,,http://www.morphbrand.co,
IYLA COLLECTIVE PTE. LTD.,2022,1 - 10,Pre-seed,Retail,"beauty, retail, ecommerce, organic",https://www.iylacollective.com,
KIU HAIR GALLERY PTE. LTD.,2021,11 - 50,Pre-seed,Retail; Lifestyle,Social Networking,https://www.kiuhairgallery.com,
QOALA TECHNOLOGY PTE. LTD.,2018,,Pre-seed,,,https://qoala.com/,based on internet checks
STAMFORD PANASIA SHIPPING PTE. LTD.,2016,,Pre-seed,,,,no webpage found
FINAXAR HOLDINGS PTE. LTD.,2018,,Pre-seed,,,https://www.finaxar.com/,based on internet checks
VITRUVIANMD PTE. LTD.,2018,,Pre-seed,,,,
PLANO PTE. LTD.,2017,,Pre-seed,,,https://plano.co/,based on internet checks
ENLIPSIUM PTE. LTD.,2020,,Pre-seed,,,,
NUCON LABS PTE. LTD.,2019,,Pre-seed,,,,no webpage found
AMILI PTE. LTD.,2019,,Pre-seed,,,,
MEISTERFORM PTE. LTD.,2017,,Pre-seed,,,https://www.meisterformsg.com/,based on internet checks
SG ENVIRO PTE. LTD.,2018,,Pre-seed,,,https://sg-enviro.com,based on internet checks
SIMPPLE PTE. LTD.,2020,,Pre-seed,,,,
SUSTAINABLE AVAILABLE INNOVATIVE PTE. LTD.,2021,11 - 50,Pre-seed,Cleantech; Others; Blockchain,Sustainable Computing; Available Power; Innovative Heating; Bitcoin Mining; Cleaning Technology,http://sai.tech,
ENCOMPASS CORPORATION SINGAPORE PTE. LIMITED,2020,101 - 200,Pre-seed,Fintech; Enterprise Solutions,Regtech; KYC; AML; FinTech,https://www.encompasscorporation.com/,
MOORIO PTE. LTD.,2022,1 - 10,Pre-seed,Maritime; E-Commerce; Enterprise Solutions; Supply Chain & Logistics,SaaS; E-Commerce; Data Analysis; Systems Development; Web Development; Cloud; Big Data,https://www.moorio.com,
WEINNOVATE PTE. LTD.,2020,11 - 50,Pre-seed,Aerospace; Precision Engineering; Pharmaceutical; Healthcare; Robotics,Innovate; Weinnovate; We; Automation; Machine Builder; Machine,https://weinnovate.com.sg/,
MEIGHT PTE. LIMITED,2022,1 - 10,Pre-seed,AI; Fintech; SaaS; Cloud; Big Data,Cloud; SaaS; Web Development; Application Development; Big Data; Data Analysis; Robotics; Life Science Tools; Cyber Security; Risk Management,https://www.meight.it/,
GUUB PTE. LTD.,2022,1 - 10,Pre-seed,E-Commerce; Supply Chain & Logistics; Enterprise Solutions; Lifestyle; SaaS,E-Commerce; Digital Marketing; Fashion; fundraising; Merchandise,https://guub.day,
AMAN TECHNOLOGIES PTE. LTD.,2021,1 - 10,Pre-seed,Enterprise Solutions; Healthcare,One-stop employee benefit solutions,https://liveaman.com,
DEVHAUS PTE. LTD.,2020,11 - 50,Pre-seed,E-Commerce; Fintech; Enterprise Solutions; Infocomm Tech; Data Analysis,Digital Marketing; Systems Development; Web Development; Data Analysis; Consumer & Marketing Analytics; Digital Transformation; growth strategy,https://www.devhaus.com.sg,
VENTUREBLICK SINGAPORE PTE. LTD.,2022,,Pre-seed,,,https://www.ventureblick.com,based on internet checks
TERRAFORMERS PTE. LTD.,2022,1 - 10,Pre-seed,Travel & Hospitality,,https://terraformers.world,
WIZLY CORP PTE. LTD.,2021,,Pre-seed,,,,
THRIVING WEEDS PTE. LTD.,2021,1 - 10,Pre-seed,Retail; Food & Beverage; Urban Solutions; Cleantech; Food Manufacturing & Processing,thrivingweeds; Sustainability; Waste ; Waste Management; Waste Technology; sustainability consulting; Decarbonisation,https://www.thrivingweeds.com,
CYBERISM PRIVATE LIMITED,2023,1 - 10,Pre-seed,Infocomm Tech; Urban Solutions; IoT; Data Analysis,,https://cyberism-sg.com/,
GLOBALCERT PTE. LTD.,2020,1 - 10,Pre-seed,Education; Events; Others; Blockchain; SaaS,E-Learning; Digitised Health Systems; Web Development; Big Data; Systems Development; Data Analysis,http://globalcert.cloud/,
PLAY IT FWD PTE. LTD.,2021,,Pre-seed,,,https://playitfwd.io/,based on internet checks
I4DEAS PTE. LTD.,2019,1 - 10,Pre-seed,Food Science and Technology; AI; IoT; Data Analysis; Cloud,Milk Powder Analyzer; Patented; Big Data; Cloud; bluetooth; Mobile App-Enabled; Compact and Portable; Chemical-Free; food safety,https://www.i4deas.sg,
REN STUDIO PTE. LTD.,2022,1 - 10,Pre-seed,Supply Chain & Logistics; Urban Solutions; Blockchain; SaaS,Web Development; web3; Artificial intelligence; Sustainability,https://renstudio.io,
BLUESHELL PTE. LTD.,2022,1 - 10,Pre-seed,,,https://blueshell.io,
PLUVIA PTE. LTD.,2020,,Pre-seed,AI; Big Data,,,
LOGCHAIN (SG) PTE. LIMITED,2019,,Pre-seed,Supply Chain & Logistics; Blockchain; SaaS,,https://thelogchain.com/,based on internet checks
WOWS GLOBAL PRIVATE LIMITED,2021,1 - 10,Pre-seed,Fintech,Investing,https://www.wowsglobal.com,
FILMPLACE (SINGAPORE) PTE. LTD.,2021,,Pre-seed,Media; Real Estate,,https://filmplace.co,based on internet checks
FISHEROO PTE. LTD.,2021,1 - 10,Pre-seed,Biotech,cultivated seafood; cell line development; fish cell line,https://www.fisheroo.co,
GET GLOBAL HOLDINGS PTE. LTD.,2018,,Pre-seed,Education; Lifestyle,,,no webpage found
DIGITAL GAMES INTERNATIONAL PTE. LTD.,2019,,Pre-seed,Gaming,,,no webpage found
IMMEDIA CONTENT PTE. LTD.,2018,,Pre-seed,Media; AI; Data Analysis,,https://immediacontent.com/,based on internet checks
TAXA FOUNDATION PTE. LTD.,2018,,Pre-seed,Blockchain,,,no webpage found
BC INNOVATION PTE. LTD.,2021,,Pre-seed,Blockchain,,,no webpage found
Cerecin Pte. Ltd.,2018,,Pre-seed,Biotech; Healthcare Services,,https://www.cerecin.com,based on internet checks
FRAGCOLOR PTE. LTD.,2021,,Pre-seed,Gaming; Blockchain,,https://fragcolor.com/,based on internet checks
Cobo,2020,,Pre-seed,Fintech; Blockchain,,https://www.cobo.com/,based on internet checks
imToken,2018,,Pre-seed,Infotech; Blockchain,,,
DATAXET PTE. LTD.,2019,,Pre-seed,AI; SaaS; Big Data,,,
RAINFOREST LIFE PTE. LTD.,2020,,Pre-seed,E-Commerce,,,no webpage found
LOGISTECH SOLUTIONS PTE. LTD.,2020,,Pre-seed,E-Commerce; Supply Chain & Logistics,,https://golocad.com/,
ALEXGO PTE. LTD.,2021,,Pre-seed,Infotech; Blockchain,,,
HIREQUOTIENT TECHNOLOGIES PTE. LTD.,2021,,Pre-seed,Infotech; Others,,,
AKRONYM PTE. LTD.,2018,,Pre-seed,Food & Beverage; E-Commerce; IoT,,https://www.drinkmorning.com/,based on internet checks
DATAFORCE PTE. LTD.,2017,,Pre-seed,Infotech; AI,,,
HIAM ORIGINS PTE. LTD.,2022,1 - 10,Pre-seed,Food & Beverage; Food Manufacturing & Processing,#sauces #supportlocal,http://www.hiamorigins.com.sg,
LBRLABEL PTE. LTD.,2018,1 - 10,Pre-seed,Media; E-Commerce,#fashion #startup #ecommerce,http://www.lbrlabel.com,
SPORE GARDENS PTE. LTD.,2022,1 - 10,Pre-seed,Food Science and Technology; Agritech; Food & Beverage; Urban Solutions,Precision Agriculture; Organic Farming; Smart Farming; Controlled Environment Agriculture,https://www.sporegardens.com,
ROSHI PTE. LTD.,2022,1 - 10,Pre-seed,Fintech,Personal Finance; personal,https://www.roshi.sg/,
SIENA HEALTH PTE. LTD.,2022,1 - 10,Pre-seed,Digital Health; E-Commerce,Telemedicine; Mobile Health; Health Analytics,https://www.sienahealth.com/,
APOGEE TECHNOLOGIES PTE. LTD.,2020,1 - 10,Pre-seed,E-Commerce; Fintech; Enterprise Solutions,Customer Relationship Management; E-Commerce,http://apogeetech.io/,
Zark Lab,2022,11 - 50,Pre-seed,AI; Blockchain,Cryptocurrency,https://zarklab.ai/,
AEGIS PACKAGING PTE. LTD.,2018,1 - 10,Pre-seed,Manufacturing & Engineering; Food Manufacturing & Processing; Nanotechnology,Smart & Sustainable Packaging; Recycling; Food Packaging; Surface Coating,https://www.aegispackaging.com/,
COYA PTE. LTD.,2021,1 - 10,Pre-seed,Media; E-Commerce; Fintech; Lifestyle; AR/VR,E-Commerce; Social Media; Investing; Crowdfunding; Social Networking; Consumer & Marketing Analytics,https://www.therightjewel.com,
XRATOR PTE. LTD.,2021,11 - 50,Pre-seed,AI; Others; SaaS,Risk Management; Cyber Security; SaaS; Natural Language Processing,https://www.x-rator.com/en/,
GAIT GLOBAL,2022,11 - 50,Pre-seed,Agritech; AI; Cleantech; Others; Blockchain,green technology; MRV; Carbon Projects; Carbon Credits; Climate Technology; AI/ML; Big Data; Carbon Development; Climate Change; Nature based solutions,https://www.gaitglobal.com,
RAPICO PTE. LTD.,2021,1 - 10,Pre-seed,Supply Chain & Logistics,delivery; freelance; marketplace,https://pickagoo.com/,
MASHCRATE PTE. LTD.,2021,,Pre-seed,Others,,,no webpage found
PRECISION LIFE PTE. LTD.,2022,1 - 10,Pre-seed,Infotech; Healthcare Services; Healthcare; Manufacturing & Engineering; IoT,Health Analytics; Mobile Health; Data Analysis,https://precisionlife.sg/,
BIOMEDX GROUP PTE. LTD.,2023,1 - 10,Pre-seed,Medtech; Biotech; Digital Health; Pharmaceutical,Bioinformatics; Medical Imaging; Medical devices; Data Analysis,https://biomedxgroup.com,
TRANSITRY PTE. LTD.,2022,1 - 10,Pre-seed,Agritech; AI; Enterprise Solutions; Blockchain,Transitry; Sustainability; Carbon; Climate Tech; Digital MRV; green finance; Green Insurance; sdg,https://www.transitry.com/,
THEMOONBEAM.CO PTE. LTD.,2023,1 - 10,Pre-seed,Food Science and Technology; Food & Beverage; Food Manufacturing & Processing,Sustainability; FoodTech; Waste Management; food security,https://themooonbeam.co,
APANCE PTE. LTD.,2019,1 - 10,Pre-seed,SaaS; Cloud,Cloud; Systems Development; SaaS,https://apance.com,
NASTALAB PTE. LTD.,2016,,Pre-seed,,,https://nastalab.com,based on internet checks
DYSPATCHR PTE. LTD.,2017,,Pre-seed,,,https://www.dyspatchr.com,based on internet checks
FICUS ASIA INVESTMENT PTE. LTD.,2017,,Pre-seed,,,,
REBATEMANGO PTE. LTD.,2017,,Pre-seed,,,https://rebatemango.sg,based on internet checks
LEGALCOMET PTE. LTD.,2017,,Pre-seed,,,,no webpage found
LIRON LIB POWER PTE. LTD.,2017,,Pre-seed,,,https://liron-lib.com/,based on internet checks
LETSCORP HOLDINGS PTE. LTD.,2017,,Pre-seed,,,,
BUS UNCLE COMPANY (PTE. LTD.),2017,,Pre-seed,,,,no webpage found
BIOMARK PTE. LTD.,2017,,Pre-seed,,,,no webpage found
MEKONG CLASSIFIEDS PTE. LTD.,2017,,Pre-seed,,,https://www.sgbuysell.com/,
SMARTPEEP PTE. LTD.,2017,,Pre-seed,,,https://www.smartpeep.ai,based on internet checks
ACLOUDERY PTE. LTD.,2017,,Pre-seed,,,,no webpage found
PETBACKER PTE. LTD.,2017,,Pre-seed,,,https://www.petbacker.com/,based on internet checks
ENVISION DIGITAL INTERNATIONAL PTE. LTD.,2017,,Pre-seed,,,,
AVECRIS PTE. LTD.,2017,,Pre-seed,,,,no webpage found
SOVOU TECHNOLOGIES PTE. LTD.,2017,,Pre-seed,,,https://www.sovou.com/,based on internet checks
UPPSALA PTE. LTD.,2018,,Pre-seed,,,https://uppsalasecurity.com/,based on internet checks
QUILT AI PTE. LTD.,2018,,Pre-seed,,,https://www.quilt.ai/,based on internet checks
VIRTUOS HOLDINGS PTE. LTD.,2018,,Pre-seed,,,https://www.virtuosgames.com/,based on internet checks
POPULSTAY PTE. LTD.,2018,,Pre-seed,,,,
MERCURICS PTE. LTD.,2018,,Pre-seed,,,,
ADDUP SOLUTIONS PTE. LTD.,2018,,Pre-seed,,,https://addupsolutions.com,based on internet checks
ANTLER INNOVATION PTE. LTD.,2018,,Pre-seed,,,,
BITFIA LABS PTE. LTD.,2018,,Pre-seed,,,https://www.bitfia.io/,based on internet checks
QUIKBOT TECHNOLOGIES PTE. LTD.,2018,11 - 50,Pre-seed,AI; Supply Chain & Logistics; IoT; Cloud; Robotics,Robotics; autonomousdelivery; autonomouslogistics; PaaS; smartcity; lastmiledelivery; lastmilelogistics; AI,https://www.quikbot.ai,
MOGUL PTE. LTD.,2018,,Pre-seed,,,https://www.mogul.sg,based on internet checks
KONGSI REALTY PTE. LTD.,2018,,Pre-seed,,,,
POLLEN TECH PTE. LTD.,2018,,Pre-seed,,,,
BUFFALO TECHNOLOGY PTE. LTD.,2018,,Pre-seed,,,,no webpage found
AVATEC.AI (S) PTE. LTD.,2018,,Pre-seed,,,https://www.avatec.ai,based on internet checks
WATERPLY PTE. LTD.,2018,,Pre-seed,,,,
FEED 9 BILLION PTE. LTD.,2022,,Pre-seed,,,https://feed9b.asia/,based on internet checks
IFLOWTECH PTE. LTD.,2023,1 - 10,Pre-seed,Agritech; Gaming; Digital Health; Entertainment; Cleantech,,https://www.maxflowtech.co/,
YUME WORLD PTE. LTD.,2023,1 - 10,Pre-seed,Entertainment; Lifestyle,Virtual Reality; amusement arcade; Entertainment; leisure ; Life style,https://www.yumeworld.co.uk,
EIGENSENSOR PTE. LTD.,2023,1 - 10,Pre-seed,Digital Health; Infocomm Tech; Healthcare; IoT; Hardware,Mobile Health; Digitised Health Systems; Health Analytics; Medical devices; Diagnostics; Data Analysis,https://www.eigensensor.com,
INEXTLABS PTE. LTD.,2020,11 - 50,Seed,AI; Enterprise Solutions; Cloud,Artificial intelligence; Conversational-AI; Generative-AI; chatbots; voice bots,https://inextlabs.ai,
FINN APP PTE. LTD.,2022,11 - 50,Pre-seed,Fintech,,https://finn-app.com/,
ARROWBIOME PTE. LTD.,2022,1 - 10,Pre-seed,Biotech; Complementary Health Products; Pharmaceutical; Lifestyle,Microbiology; biotech; skin microbiome; gut microbiome; microbiome ; Bacteria; selective targeting; microbiome rebalancing,https://www.arrowbiome.com,
Coa&Co,2023,1 - 10,Pre-seed,Food & Beverage,Food; Health Supplements; Alternative Protein,http://www.eatcoa.com,
ALETA PLANET HOLDING PTE. LTD.,2019,,Pre-seed,,,https://aletaplanet.com/,based on internet checks
ALBATROZ THERAPEUTICS PTE. LTD.,2020,,Pre-seed,,,,
AIRSOIL AGRITECH PTE. LTD.,2021,,Pre-seed,,,,
ARMADA-GROUP PTE. LTD.,2020,,Pre-seed,,,,no webpage found
AUTHTRAIL PTE. LTD.,2021,,Pre-seed,,,https://authtrail.com/,based on internet checks
AUTOMATA SOFTWARE PTE. LTD.,2022,,Pre-seed,,,,no webpage found
BIOSYNGEN (SG) PTE. LTD.,2018,,Pre-seed,,,https://www.biosyngen.com/,based on internet checks
BRIGHTCHAMPS EDTECH PTE. LTD.,2021,,Pre-seed,,,https://brightchamps.com/en-us/about,based on internet checks
BLOCKPOUR PTE. LTD.,2022,,Pre-seed,,,https://www.blockpour.com/,based on internet checks
BOOST CAPITAL PTE. LTD.,2018,,Pre-seed,,,,
CASA MIA HOLDINGS PTE. LTD.,2022,,Pre-seed,,,https://www.casamia.co/,based on internet checks
CPOWER TECHNOLOGY PTE. LTD.,2020,,Pre-seed,,,,
DIGITAL SERVICES SG FOUR PTE. LTD.,2019,,Pre-seed,,,,no webpage found
DIGITAL COLLECTIBLES PTE. LTD.,2021,,Pre-seed,,,https://rario.com,based on internet checks
DOCSUMO PTE. LTD.,2020,,Pre-seed,,,https://www.docsumo.com/,based on internet checks
EUGENIX PTE. LTD.,2021,,Pre-seed,,,,
HANSING TECHNOLOGY PTE. LTD.,2022,,Pre-seed,,,,
HABBY PTE. LTD.,2018,,Pre-seed,,,,
IDEAGEN3D PTE. LTD.,2021,,Pre-seed,,,,no webpage found
IMOTORBIKE PTE. LTD.,2020,,Pre-seed,,,,
JOBHOP PTE. LTD.,2017,,Pre-seed,,,,
KNIGHT FINTECH PTE. LTD.,2019,,Pre-seed,,,https://www.knightfintech.com/,based on internet checks
KRISTAL.AI HOLDINGS PTE. LTD.,2017,,Pre-seed,,,,
KULA TECHNOLOGIES PTE. LTD.,2021,,Pre-seed,,,,
MADEVIRAL PTE. LTD.,2016,,Pre-seed,,,https://www.madeviral.co/,based on internet checks
METASSET PTE. LTD.,2022,,Pre-seed,,,https://www.metale.world,based on internet checks
NATURAL TRACE PTE. LTD.,2021,,Pre-seed,,,,
NEPTRIX PTE. LTD.,2017,,Pre-seed,,,,
OPTTY PTE. LTD.,2020,,Pre-seed,,,https://www.optty.com/,based on internet checks
ORDINARY FOLK PTE. LTD.,2021,,Pre-seed,,,,
QARBON TECHNOLOGIES PTE. LTD.,2022,,Pre-seed,,,https://qarbontech.io,based on internet checks
ROVIRI INTERNATIONAL PTE. LTD.,2019,,Pre-seed,,,,no webpage found
SHERPA TECHNOLOGY PTE. LTD.,2019,,Pre-seed,,,,
SILOXIT PTE. LTD.,2021,,Pre-seed,,,,
SIGNALPLUS SG PTE. LTD.,2022,,Pre-seed,,,https://www.signalplus.com,based on internet checks
SILVERPUSH PTE. LTD.,2017,,Pre-seed,,,,
SJ MOBILE LABS PTE. LTD.,2021,,Pre-seed,,,https://www.habitto.com/,based on internet checks
SOLV PTE. LTD.,2021,,Pre-seed,,,,
SUPERHEDGE PTE. LTD.,2022,,Pre-seed,,,https://superhedge.com/,based on internet checks
TOMOCHAIN LAB PTE. LTD.,2017,,Pre-seed,,,https://tomochain.com,based on internet checks
TRUE PLATFORM PTE. LTD.,2021,,Pre-seed,,,,no webpage found
VERIFYVASP PTE. LTD.,2019,,Pre-seed,,,https://www.verifyvasp.com/,based on internet checks
VOLTA AMC PTE. LTD.,2020,,Pre-seed,,,,no webpage found
VESL PTE. LTD.,2017,,Pre-seed,,,,
VITREOGEL INNOVATIONS PTE. LTD.,2019,,Pre-seed,,,,no webpage found
XDC TRADE NETWORK PTE. LTD.,2022,,Pre-seed,,,,
YOMI GAMES PTE. LTD.,2021,,Pre-seed,,,https://yomigames.gg,based on internet checks
XNARA BIOLOGICS PTE. LTD.,2021,,Pre-seed,,,https://www.xnara.com/,based on internet checks
YATECDX PTE. LTD.,2022,,Pre-seed,,,,no webpage found
SLICE COMMERCE NETWORK PTE. LTD.,2021,,Pre-seed,,,https://www.openfabric.co,based on internet checks
SOBIE AVIATION PTE. LTD.,2019,,Pre-seed,,,,
TRADELYTICS PTE. LTD.,2019,,Pre-seed,,,https://www.tradelytics.sg/,based on internet checks
DEEPLINQ A.I PTE. LTD.,2021,,Pre-seed,,,,
AMPVERSE HOLDINGS PTE. LTD.,2021,,Pre-seed,,,https://ampverse.com/,based on internet checks
THRIVE HR EXCHANGE PTE. LTD.,2021,,Pre-seed,,,https://www.thrivehrexchange.com/,based on internet checks
99 COINS INTERNATIONAL PTE. LTD.,2018,,Pre-seed,,,,no webpage found
10 DEGREE SOLAR PTE. LTD.,2020,,Pre-seed,,,,
PACKETGREENS LIFESTYLE PTE. LTD.,2020,,Pre-seed,,,,
STOREREPLY PTE. LTD.,2018,,Pre-seed,,,https://www.storereply.com/,based on internet checks
NOVUM GLOBAL VENTURES PTE. LTD.,2018,,Pre-seed,,,https://www.novum.global/,based on internet checks
EXACT A.I. PTE. LTD.,2018,,Pre-seed,,,,
APRISMATIC PTE. LTD.,2019,,Pre-seed,,,,
ALCHEMO PTE. LTD.,2019,,Pre-seed,,,,
GANK PTE. LTD.,2020,,Pre-seed,,,,
SCX DIGITAL PTE. LTD.,2020,,Pre-seed,,,,
CYBERAAS PTE. LTD.,2020,,Pre-seed,,,https://cyberaas.io/,based on internet checks
MINESEC PTE. LTD.,2020,,Pre-seed,,,https://minesecsoftpos.com/,based on internet checks
VIGIL TECHNOLOGIES PTE. LTD.,2020,,Pre-seed,,,,
MOMENTUS RESEARCH PTE. LTD.,2020,,Pre-seed,,,https://momentusresearch.com/,based on internet checks
MTR LABS PTE. LTD.,2020,,Pre-seed,,,,
SHIN.TSUGI PTE. LTD.,2021,,Pre-seed,,,https://www.shintsugi.com/,based on internet checks
LC ADROIT VANTAGE PTE. LTD.,2021,,Pre-seed,,,https://www.adroit-vantage.com,based on internet checks
ADRA GLOBAL PTE. LTD.,2021,,Pre-seed,,,,
KLIKIT PTE. LTD.,2021,,Pre-seed,,,,
OMNIFLOW PTE. LTD.,2022,,Pre-seed,,,,
THESCALEGROUP PTE. LTD.,2019,,Pre-seed,,,,
ALTONOMY HOLDINGS PTE. LTD.,2018,,Pre-seed,,,,
LENDING BEE PTE. LTD.,2018,,Pre-seed,,,https://www.lendingbee.com.sg/,based on internet checks
GMR ENERGY BESS HOLDINGS PTE. LTD.,2018,,Pre-seed,,,,
EPOWERX PTE. LTD.,2019,,Pre-seed,,,,no webpage found
LHN MOBILITY PTE. LTD.,2020,,Pre-seed,,,,
ORDINARY FOLK GROUP PTE. LTD.,2021,,Pre-seed,,,https://www.ordinaryfolk.health,based on internet checks
XIMPLE HOLDINGS PTE. LTD.,2021,,Pre-seed,,,https://www.ximple.me,based on internet checks
PACE ENTERPRISE HOLDINGS PTE. LTD.,2021,,Pre-seed,,,,no webpage found
SAOLA PTE. LTD.,2019,,Pre-seed,,,,no webpage found
IGAKU PTE. LTD.,2018,,Pre-seed,,,https://igaku.co/,based on internet checks
NOAH HEALTH PTE. LTD.,2020,,Pre-seed,,,https://www.ofnoah.sg/,based on internet checks
NEW RETAIL INTERNATIONAL PTE. LTD.,2018,,Pre-seed,,,,no webpage found
BOUNDBY PTE. LTD.,2019,,Pre-seed,,,,
URBAN BUSINESS SOLUTIONS PTE. LTD.,2019,,Pre-seed,,,,no webpage found
HI-TECH SMART SOLUTIONS PTE. LTD.,2019,,Pre-seed,,,,
REOMNIFY PTE. LTD.,2019,,Pre-seed,,,https://www.reomnify.com/,based on internet checks
CAN LAB PTE. LTD.,2019,,Pre-seed,,,,
METACAT PTE. LTD.,2021,,Pre-seed,,,,no webpage found
ADVANCED MAGNETIC DEVICES PTE. LTD.,2019,,Pre-seed,,,,
ADVANCED TERAHERTZ SYSTEMS PTE. LTD.,2018,,Pre-seed,,,,
GREYDIENT LAB PTE. LTD.,2020,,Pre-seed,,,https://www.greydientlab.com,based on internet checks
NANODYNE PTE. LTD.,2020,,Pre-seed,,,,no webpage found
DEALXPERT PTE. LTD.,2018,1 - 10,Pre-seed,Others; SaaS,#salesperformance #training #B2Bsales #coaching,https://dealxpert.io,
MATCHMOVE POWERBANK (S) PTE. LTD.,2020,,Pre-seed,,,,no webpage found
MOONBIRD PTE. LTD.,2019,,Pre-seed,,,,no webpage found
PLAI PTE. LTD.,2020,,Pre-seed,,,,
SURPRIZE PRIVATE LIMITED,2021,,Pre-seed,,,,no webpage found
IMIN TECHNOLOGY PTE. LTD.,2018,,Pre-seed,,,,
MOOM HEALTH SERVICES PRIVATE LIMITED,2021,,Pre-seed,,,https://moom.health/,based on internet checks
YAK PTE. LTD.,2021,,Pre-seed,,,,no webpage found
ALUMNI SERVICES HOLDINGS PTE. LTD.,2021,51 - 100,Pre-seed,Enterprise Solutions; IoT; SaaS; Data Analysis; Cloud,Digital Advisory; Digital Transformation; Digital Architecture; Change Management; data; Cloud; Operational Efficiencies; Agile; enterprise solutions,https://www.alumniserv.com/,
SUNBIRD BIO PTE. LTD.,2020,,Pre-seed,,,,
BROWZZIN PTE. LTD.,2016,,Pre-seed,,,https://browzzin.com/,based on internet checks
APLOMEX PTE. LTD.,2020,,Pre-seed,,,https://www.aplomex.com/,based on internet checks
MAKEDEMY PTE. LTD.,2016,,Pre-seed,,,https://www.makedemy.com,based on internet checks
ALLURA ASIA PTE. LTD.,2020,,Pre-seed,,,https://www.alluramall.com,based on internet checks
DSTAR COMMODITIES PTE. LTD.,2020,,Pre-seed,,,,
PROFITECH PTE. LTD.,2023,1 - 10,Pre-seed,AI; Digital Health; Enterprise Solutions; Others; SaaS,"AI Automations, AI, Software automations, AI Powered Solutions Provider, Tech Solution Provider; app development; Fitness; Fitness App",https://profitech.sg/,
KILATS PTE. LTD.,2021,1 - 10,Pre-seed,Transport,Electric Vehicles; Ride Sharing,https://kilats.com,
ANTO MEDCARE PTE. LTD.,2020,1 - 10,Seed,Digital Health; Healthcare Services; Healthcare; Manufacturing & Engineering; IoT,Digitised Health Systems; Primary Care; Intermediate and Long Term Care; Mobile Health,https://www.antomedcare.com/,
GL SUCCESS PTE. LTD.,2022,1 - 10,Pre-seed,Education; E-Commerce; Lifestyle,,https://glsuccess.com/,
JODOO INTERNATIONAL PTE. LTD.,2022,11 - 50,Pre-seed,Enterprise Solutions; Infocomm Tech; SaaS; Data Analysis; Big Data,SaaS; Green Building Technology; Eco Monitoring Technologies; Data Analysis; Data Warehouse; Web Development; Application Development; Systems Development,https://www.jodoo.com,
YFS LOGISTICKZ PTE. LTD.,2023,1 - 10,Pre-seed,Transport,Transportation,http://www.linkedin.com/in/mohammed-al-shafirin-khan-230a63290,
ELGO TECHNOLOGIES PTE. LTD.,2023,1 - 10,Pre-seed,AI; Enterprise Solutions; SaaS; Data Analysis; Big Data,Generative AI; Custom AI; Application Development; Consumer & Marketing Analytics; Data Analysis; marketplace; AI/ML,https://www.elgo.app,
BYNATURE HEALTHCARE HOLDINGS PTE. LTD.,2023,1 - 10,Pre-seed,Food Science and Technology; Agritech; Food & Beverage; Food Manufacturing & Processing,herb; nutrition; snack; Food,http://www.bynatureintl.com,
DI ENTERPRISE PTE. LTD.,2019,1 - 10,Pre-seed,AI; Supply Chain & Logistics; Blockchain; SaaS; Data Analysis,Enabling Digital; building future supply chain ; Cross Border Matching & Sourcing,https://diintl.com/,
AFFLUENCE INFINITY PTE. LTD.,2022,11 - 50,Pre-seed,AI,"Affluence Infinity, Home Automation, Smart Home Solutions",https://www.affluence-inf.com,
WHYCO PTE. LTD.,2023,1 - 10,Pre-seed,Education,Application Development,https://scholarly.sg,
RAIN CONSULTING PTE. LTD.,2023,1 - 10,Pre-seed,Infotech; Enterprise Solutions; Infocomm Tech; SaaS; Cloud,"Cybersecurity, GRC, Governance, ERM, Risks, Compliance, Cyber for Board, End-user Training, Security Projects Management",https://www.rainconsulting.org/,
PHARLYFE+ PTE. LTD.,2023,1 - 10,Pre-seed,Healthcare,"medtech, drug delivery, medicines",https://www.pharlyfeplus.com,
LAWDIFY PTE. LTD.,2023,1 - 10,Pre-seed,AI; Enterprise Solutions; SaaS; Data Analysis,Your AI-Powered Second Brain for Legal Documents,https://www.lawdify.com/,
CARGOLOGIC PTE. LTD.,2023,1 - 10,Pre-seed,Enterprise Solutions; Supply Chain & Logistics; Infocomm Tech,Platform for transaction between importers exporters and freight and logistics service providers,https://www.caggic.com,
AIPILOT PTE. LTD.,2023,1 - 10,Pre-seed,Education; Infotech,language_learning  ; Learning Platform; E-Learning; Gamification,https://aipilot.sg,
ALPHA CISO PTE. LTD.,2023,1 - 10,Pre-seed,Infotech,Cyber Security; SaaS,https://www.alphaciso.com,
LEETA TECHNOLOGY PTE. LTD.,2022,1 - 10,Pre-seed,AI; Fintech; Entertainment; Big Data,AI; ID Photo; Tools; Profilia; Profile photo; Music score; Niche market,http://leeta.ai,
NHILE PTE. LTD.,2019,1 - 10,Pre-seed,Education; Media; Entertainment; Lifestyle; Others,,https://Nhi.sg,
WANDERING STUDIO PTE. LTD.,2023,1 - 10,Pre-seed,Education; AI; Enterprise Solutions; SaaS,SaaS,https://wielded.com,
SEEWISE PTE. LTD.,2023,11 - 50,Pre-seed,AI; Enterprise Solutions; Manufacturing & Engineering; Food Manufacturing & Processing; IoT,The AI Factory,https://www.seewise.ai/,
FRUTTI SUGAR PTE. LTD.,2022,1 - 10,Pre-seed,Food Science and Technology; Biotech; Food & Beverage; Healthcare; Lifestyle,#waragainstdiabetes #lowcalorie #allulose #diabetes #lactic #probiotics #synbiotics #sugarsubstitude,https://www.fruttisugar.com,
MEDPATH AI PTE. LTD.,2023,1 - 10,Pre-seed,Medtech; AI; Healthcare Services; Infocomm Tech; Healthcare,Health; medical,https://medpath.com,
TRISAIL MEDICAL PTE. LTD.,2020,1 - 10,Pre-seed,Medtech; Healthcare,Cardiology; Medical devices,https://www.trisailmedical.com/,
EMPATHIC AGILITY PTE. LTD.,2023,1 - 10,Pre-seed,,,https://empathicagilty.io,
FINSED PTE. LTD.,2023,1 - 10,Pre-seed,Education; AI; Fintech; SaaS,,https://finsed.com,
BADA BING INTERNATIONAL PTE. LTD.,2023,1 - 10,Pre-seed,Transport; Consumer Electronics; Urban Solutions; Cleantech; Manufacturing & Engineering,Electric Vehicles,https://leo-electric.com/,
STRIKE ANALYTICS PTE. LTD.,2024,1 - 10,Pre-seed,AI; IoT; SaaS; Data Analysis; Big Data,Data Analysis; Big Data,https://strike.page/,
JMEM TEK HOLDING CO PTE. LTD.,2023,11 - 50,Pre-seed,Semiconductor; AI; Others; IoT; Hardware,,https://jmemtek.com/en/,
ADMIINO PTE. LTD.,2024,1 - 10,Pre-seed,AI; Enterprise Solutions; SaaS,Digital Marketing; Consumer & Marketing Analytics; SaaS; Customer Relationship Management,https://www.admiino.com,
MEDIGLOW PTE. LTD.,2024,,Pre-seed,,,,no webpage found
EIGENAI PTE. LTD.,2023,1 - 10,Pre-seed,AI; E-Commerce; Infocomm Tech; SaaS; Data Analysis,SaaS; Big Data; Data Analysis; E-Commerce,https://eigenai.co,
AHA INSPIRATION PTE. LTD.,2023,1 - 10,Pre-seed,Lifestyle,,http://ahainspiration.com.sg/,
KATALIS PTE. LTD.,2023,1 - 10,Pre-seed,AI; E-Commerce; SaaS,E-Commerce,https://www.katalis.ai,
AIDX TECH PTE. LTD.,2023,11 - 50,Pre-seed,AI; Cloud,#trustworthyAI #,https://www.aidxtech.com/,
BREATHLESS STUDIOS PTE. LTD.,2023,1 - 10,Pre-seed,Gaming; AI; Entertainment; IoT; SaaS,Application Development; SaaS; Video Processing; Computer Vision; Artificial intelligence,https://buildguard.org/,
DOKUJI PTE. LTD.,2022,1 - 10,Pre-seed,Adtech; E-Commerce; Lifestyle; Blockchain,Loyalty Programmes; Digital Marketing; Consumer & Marketing Analytics,https://ref3r-front.vercel.app/,
NAPTHA AI PTE. LTD.,2024,11 - 50,Pre-seed,Infotech; AI; Cloud; Big Data; Robotics,Artificial intelligence; machine learning; SaaS; Software; Infotech; Big Data,https://naptha.ai,
TANDEMCOLLABS PTE. LTD.,2023,1 - 10,Pre-seed,E-Commerce; Enterprise Solutions; Data Analysis; Big Data; AR/VR,Data Warehouse; rfid; NFC,https://www.smart-stickies.com,
BUILDAS PTE. LTD.,2023,11 - 50,Pre-seed,AI; Enterprise Solutions; SaaS,AI; Application Development; SaaS,https://www.buildas.io,
CACHE PRIVATE LIMITED,2018,,Pre-seed,,,,no webpage found
WHOLESOME FOOD PEOPLE PTE. LTD.,2018,,Pre-seed,,,https://www.wholesomefoodpeople.com/,based on internet checks
GALAPY PTE. LIMITED,2021,,Pre-seed,,,,
SYSWELL TECHNOLOGY PTE. LTD.,2020,,Pre-seed,,,,
THE CLOZET COMPANY SG PTE. LTD.,2018,,Pre-seed,,,,no webpage found
INTERCONNECT SOLUTIONS PTE. LTD.,2021,,Pre-seed,,,https://interconnect.solutions,based on internet checks
DOL TECHNOLOGY PTE. LTD.,2020,,Pre-seed,,,,
BYTEWIZARDS PTE. LTD.,2023,1 - 10,Pre-seed,AI; E-Commerce,Cross-Border E-commerce; TikTok Marketing; Multi-Agents; AI; LLM,https://www.byte-wizards.com/,
HOSHO DIGITAL PTE. LTD.,2020,1 - 10,Pre-seed,AI; Enterprise Solutions; Manufacturing & Engineering; SaaS; Data Analysis,Innovation; environment; ESG; Sustainability; Carbon Emission; governance; Diversity; ISSB; GRI; SASB,https://www.hoshodigital.com,
3825 PTE. LTD.,2023,1 - 10,Pre-seed,,,http://www.gentingtech.com/wap/view/home.html,
PERFOMAX PTE. LTD.,2024,1 - 10,Pre-seed,Maritime; AI; Cleantech; IoT,Data Analysis; Maritime; offshore; Cleantech; IoT; AI; energy efficiency; fuel monitoring; emission reduction,https://www.perfomax.io,
THE POSSIBLE CLASS PTE. LTD.,2021,1 - 10,Pre-seed,,,https://www.possibleclass.com,
SANLIGHT PRIVATE LIMITED,2018,11 - 50,Pre-seed,Retail; E-Commerce; Consumer Electronics; Cleantech,solar power system,https://seller.sg.shopee.cn/portal/product/list/all,
CJ BEST INVESTMENTS PTE. LTD.,2023,1 - 10,Pre-seed,Agritech; Food & Beverage; Enterprise Solutions; Supply Chain & Logistics; Cloud,,https://beacons.ai/cjbestinvestments,
KIZONA PTE. LTD.,2021,1 - 10,Pre-seed,Education,advisor; budgeting; AI in finance; investors reporting,https://www.kizonasg.com/,
FOGO FUNGI PTE. LTD.,2023,1 - 10,Pre-seed,Agritech; Food & Beverage; Urban Solutions; Food Manufacturing & Processing,Organic Farming; Smart Farming; Controlled Environment Agriculture; Precision Agriculture,https://www.fogofungi.com/,
PURANDS PTE. LTD.,2023,1 - 10,Pre-seed,AI; E-Commerce; SaaS,"AI, Tech, SAAS",https://www.purands.com/,
LUMINEX ENGINEERING PTE. LTD.,2023,1 - 10,Pre-seed,Manufacturing & Engineering; IoT,,https://luminexsg.co/,
TIKVA ALLOCELL PTE. LTD.,2023,11 - 50,Pre-seed,Biotech,"Oncology, cell therapy, T cells, off-the-shelf, allogeneic, cancers, virus-specific T cells",https://tikvaallocell.com/,
RTS CONNECT ASIA PTE. LTD.,2023,1 - 10,Pre-seed,,,http://www.rts-connect.de,
THIOSPARK ENERGY PTE. LTD.,2024,1 - 10,Pre-seed,Consumer Electronics; Cleantech; Manufacturing & Engineering; Nanotechnology; Others,"High energy density, safer next generation batteries",http://thiospark.com,
AEROBOARD PTE. LTD.,2024,1 - 10,Pre-seed,Media; Adtech; AI; SaaS,Video Processing; creative; production; agency; Digital Marketing; Social Media,https://www.aerostud.io/,
VIVIDTECH PTE. LTD.,2023,1 - 10,Pre-seed,Adtech; AR/VR,全息投影  视觉科技  人工智能 数字内容 视觉素材 广告拍摄 视频动画制作,https://vividt6.net,
NEXUB PTE. LTD.,2022,1 - 10,Pre-seed,E-Commerce; Enterprise Solutions; SaaS,Customer Relationship Management; Inventory Management; Human Resources; Natural Language Processing,https://www.nexub.com,
Autosave Pte. Ltd.,2024,1 - 10,Pre-seed,Transport; Consumer Electronics; E-Commerce; Enterprise Solutions; Infocomm Tech,C2B; Selling; Quotes; automotive; commerce,https://autosave.club/,
PAILOGY PTE. LTD.,2024,1 - 10,Pre-seed,AI,AI,https://www.pailogy.com,
GRITWINGS PTE. LTD.,2023,1 - 10,Pre-seed,AI; Blockchain; Data Analysis; Cloud; Big Data,Data Analysis; Big Data; Planning & Design; Application Development,http://www.gritwings.com,
NUBYTES GLOBAL PTE. LTD.,2024,1 - 10,Pre-seed,AI; Enterprise Solutions; Infocomm Tech; Others; Cloud,The Digital Center,https://nubytes.asia/,
DATASQUIRREL PTE. LTD.,2022,1 - 10,Pre-seed,E-Commerce; AI; Travel & Hospitality; Fintech; Data Analysis,Data Analysis; AI; DataIntelligence; data visualisation; GenAI; Data Cleaning; ETL; API; SaaS,https://datasquirrel.ai/,
HAGIA LABS PTE. LTD.,2024,1 - 10,Pre-seed,AI; E-Commerce; Enterprise Solutions; Data Analysis; Big Data,"artificial intelligience, database, digital transformation, creative, transformative consultancy, educatio",http://hagiaproject.com,
ECOENERGI PTE. LTD.,2023,1 - 10,Pre-seed,Transport; Cleantech; IoT; Data Analysis,EV charging service; Generation from solar power; clean energy,https://ecoenergi.org,
SINGAPORE AIMLONG ENTERPRISES PTE. LTD.,2022,1 - 10,Pre-seed,Retail; Manufacturing & Engineering; Hardware,Optics & Photonics,http://www.sino-optics.com/,
SEEK ONES SINGLE MOLECULE TECHNOLOGIES PTE. LTD.,2024,1 - 10,Pre-seed,Medtech; Biotech; Nanotechnology,Life Science Tools; Biotechnology; Nanoparticles; DNA Sequencing; Genomics; Single molecule analysis,https://seek1s.com/,
INNOVA8S PTE. LTD.,2024,1 - 10,Pre-seed,Agritech; AI; Supply Chain & Logistics; Lifestyle; IoT,,https://www.innova8s.com,
NEXT LEVEL PLAY PTE. LTD.,2023,1 - 10,Pre-seed,Media; Education; Gaming; Fintech; Lifestyle,Learning Platform; player development; Esports Community; Gamer Profiles; Content Creation; Skill Building; Professional Gaming; Team Management; Southeast Asia Gaming; Gamers Career,https://nextlevelplay.gg/,
LEAPIN GROUP PTE. LTD.,2023,11 - 50,Seed,AI; Enterprise Solutions; SaaS,AI Interview; AI Hiring ; AI Talent Review ; Skill-based hiring; Future workforce; AI,https://www.leapin-ai.com/,
ARRIVAL HAUL PTE. LTD.,2024,1 - 10,Pre-seed,Retail; AI; E-Commerce; Data Analysis,E-Commerce; Recomendation Engine; Application Development,https://www.arrivalhaul.com,
GEOCORE SOLUTIONS PTE. LTD.,2024,1 - 10,Pre-seed,Others; IoT; Hardware,,https://geocoresolutions.com/,
FLOCCARE PTE. LTD.,2024,1 - 10,Pre-seed,Digital Health; Complementary Health Products; AI; Healthcare; SaaS,AI; Gen AI; LLM; Digitised Health Systems; Mobile Health; Medical devices; Medical Imaging; SaaS; b2b,https://www.floccare.ai/,
SYNFESYS PTE. LTD.,2022,1 - 10,Pre-seed,Gaming; AI; AR/VR,,http://www.synfesys.com,
SPRYTOSAUR PTE. LTD.,2024,1 - 10,Pre-seed,Gaming; Entertainment,Gamification; Application Development; Web Development,https://sprytosaur.com,
ACCELER8 AI PTE. LTD.,2024,1 - 10,Pre-seed,,,http://www.acceler8ai.io,
QREFER PTE. LTD.,2024,1 - 10,Pre-seed,AI; Data Analysis; Cloud; Big Data,E-Commerce; Consumer & Marketing Analytics,https://qrefer.net/,
PRIMOR TECHNOLOGY PTE. LTD.,2024,1 - 10,Pre-seed,Infotech; Infocomm Tech,,https://www.primortechnology.com,
IXO,2023,11 - 50,Pre-seed,Biotech; AI; Fintech; Blockchain; Big Data,Genomics; Sustainability; Climate; Healthcare; Education; Spatial Web; Big Data; Causal AI,https://www.ixo.world/,
TUITION NEAR ME PTE. LTD.,2024,1 - 10,Pre-seed,Education; E-Commerce; Enterprise Solutions; SaaS,"Education, EdTech, EduTech, Education Technology, Tech, Technology",https://www.TuitionNearMe.org,
CLOUDIVIAN PTE. LTD.,2023,1 - 10,Pre-seed,AI; Enterprise Solutions; SaaS; Data Analysis; Cloud,#CloudInnovation #MultiCloudManagement #AICloudSolutions #CloudUnityPlatform #DigitalTransformation #CloudOptimization #TechForEnterprises #FutureOfCloud #CloudSecurity,https://cloudivian.com/,
FLY FAIRLY PTE. LTD.,2023,11 - 50,Pre-seed,E-Commerce; Fintech; Travel & Hospitality; Others; Blockchain,"travel, payments, flights, booking, online, ecommerce, payments, credit, flexible",https://www.flyfairly.com/,
EVOV.AI PTE. LTD.,2024,1 - 10,Pre-seed,Adtech; AI; Big Data,Your personal AI marketing agent,https://www.evov.ai,
BIG LIMO'S PTE. LTD.,2024,11 - 50,Pre-seed,AI; Events; Food & Beverage; Enterprise Solutions; Entertainment,#LuxuryTransportation #LimousineService #ChauffeurDriven #ExecutiveTravel #EventTransportation #AirportTransfers #CorporateTravel #LuxuryFleet #BigLimosExperience #TravelInStyle,http://biglimos.sg,
ROSZMARIY PTE. LTD.,2024,1 - 10,Pre-seed,Industrial Electronics; AI; IoT,B2B matching; AI; Eco Monitoring Technologies; Green Building Technology; Software; Sensor Integration; IoT,https://uiearth.com/,
AMPLE FINTECH PTE. LTD.,2023,11 - 50,Pre-seed,Fintech; Blockchain,Web3 Payment,https://amplefintech.com/,
AQUAVIOLET PTE. LTD.,2022,1 - 10,Pre-seed,Medtech; Precision Engineering; Semiconductor; Urban Solutions; Cleantech,,https://www.linkedin.com/company/aquaviolet/,
DIGITAL PIZZA PTE. LTD.,2024,1 - 10,Pre-seed,AI; SaaS,Consumer & Marketing Analytics; SaaS,https://www.magichq.com/,
O.SPACE PTE. LTD.,2024,1 - 10,Pre-seed,Retail; Real Estate; Urban Solutions; Lifestyle; Others,Seed; proptech; Construction; interior design; sustainable cities; Sustainability; Home & Living; ConTech,http://www.oopenspace.com,
SEAI TECHNOLOGIES PTE. LTD.,2024,1 - 10,Pre-seed,AI; Data Analysis; Cloud; Big Data,AI,https://seai.tech,
CELL AGRITECH PTE. LTD.,2022,11 - 50,Pre-seed,Food Science and Technology; Agritech; Biotech; Food & Beverage; Food Manufacturing & Processing,Cultivated Meat Cell Based Culture Meat,https://www.cell-agritech.com,
RIGHT-HAND CYBER SECURITY PTE. LTD.,2019,11 - 50,Pre-seed,AI; Cloud,Cyber Security; SaaS,https://right-hand.ai,
GENOMINE PTE. LTD.,2024,1 - 10,Pre-seed,Biotech; AI; Healthcare Services; Data Analysis; Big Data,AI analysis biological bigdata T1D Diabetes,https://genominetech.wixsite.com/genomine,
AJENTIK AI PTE. LTD.,2024,1 - 10,Pre-seed,Medtech; AI; Healthcare; SaaS; Cloud, Kubernetes; BPMN; Digitised Health Systems; API; workflow; Agentic AI,https://www.ajentik.com,
BRAINTOOLS PTE. LTD.,2023,1 - 10,Pre-seed,Education; AI,,https://braintools.podbean.com/,
AIGP HEALTH PTE. LTD.,2024,1 - 10,Pre-seed,,,https://www.aigp.health/,
HESED CROWN (PRIVATE LIMITED),2025,11 - 50,Pre-seed,Agritech; AI; Complementary Health Products; Food & Beverage; Food Manufacturing & Processing,,https://www.instagram.com/keshet.agritech/,
DELIGHT ASIATECH PTE. LTD.,2024,1 - 10,Pre-seed,Telecom; AI; Fintech; Enterprise Solutions; SaaS,SaaS; Natural Language Processing; Knowledge Management; Human Resources; Customer Relationship Management,https://delight.fit,
ASSISTTEACHER PTE. LTD.,2024,1 - 10,Pre-seed,,,https://www.autolectual.com/,
SAFE SYNC PTE. LTD.,2024,1 - 10,Pre-seed,Enterprise Solutions; Others; SaaS; Cloud,Cyber Security; SaaS,https://www.safesync.ai/,
SYSTEMEARTH PTE. LTD.,2024,1 - 10,Pre-seed,Enterprise Solutions; Others; Data Analysis,Regulatory technology; SaaS; Sustainability,https://systemearth.com,
BODYQ PTE. LTD.,2024,1 - 10,Pre-seed,Medtech; Digital Health; AI; Healthcare; Lifestyle,"Precision Medicine, Imaging Biomarkers, Magnetic Resonance Imaging",https://body.digital,
YNM AI SAFETECH SOLUTIONS PTE. LTD.,2025,1 - 10,Pre-seed,Infotech; AI; Urban Solutions; Data Analysis; Big Data,Application Development; Web Development; Systems Development; Data Analysis; Big Data,https://raisetech.ai,
BENGO.AI PTE. LTD.,2023,1 - 10,Pre-seed,Others,Legal Tech,https://bengo.ai/,
REBIT LABS PTE. LTD.,2024,1 - 10,Pre-seed,Fintech; Blockchain,Risk Management; Payment Systems; P2P Lending; Anti-Money Laundering; Cryptocurrency,https://rebit7.com/,
GENBRAVE INTERNATIONAL PTE. LTD.,2023,1 - 10,Pre-seed,Education; Lifestyle; Others,#YouthEmpowerment #MentalWellBeing #EmotionalResilience #HolisticDevelopment #LifeCoaching #GrowthMindset #YouthMentalHealth #AcademicSuccess #PositiveYouthDevelopment #FutureOfEducation,http://www.genbrave.com,
SILVERBALL 1911 PTE. LTD.,2021,1 - 10,Pre-seed,,,https://silverball1911.com,
XFLOW PTE. LTD.,2023,1 - 10,Pre-seed,Education; AI; E-Commerce; Enterprise Solutions; Lifestyle,Artificial intelligence,http://www.xflow.io,
UOOWOO PTE. LTD.,2025,1 - 10,Pre-seed,Lifestyle,,https://www.uoowoo.co/,
MOSAIC AI PTE. LTD.,2025,1 - 10,Pre-seed,Education; AI; Events; Lifestyle; Data Analysis,#ai #analytics #genai #education,http://mosaicai.dev,
MERUEPC PTE. LTD.,2025,1 - 10,Pre-seed,Industrial Electronics; Marine & Offshore; Supply Chain & Logistics; Infocomm Tech; Manufacturing & Engineering,#FPSO hashtag#URE27 hashtag#IMOCybersecurity hashtag#CyberRiskManagement hashtag#OilGas hashtag#OffshoreIndustry hashtag#MaritimeSecurity hashtag#OperationalTechnology hashtag#ICS hashtag#MeruEPC,https://meruepc.com/,
C22 PTE. LTD.,2024,1 - 10,Pre-seed,Fintech; Enterprise Solutions; SaaS; Data Analysis; Big Data,Trading; Risk Management,https://sites.google.com/view/c22c,
AURYZEN PTE. LTD.,2025,1 - 10,Pre-seed,Digital Health; Healthcare Services; AI; Healthcare,"Smarter Care, Seamlessly",http://www.auryzen.com,
MATWERKZ TECHNOLOGIES PTE. LTD.,2020,1 - 10,Pre-seed,Transport; Marine & Offshore; Urban Solutions; Manufacturing & Engineering; Nanotechnology,Beyond Materials Science,https://matwerkz.com,
GOOD FOR FOOD PTE LTD,2017,1 - 10,Pre-seed,Cleantech,Waste Management; Pollution Control,http://www.goodforfood.sg,
PROPERTURE LIMOUSINE CONCIËRGE,2016,1 - 10,Pre-seed,Transport; E-Commerce; Travel & Hospitality; Urban Solutions,Ride Sharing,https://properture.com,
RATIONAL ROBOTICS PTE. LTD.,2016,1 - 10,Pre-seed,Infotech,,https://www.rationalrobotics.com/,
TUEETOR PTE. LTD.,2016,11 - 50,Pre-seed,,,https://tueetor.com,
MVIZN PTE. LTD.,2017,,Pre-seed,Industrial Electronics; AI,,https://mvizn.com/index.html,
CROWDO HOLDINGS PTE. LTD.,2017,,Pre-seed,Fintech; Supply Chain & Logistics,,https://crowdo.com,based on internet checks
KYBER NETWORK PTE. LTD.,2017,,Seed,Fintech; Blockchain,,https://kyber.network/,
PLAYMAKERS PRIVATE LIMITED,2018,1 - 10,Pre-seed,Entertainment; Lifestyle; Data Analysis,Social Media; Digital Marketing,http://www.playmakers.sg/,
GRANDVIEW KINETICS PTE. LTD.,2019,1 - 10,Pre-seed,Retail; Healthcare; IoT; SaaS; Hardware,rtls; ips; operational efficiency; mall apps; Healthcare; indoor navigation; fall detection; real-time asset tracking; real-time people tracking; onlineofflineretail,https://www.gvkinetics.com,
Doyobi,2019,11 - 50,Pre-seed,Others,,https://www.doyobi.com/,
HYDROLEAP PTE. LTD.,2016,1 - 10,Seed,Semiconductor; Food & Beverage; Marine & Offshore; Cleantech; Food Manufacturing & Processing,Pollution Control; Water Treatment,https://www.hydroleap.com,
ESEN VR TECH PTE. LTD.,2020,11 - 50,Pre-seed,AR/VR,AR/VR,http://www.esengroup.com.sg,
FLIXSTOCK PTE. LTD.,2019,51 - 100,Seed,Retail; AI; E-Commerce; SaaS,E-Commerce; images; AI,http://www.flixstock.com,
EDSY BITSY PTE. LTD.,2020,1 - 10,Pre-seed,Education; Infocomm Tech,E-Learning; Learning Platform,http://www.edsybitsy.com/,
Ospree,2018,1 - 10,Pre-seed,Enterprise Solutions; Blockchain; Data Analysis,Cryptocurrency; Risk Management; Anti-Money Laundering; Data Analysis,https://ospree.io/,
PURE ACTIVE WATER PTE. LTD.,2016,1 - 10,Pre-seed,Agritech; Urban Solutions; Cleantech; Manufacturing & Engineering; Food Manufacturing & Processing,#watertreatment#desinfection#sustainability#chemical-free,https://activh2o.net,
TIGERHALL PTE. LTD.,2018,,Pre-seed,,,https://www.tigerhall.com,based on internet checks
HELIXTAP TECHNOLOGIES PRIVATE LIMITED,2020,1 - 10,Pre-seed,Agritech; Fintech; Enterprise Solutions; Big Data,Trading; Customer Relationship Management; Risk Management,https://helixtap.com/,
OCEANS.AI PTE. LTD.,2019,1 - 10,Pre-seed,Agritech; Marine & Offshore; AI; IoT; Robotics,Drones; Autonomous Engineering; Artificial intelligence; Computer Vision; Robotics; SaaS; Renewable Energy,https://www.oceansai.tech,
EDIBLE INNOVATIONS PTE. LTD.,2020,1 - 10,Pre-seed,Food Science and Technology; Food & Beverage; Food Manufacturing & Processing,Food Packaging; Smart & Sustainable Packaging,https://www.crunchcutlery.com,
CLEANHEIGHTS ROBOTICS PTE. LTD.,2020,1 - 10,Pre-seed,AI; Urban Solutions; IoT; Hardware; Robotics,Robotics; Urban Solutions; Facilities Management; Cleaning Technology,https://www.cleanheights-robotics.com.sg/,
360 SMART HOME PTE. LTD.,2020,1 - 10,Pre-seed,AI; Consumer Electronics; IoT; Data Analysis; Cloud,smart technology; smart home; smart home automation; eldercare proof smart home; smart hotel; Smart City; electric vehicle; smart traffic; smart apartment,https://www.360smarthome.sg,
VITRUVIAN MEDICAL DIAGNOSTICS (SINGAPORE) PTE. LTD.,2020,1 - 10,Pre-seed,Medtech; AI; Digital Health; Healthcare,Diagnostics; Medical devices; Digitised Health Systems; In Vitro Diagnostics (IVD); Telemedicine,http://www.vitruvianmd.com,
ZEUS COMMERCE GLOBAL PTE. LTD.,2021,1 - 10,Pre-seed,Media; E-Commerce; Fintech; Supply Chain & Logistics; Data Analysis,Consumer & Marketing Analytics; E-Commerce; Data Analysis; Big Data; Payment Systems,http://www.zeuscommerce.io,
LEXLY HEALTH PTE. LTD.,2021,1 - 10,Pre-seed,Others,Wellness; Pain Management Solutions; Marketplace Model,https://www.calibratesg.com,
PYRAMID SINGAPORE,2021,1 - 10,Pre-seed,Education,E-Learning,https://pyramid.sg,
ASIAN BEAUTY X PTE. LTD.,2016,1 - 10,Pre-seed,Media; Retail; E-Commerce; Entertainment; Lifestyle,ecommerce; headless commerce; ecommerce enabler; Digital Marketing; cross border ecommerce; social selling; Social Media,https://www.asianbeautyx.com,
MATERWELON PTE. LTD.,2020,1 - 10,Pre-seed,Infotech; Fintech; Infocomm Tech; Data Analysis; Big Data,Big Data; Data Warehouse; Data Analysis; gathering,https://nozomi.ai,
PIPPOP PTE. LTD.,2021,1 - 10,Pre-seed,Gaming,Game Development,http://www.pippop.co,
SILVERCONNECT PTE. LTD.,2017,1 - 10,Seed,Food Science and Technology; Food & Beverage; Digital Health; Healthcare Services; Healthcare,food science; Medical nutrition; Medical services; Disease Management; Dysphagia solutions; Elderly nutrition; Texture modified diets; Therapeutic diets; food and drinks,https://www.mygentlefoods.com,
MUSTARD SEED VENTURES PRIVATE LIMITED,2020,1 - 10,Pre-seed,Agritech; Consumer Electronics; Lifestyle; Manufacturing & Engineering; IoT,Smart Farming; Controlled Environment Agriculture; Home & Living; Consumer Electronics; Organic Farming; Seed,http://www.aejou.com,
RAINTREE HABITECH PTE. LTD.,2020,1 - 10,Pre-seed,Retail; Consumer Electronics; E-Commerce; Cleantech; SaaS,Battery Swapping Technology; E-Commerce; Renewable Energy; Energy Storage; food delivery,http://www.raintreehabitech.com.sg,
Weshine Technologies,2021,1 - 10,Pre-seed,Education; Infotech; AI; Enterprise Solutions,Human Resources; E-Learning; Employer of record; HR solutions; payroll; Manpower outsource; Manpower offshore; Corporate Training; ai agents; Remote Work,https://weshine.com,
FCODE LABS PTE. LTD.,2020,11 - 50,Pre-seed,Infotech; AI; E-Commerce; Enterprise Solutions; Cloud,Systems Development; Application Development; Web Development; Mobile Health; Data Analysis; Consumer Electronics; E-Learning; E-Commerce; Gamification; SaaS,https://www.fcodelabs.com/,
414 MEDIA PTE. LTD.,2020,1 - 10,Pre-seed,Media; E-Commerce,Social Media,https://www.insg.co/,
KALEIDOSCOPE LABS PTE. LIMITED,2021,1 - 10,Pre-seed,Education; AI; Healthcare Services; Lifestyle; Others,wellbeing management ; educational institutions; Social emotional learning; resilience; mental health; coaching,https://kaleidoscope.sg/,
BERGAMOT DIGITAL PTE. LTD.,2020,1 - 10,Pre-seed,Gaming; AI; Entertainment; Blockchain; AR/VR,games; unreal engine; virtual; metaverse,https://bergamot.digital/,
NIFE LABS PTE. LTD.,2020,11 - 50,Pre-seed,AI; Telecom; Enterprise Solutions; Manufacturing & Engineering; AR/VR,edge computing; Deep Tech; telecom,https://www.nife.io,
DIGIPANION PTE. LTD.,2021,1 - 10,Pre-seed,Education; Infotech; Others,Gamification; E-Learning; Cyber Security; Edtech,https://www.digipanion.com,
KEYLESS TECHNOLOGIES PTE. LTD.,2019,11 - 50,Pre-series A,AI; Fintech; Blockchain; SaaS; Cloud,Cyber Security,https://keyless.io/,
CORRIDOR FARMERS PTE. LTD.,2020,1 - 10,Pre-seed,Agritech,urban farm; community garden,https://www.corridorfarmers.com,
CASA MIA COLIVING,2021,11 - 50,Seed,Travel & Hospitality; Real Estate; Urban Solutions,Facilities Management; Coliving; property management; proptech,https://www.casamia.co,
ANYTIME WORK PTE. LTD.,2021,1 - 10,Pre-seed,Food & Beverage; Travel & Hospitality,service on-demand; hospitality; hotel; restaurant; peer-to-peer marketplace; contingent hiring; rapid hiring,https://www.anytimeanywork.com,
LEARNSEEKER AI PTE. LTD.,2021,11 - 50,Pre-seed,AI,Education; AI,https://www.learnseeker.com,
FISHYHUB PTE. LTD.,2021,1 - 10,Pre-seed,Retail; AI; E-Commerce; Entertainment; Lifestyle,Pet; aquarium; Entertainment; marketplace; fishkeeping; ecommerce,https://fishyhub.com,
COCOCART PTE. LTD.,2020,11 - 50,Pre-seed,E-Commerce; Food & Beverage; SaaS,unicorn,https://www.cococart.co,
GO!MAMA PRIVATE LIMITED,2021,1 - 10,Pre-seed,Others,Mobile Health; Social Networking;  Commercial Building; Public Sector,http://www.gomama.com.sg,
Agreco Ventures Pte Ltd,2021,1 - 10,Pre-seed,Food Science and Technology; Agritech; Food & Beverage; Supply Chain & Logistics; Food Manufacturing & Processing,Controlled Environment Agriculture; Alternative Protein; Food Packaging; Fertilisers; Smart & Sustainable Packaging; Genetically Engineered Crops; Soil Technology,http://agrecoventures.com/,
Centroly,2020,1 - 10,Pre-seed,SaaS,Social Media; Social Networking; Knowledge Management,https://centroly.com/,
S-FIFTEEN INSTRUMENTS PTE. LTD.,2017,1 - 10,Pre-seed,Infocomm Tech,Quantum Technologies ,https://www.s-fifteen.com,
METALISM PRIVATE LIMITED,2021,,Pre-seed,,,https://reitio.com,
Anakin,2021,1 - 10,Seed,AI; Enterprise Solutions; SaaS,SaaS; E-Commerce,https://anakin.company/,
DIGIALLY PTE. LTD.,2020,1 - 10,Seed,Fintech; Cleantech; Others; Blockchain; SaaS,Insurtech,https://www.digiallyglobal.com,
TULASISOFT PTE. LTD.,2020,1 - 10,Pre-seed,Infocomm Tech,Application Development; Systems Development; Web Development,https://www.tulasisoft.com,
CONVERGE SPOT PTE. LTD.,2021,,Pre-seed,,,https://www.convergespot.com,
FASTCO PTE. LTD.,2017,,Pre-seed,,,https://www.fastco.asia,based on internet checks
THE CHECK PTE. LTD.,2020,11 - 50,Pre-seed,Medtech; AI; Digital Health; Fintech; Cloud,Mobile Health; Insurtech; Health Analytics; Diabetic Care; Diagnostics; Telemedicine; Digitised Health Systems; Life Science Tools; Medical devices; Medical Imaging,https://www.thecheck.sg,
ENGISELLE TECHNOLOGIES PTE. LTD.,2021,,Pre-seed,,,https://engiselle.com,
LIGHTSPEED PHOTONICS PTE. LTD.,2021,1 - 10,Pre-seed,Semiconductor; Telecom; Manufacturing & Engineering; Others; Hardware,Semiconductor; Optics & Photonics; Modules & Components; Communication Systems,http://www.lightspeedphotonics.com,
FRASS PTE. LTD.,2021,1 - 10,Pre-seed,Food Science and Technology; Retail; Agritech; Urban Solutions; Manufacturing & Engineering,Organic Farming; Soil Technology; Fertilisers; Insect Farming; Livestock; urban farm; animal feeds; food waste; black soldier fly; frass,http://thefrass.com,
ADNAVEM ASIA PTE. LTD.,2019,11 - 50,Pre-seed,Transport; Maritime; Supply Chain & Logistics; Enterprise Solutions; Infocomm Tech,Knowledge Management,https://adnavem.com,
HOMEATZ PTE. LTD.,2021,1 - 10,Pre-seed,Food & Beverage,home food; home chefs; home taste; healthy; online food delivery; additional income; ghar ka khaana; maa; delicious; tiffin,https://homeatz.sg,
SCRIBEZERO PTE. LTD.,2020,1 - 10,Pre-seed,AI; Enterprise Solutions; Blockchain; SaaS,Regtech; SmartContracts; b2b; SaaS,https://www.scribezero.com,
EYRIS PTE. LTD.,2018,,Pre-seed,,,https://www.eyris.io,
SELF-IE ENTERPRISE PRIVATE LIMITED,2019,11 - 50,Pre-seed,Retail; Digital Health; Complementary Health Products; Healthcare Services; Healthcare,Telemedicine; Digitised Health Systems; Mobile Health; E-Commerce,https://www.selfie.co.th,
TECHBOOLA PTE. LTD.,2019,1 - 10,Pre-seed,Maritime; Marine & Offshore; SaaS; Cloud,Workflows IOT Data Analysis,https://techboola.com/,
FRANKIE AND FRANKIE PTE. LTD.,2021,1 - 10,Pre-seed,AI; Complementary Health Products; Digital Health; Healthcare Services; Healthcare,Telemedicine; Mobile Health; Health Analytics,https://www.frankie.today,
VISION DIRECT SOUTH EAST ASIA PTE. LTD.,2021,1 - 10,Pre-seed,E-Commerce; Digital Health; Healthcare,Mobile Health; Digitised Health Systems; E-Commerce,https://www.visiondirectclub.com,
CLEAN KINETICS PTE. LTD.,2021,1 - 10,Pre-seed,Industrial Electronics,"#EVCharger, #LEW, #EVCar, #Solar",https://www.ck.com.sg,
CHART.IT PTE. LTD.,2017,1 - 10,Pre-seed,Maritime; Enterprise Solutions; Infocomm Tech; SaaS; Cloud,Customer Relationship Management; email management; Shipping ; Infotech; SaaS; Communication Systems; chartering,https://chartdesk.pro/,
WIZELY TECHNOLOGIES PRIVATE LIMITED,2020,1 - 10,Pre-seed,Fintech; Real Estate,Personal Finance,https://www.wizelytech.com,
SCHURR PRODUCTIONS PTE. LTD.,2019,1 - 10,Pre-seed,Media,Social Media Agency; animation; Corporate Videos; Explainer Videos; Content Creation,https://schurrproductions.tv,
HANDYFEET PTE. LTD.,2021,1 - 10,Pre-seed,Others,Gig Marketplace; Professional Service; Handyman Service,https://handyfeet.com,
LOGIAI PTE. LTD.,2021,1 - 10,Pre-seed,AI; Supply Chain & Logistics,logistics; Supply Chain; AI; Artificial intelligence; Automation; machine learning; Freight; Freight Forwarding,https://logiai.co,
SMART TRADZT PTE. LTD.,2019,51 - 100,Pre-seed,Agritech; E-Commerce; AI; Enterprise Solutions; Supply Chain & Logistics,E-Commerce; Supply Chain; Trade Facilitation; pricing optimisation; profit optimisation; AI; Blockchain; agriculture industry; energy and chemical industry; pharmaceutical and medical devices industry,http://www.smarttradzt.com/solutions-page-2,
FOUND & SEEK PTE. LTD.,2021,1 - 10,Pre-seed,Cleantech; Manufacturing & Engineering; IoT; SaaS,Recycling; Consumer Electronics; Waste Management; Materials & Processes; Smart & Sustainable Packaging; SaaS,https://www.foundandseek.com/,
MOVE TECHNOLOGIES PTE. LTD.,2021,1 - 10,Pre-seed,Real Estate; Urban Solutions; Data Analysis; Big Data,Home & Living; Data Analysis; Consumer & Marketing Analytics,https://www.move.sg,
PASSMED PTE. LTD.,2020,1 - 10,Pre-seed,Education; Healthcare,E-Learning; Learning Platform,https://www.passmed.org,
Link Classroom (by Learngram.ai),2019,11 - 50,Seed,Education; Infotech; AI; SaaS,E-Learning; SaaS; Learning Platform; virtual classwoom; lms,https://linkclassroom.com/,
GO LYFE PTE. LTD.,2020,1 - 10,Pre-seed,Media; E-Commerce; Entertainment,Video Streaming; Social Media; Music & Podcasts; E-Commerce; video,https://go-lyfe.com/,
ALLRITES HOLDINGS PTE. LTD.,2017,,Pre-seed,,,http://allrites.com,
T-RECS.AI PTE. LTD.,2018,11 - 50,Pre-seed,AI; Cleantech; Blockchain; IoT; SaaS,Renewable Energy; Green Building Technology,http://www.trecs.ai/,
VIRTUAL LEARNING MACHINES PTE. LTD.,2021,1 - 10,Pre-seed,Education,Education; Edtech; AR/VR,https://www.qweebi.com/,
DERMCUT MEDICAL PTE. LTD.,2020,1 - 10,Pre-seed,Medtech,Medical devices,https://www.trendlines.com/company/dermcut-medical/,
BETALIFE PTE. LTD.,2020,1 - 10,Seed,Biotech,Stem cells therapy ,https://betalife.sg/,
ROE SUSTAINABLE TECHNOLOGIES PTE. LTD.,2016,1 - 10,Pre-seed,Cleantech; Others,Eco Monitoring Technologies; Renewable Energy; Water Treatment; Cleaning Technology; Waste Management,http://www.roesustech.com,
CLAXON TOURNAMENTS PTE. LTD.,2021,1 - 10,Pre-seed,Media; Gaming; Events; Entertainment; Others,Video Streaming; Social Networking; Social Media; Gamification,https://claxontournaments.net,
AI BROOK PTE. LTD.,2019,1 - 10,Pre-seed,Infotech; AI; Enterprise Solutions; IoT; Data Analysis,SaaS; Systems Development; Application Development; Artificial intelligence; Computer Vision; machine learning; deep learning,https://aibrook.com,
AGRUD TECHNOLOGIES PTE. LTD.,2016,,Pre-seed,,,https://www.agrud.com,based on internet checks
SUN BIOSCIENCES PTE. LTD.,2021,1 - 10,Pre-seed,Medtech; Biotech; Complementary Health Products; Pharmaceutical; Healthcare,Cosmeceuticals; nutraceuticals; pharmaceuticals; Biopharmaceuticals; In Vitro Diagnostics (IVD); Skincare ; cosmetics,,
QUERY VARY,2021,1 - 10,Pre-seed,AI; Fintech; Others; SaaS; Data Analysis,SaaS; GPT; LLMs; LLM Tester; ChatGPT; chatbot; AI,https://www.queryvary.com/,
PLAYZAS PTE. LTD.,2024,1 - 10,Pre-seed,Media; Gaming; E-Commerce; Entertainment,Creator economy; Influencer Marketing; Platform Economy ; social commerce,https://playzas.com/,
CHEMT BIOTECHNOLOGY PTE. LTD.,2023,1 - 10,Pre-seed,Biotech; AI; Pharmaceutical; Healthcare; Manufacturing & Engineering,,https://www.chemtbio.com/,
CLIWANT PTE. LTD.,2024,1 - 10,Pre-seed,AI; Data Analysis; Big Data,AI; procurement; RFP; proposal; Bidding ; competitor analysis; SaaS,https://www.cliwant.com/en,
BAEBEEBOO INC. PTE. LTD.,2017,1 - 10,Pre-seed,Retail; E-Commerce,"Jaedals, sandals, trekky sandals, fashion, footwear, social conscious, stylish sandals, comfort",https://jaedals.com/,
LUMINA IMPACT PTE. LTD.,2025,1 - 10,Pre-seed,AI; Others,Big Data,https://luminaimpact.co/,
XURE DEAL PTE. LTD.,2023,11 - 50,Pre-seed,Retail; E-Commerce; Lifestyle; Others; Big Data,collectibles; AUTHENTICATION; appraisal ; market place; clearinghouse; trading cards; live selling; social commerce; art toys; luxury items,https://xure.app/,
SJB NEXUS PTE. LTD.,2024,1 - 10,Pre-seed,Education; AI; Fintech; Blockchain,,https://www.getfuturenex.com,
NKKTECH GLOBAL PTE. LTD.,2024,11 - 50,Pre-seed,Adtech; AI; E-Commerce; Entertainment; Blockchain,offshore development; Software Outsourcing; AI solutions; IoT development; Blockchain; custom software; Digital Transformation; startup tech; remote engineering,https://nkk.com.vn/,
UNIVERSAL HEALTH PTE. LTD.,2024,1 - 10,Pre-seed,AI; Digital Health,Mobile Health; Health Analytics; data,https://www.universalhealth.ai/,
NESTRIA AI,2025,1 - 10,Pre-seed,AI; Fintech; Enterprise Solutions; Infocomm Tech; SaaS,SaaS; Cyber Security,https://www.nestria.ai/,
SCAMNET ANTI-SCAM SOLUTIONS (PTE. LTD.),2024,1 - 10,Pre-seed,AI; Infocomm Tech; Others,anti-scam; protective detection; scam-detection; AI-cybersecurity; social-engineering; real-time-protection; scam-intelligence; fraud-prevention; API-security; digital-safety,https://scamnet.app,
SOFTCODERS SOLUTIONS (S) PTE. LTD.,2023,1 - 10,Pre-seed,AI; Digital Health; E-Commerce; Others; Robotics,Application Development; Robotics,https://www.softcoders.software/,
SPLACEBAR PTE. LTD.,2023,1 - 10,Pre-seed,Supply Chain & Logistics,,https://splacebar.com,
SYRELLO PTE. LTD.,2025,1 - 10,Pre-seed,Education; Media; AI; Lifestyle; Big Data,Media; AI; Financial literacy; Scam prevention; Multilingual; Avatars; conversational ai; Soical impact; Edtech; FinTech,https://syrello.com/,
COMFORTLYTRAVEL SOURCING PRIVATE LIMITED,2025,1 - 10,Pre-seed,Travel & Hospitality; Big Data,"Find local resources you need for you trip, anywhere you plan to go. ;  Database of resources that travelers need; Big Data",https://www.comfortlytravel.com,
BIOACTIVX PTE. LTD.,2023,1 - 10,Pre-seed,Biotech,,https://www.bioactivx.com,
HANABII PRIVATE LIMITED,2024,1 - 10,Pre-seed,,,https://www.hanabiipacifier.com/,
VONCIERGE (PRIVATE LIMITED),2024,1 - 10,Pre-seed,,,https://voncierge.ai/,
VALIANCE SOLUTIONS PTE. LTD.,2023,101 - 200,Pre-seed,AI; Enterprise Solutions; Data Analysis; Cloud; Big Data,"DeepTech, MultimodalAI, AIPlatforms, VideoIntelligence, PublicSafetySolutions, WildlifeProtection, SmartCityTechnology, FinancialInvestigation, FraudDetection, MaritimeSecurity, Audits, TenderEvaluations",https://valiancesolutions.com/,
XOVAI PTE. LTD.,2025,1 - 10,Pre-seed,Digital Health; Complementary Health Products; Healthcare,Xovai,https://www.xovai.com,
MEDMOSAIC PTE. LTD.,2023,1 - 10,Pre-seed,Medtech; Biotech; AI; Pharmaceutical; Enterprise Solutions,"Risk Management, and Compliance (GRC); governance; Content Management ; Patient Access; Clinical Trials; Medical Affairs;  AI Agents; Agentic AI Solutions; Regulatory & Start-up; Medical devices",https://medmosaic.co,
GREEN FUTURES TECHNOLOGIES PTE. LTD.,2025,1 - 10,Pre-seed,Agritech; AI; Urban Solutions; Cleantech; Robotics,Renewable Energy; Precision Agriculture; Robotics; Controlled Environment Agriculture,http://www.greenfuturestechnologies.com,
PULSONIQ TECHNOLOGIES PTE. LTD.,2025,1 - 10,Pre-seed,Consumer Electronics; Cleantech; Hardware,"Electronics, cleantech, battery, ultra-fast charge,",https://www.pulsoniq.com,
DEEP FOREST LAB PTE. LTD.,2025,1 - 10,Pre-seed,AI; Travel & Hospitality; Infocomm Tech; SaaS,SaaS,https://deepforestlab.com/,
HANASHI PTE. LTD.,2025,1 - 10,Pre-seed,AI; SaaS,,https://sakuraspeak.app/,
STRATSYNC PTE. LTD.,2025,1 - 10,Pre-seed,Supply Chain & Logistics; Enterprise Solutions,#enterpriseSaas #revenuemanagement ,https://www.stratsync.ai/,
TIGER AND WOLF PTE. LTD.,2025,1 - 10,Pre-seed,AI; Fintech; Enterprise Solutions; SaaS,AI; Agentic AI; Telco,https://tigerandwolf.biz,
SEETREE PTE. LTD.,2025,1 - 10,Pre-seed,AI; Digital Health; Healthcare Services; SaaS; AR/VR,SaaS; Digitised Health Systems; AR/VR; Health Analytics; Traditional Medicine,https://www.seetreecloud.com,
FETCHMATE SOLUTIONS PTE. LTD.,2025,1 - 10,Pre-seed,AI; Lifestyle; Manufacturing & Engineering; IoT,Consumer Electronics,http://tiny.cc/ma6x001,
BKR ENGINEERING PTE. LTD.,2021,1 - 10,Pre-seed,Manufacturing & Engineering,Laser Cleaning; Cleaning Technology; Precision manufacturing,https://www.bkrengineering.com,
SERVAT TECHNOLOGY SOLUTIONS PTE. LTD.,2025,1 - 10,Pre-seed,AI; SaaS; Big Data,The Operating System for Modern Financial Advice,https://www.servat.cloud/,
IDS SCIENCE AND TECHNOLOGY PTE. LTD.,2023,1 - 10,Pre-seed,Precision Engineering; AI; Maritime; Infocomm Tech; Robotics,"Smart Manufacturing,; Intelligent Detection,; machine vision; Medical devices testing; Vascular Stent Testing,; Medical Balloon Inspection",https://idstech.sg/,
SPHERE360IO PTE. LTD.,2023,11 - 50,Pre-seed,AI; Fintech; Enterprise Solutions; SaaS,risk intelligence; Trade finance; Asset Verification; Geospatial AI; Collateral Management; Fraud Prevention; B2B SaaS,https://www.sphere360io.com/,
CRADLENEST PTE. LTD.,2025,1 - 10,Pre-seed,,,https://cradlenest.sg/,
PROMOBRAIN PTE. LTD.,2025,1 - 10,Pre-seed,AI; E-Commerce; Enterprise Solutions; SaaS,Marketing Tech; AI; promotions; Personalization; discounts; ecommerce; Artificial intelligence; Decisioning; marketing technology; Customer Experience,https://promobrain.ai/,
KAMAG DESIGN PTE. LTD.,2025,1 - 10,Pre-seed,,,https://etroniq.ai/,
TASKHIVED PTE. LTD.,2025,1 - 10,Pre-seed,AI; Infocomm Tech; Big Data,Application Development; Data Analysis,,
LISTR PTE. LTD.,2025,1 - 10,Pre-seed,Retail; E-Commerce; Real Estate; Lifestyle; Big Data,Payment Systems; Digital Marketing; Insurtech; Consumer & Marketing Analytics; Legal Tech; Video Processing; Social Networking,https://www.linkedin.com/company/listrapp/,
BEYOND MOORE LABS PTE. LTD.,2026,1 - 10,Pre-seed,AI,#ComputeInMemory #NeuromorphicComputing #AIAccelerator #EdgeAI #SemiconductorStartup #RRAM #DeepTech #ASICDesign #BeyondMooresLaw #bmlabs,https://bmsemi.io,
SISTERHOOD ENTERPRISES PTE. LTD.,2025,1 - 10,Pre-seed,,,https://www.linkedin.com/in/karishmaanngandhi/,
SENTRIKO PTE. LTD.,2026,1 - 10,Pre-seed,Transport; AI; Enterprise Solutions; Blockchain; SaaS,"Aviation Security, ; GovTech ; Critical Infrastructure; Deep Tech; Artificial intelligence; edge computing; Computer Vision; B2B Enterprise SaaS ; Logistics & Supply Chain; Cybersecurity",https://www.sentriko.com,
CONVERSATIONS DESIGNER PTE. LTD.,2024,1 - 10,Pre-seed,Education; Retail; AI; E-Commerce; Lifestyle,"Artificial Intelligence Solutions, ; Software Application Development, ; Data-Driven Personalisation, ; Digital Product Innovation, ; Machine Learning Integration, ; Intelligent Decision Support Systems, ; SaaS Product Development, ; User Experience Engineering, ; Behavioural Analytics, ; Technology-Enabled Retail Solutions, ",https://conversationsdesigner.com,
COLLAB TECH PTE. LTD.,2025,1 - 10,Pre-seed,AI; Healthcare,,https://docseek.ai,
NAVI-VIS PTE. LTD.,2026,1 - 10,Pre-seed,Medtech; Biotech; AI; Enterprise Solutions; SaaS,"Artificial Intelligence / AI, ; Deep Tech,; MedTech, ; HealthTech, ; RegTech / Regulatory Technology, ; workflow automation",https://navi-vis.tech/,
RETTAI3D.AI PTE. LTD.,2024,1 - 10,Pre-seed,Medtech; AI; Manufacturing & Engineering; SaaS; AR/VR,#deeptech ; #SpatialAI; #DigitalTwin; #EnterpriseSaaS; #IndustrialAI; #B2BSoftware; #Industry40; #AdvancedManufacturing; #EnterpriseDigitalTransformation; #SalesEnablement,https://rettai3d.ai,
PHACE ENTERTAINMENT PTE. LTD.,2026,1 - 10,Pre-seed,Media; Gaming; Events; AI; Entertainment,CreativeHub; ArtistStudios; ProductionSpace; WorkshopsForCreatives; CreativeCollaboration; StudioRental; InnovativeArtsSpace; CreativeEconomy; NetworkForCreators,https://phacetheworld.com,
VIGILES PTE. LTD.,2026,1 - 10,Pre-seed,AI; Enterprise Solutions; SaaS; Cloud; Big Data,SaaS; Devops; monitoring; Observability; Incident Management; Cloud; infrastructure; b2b; APAC; uptime,https://vigileshq.com,
ARGENTUM AI PTE. LTD.,2025,1 - 10,Pre-seed,AI; Real Estate; Enterprise Solutions; Others; Data Analysis,Legal Tech; Planning & Design,https://www.argentumai.io/,
ZEEKAI PTE. LTD.,2025,1 - 10,Pre-seed,Infotech; AI; Enterprise Solutions; SaaS,VoiceAI; Agentic; voice agent; AI Agent; Call center; Automation,https://www.zeekai.sg/,
PYROTECHNICS PTE. LTD.,2018,1 - 10,Pre-seed,Infotech; AI; Enterprise Solutions,Agentic; VoiceAI; Automation,https://pyrotechnics.io,
LUMO TECHNOLOGIES PTE. LTD.,2026,1 - 10,Pre-seed,Infotech; AI; Lifestyle; Big Data,Pet Care; SaaS; personalisation,https://pawlyai.com,
KINNARA PTE. LTD.,2024,11 - 50,Pre-seed,,,https://kinnara.asia,
OHLA WORKS PTE. LTD.,2026,1 - 10,Pre-seed,,,https://www.ohlaworks.com/,
149 TECHNOLOGIES PTE. LTD.,2024,1 - 10,Pre-seed,Digital Health; AI; Fintech; Enterprise Solutions; Healthcare,#HealthTech; #FemTech; #AI; #saas; #VentureCapital; #InvestmentIntelligence; #EcosystemBuilding; #DigitalHealthInfrastructure; #ExpertServices; #SharedServices,https://www.149tech.co/,
BOSOM PTE. LTD.,2025,1 - 10,Pre-seed,Medtech; Complementary Health Products; Digital Health; Healthcare Services; Healthcare,Mobile Health; Telemedicine; femtech; Health; mental health; Pregnancy; Postpartum; Maternal Health; Digitised Health Systems; Preventive Health,https://bosom.sg/,
AIVATARS PTE. LTD.,2024,1 - 10,Pre-seed,AI; Enterprise Solutions; Infocomm Tech; SaaS,You Lead. AI Deliver.,https://www.aivatars.io,
WEAV8 PTE. LTD.,2025,11 - 50,Seed,Aerospace; AI; Cleantech; Data Analysis; Big Data,#DeepTech #SpaceToSustainability #SatelliteAI #GeospatialIntelligence #ESGTech #ClimateFintech #SmartCity #SingaporeSpace #DigitalTwin #FutureOfMonitoring,https://Weav8.com,
INCUBRIX PTE. LTD.,2025,11 - 50,Pre-seed,Media; Adtech; AI; Infocomm Tech; SaaS,AI; SaaS; Creator economy; Content Creation; Digital Marketing; Social Media; Media Technology; Creator Tools,https://www.incubrix.com/,
APPLIED ADVANCED GREEN MATERIALS PTE. LTD.,2026,1 - 10,Pre-seed,Enterprise Solutions; Cleantech; Manufacturing & Engineering; Blockchain; IoT,Materials & Processes; Renewable Energy; Data Analysis; Inventory Management; Eco Monitoring Technologies; Customer Relationship Management; SaaS,https://aagm.ai/,
AETHIFY PTE. LTD.,2023,1 - 10,Pre-seed,Semiconductor; Travel & Hospitality; Real Estate; Healthcare; Nanotechnology,Green Building Technology; Water Treatment; Energy Storage; IAQ; ACMV; Surface Coating; Healthcare; Cleaning Technology,https://aethify.com/,
MEASUREMENT ADVANCED ENGINEERING PRIVATE LIMITED,2018,1 - 10,Pre-seed,Marine & Offshore; Maritime; Pharmaceutical,Flow; 3D Printing; Metrology,http://mae.com.sg,
DEEPWORK AI PTE. LTD.,2026,1 - 10,Pre-seed,AI,PUT AI TO WORK. MAKE AI WORK FOR EVERYONE.,http://www.deepwork.sg,
STABLENEXUS PTE. LTD.,2026,1 - 10,Pre-seed,AI; Fintech,infrastructure; FinTech; AI compliance; Compliance; Agentic,https://stablenexus.dev/,
AKINO MEDICAL PTE. LTD.,2017,1 - 10,Pre-seed,Medtech; Healthcare; Manufacturing & Engineering; Robotics,Endoscopy; Medical Imaging; Medical devices; Surgical Imaging ; Laparoscopy; Minimally invasive technologies ,https://www.akinomedical.com,
MORPHAL PRIVATE LIMITED,2026,1 - 10,Seed,Infotech; AI; Enterprise Solutions,"AI Agents, AI Automation",https://www.morphal.com,
FUNWITHAI PTE. LTD.,2026,1 - 10,Pre-seed,Education; Infotech; AI; IoT; Data Analysis,Edtech; AI; Data Analysis; Coding; IoT; Robotics,https://www.funwitai.com,
INSAVLO PTE. LTD.,2026,1 - 10,Seed,AI; Enterprise Solutions; Infocomm Tech; SaaS; Cloud,Enterprise AI;     Intelligent Document Processing (IDP);     AI Automation;         Document AI;     OCR;     Generative AI;     Workflow Automation;     Enterprise Software;     Computer Vision;     Artificial Intelligence,https://www.insavlo.com,
ASVISE PTE. LTD.,2026,1 - 10,Pre-seed,AI; Fintech,Insurtech; FinTech; INSURANCE; Personal Finance; Financial planning; AI; document inteligence; consumer finance,https://asvise.sg/,
SNAPPYCOMPLIANCE PTE. LTD.,2026,1 - 10,Pre-seed,Robotics,Robotics; Legal Tech; SaaS,https://www.snappycompliance.com/,
FLOW21 SYSTEMS PTE. LTD.,2025,1 - 10,Pre-seed,AI; Enterprise Solutions; SaaS,,https://flow21.systems/,
PROPLENS PTE. LTD.,2024,1 - 10,Pre-seed,AI; Enterprise Solutions; SaaS,SaaS; proptech; AI,https://www.proplens.ai/,
TRUSTEC IT PTE. LTD.,2024,1 - 10,Pre-seed,Infotech; Consumer Electronics; Infocomm Tech; Cloud; Hardware,"Inspiring Tech, Empowering Business; Your Trusted IT Services & Solutions Advisor; Your Trusted IT Partner; Cyber Security; IT Services; professional services; Managed IT Services",https://TRUSTecIT.sg,
HEYAMOS PTE. LTD.,2025,1 - 10,Pre-seed,AI; Enterprise Solutions; Data Analysis,GEO; AI SEO; AEO,https://www.heyamos.com/,
EMPIRICAI PRIVATE LIMITED,2026,1 - 10,Pre-seed,AI; SaaS; Data Analysis,SaaS; AI; Data Analysis; B2C; Trading,https://www.empiricai.net,
STRYMIN PTE. LTD.,2026,1 - 10,Pre-seed,AI; Fintech; Travel & Hospitality; Big Data,,https://strymin.com/,
CLARITY TECHNOLOGY PTE. LTD.,2026,1 - 10,Pre-seed,Education; Digital Health; Infocomm Tech; Lifestyle,Gamification,https://claritytechnology.vercel.app/,
VEDGER PTE. LTD.,2026,1 - 10,Pre-seed,AI; Enterprise Solutions; SaaS,,https://www.vedger.ai,
AGRONEST VENTURES PTE. LTD.,2026,1 - 10,Pre-seed,Precision Engineering; Agritech; AI; Cleantech; Food Manufacturing & Processing,Artificial Intelligence (AI); Internet of Things (IoT); Precision Agriculture; Climate Technology; Agricultural Robotics & Technologies; Geospatial Analytics & Remote Sensing; Carbon Farming & Sustainable Agriculture; Smart Farming; Farm Intelligence & Predictive Analytics; Food Security & Regenerative Agriculture,https://agronest.org,
FATTASTIC TECHNOLOGIES PTE. LTD.,2022,1 - 10,Pre-seed,Food Science and Technology; Agritech; Food Manufacturing & Processing,Alternative Protein,https://www.fattastic.tech/,
SIMPLE AI PTE. LTD.,2023,11 - 50,Pre-seed,AI; Enterprise Solutions; SaaS,accounting; Professional Service; Artificial intelligence; AI Agent; private equity,https://www.simpleaiworks.com,
GET MY SAAS PTE. LTD.,2025,11 - 50,Pre-seed,AI; E-Commerce; Others; SaaS; Data Analysis,AI; SaaS; E-Commerce; marketplace; Product Discovery; SaaS management; Merchant of Record,https://www.getmysaas.ai,
ALPHA Z PTE. LTD.,2026,1 - 10,Pre-seed,AI,,https://www.alpha-z.io/,
MOTIONLYTICS PTE. LTD.,2025,1 - 10,Pre-seed,AI; Enterprise Solutions; Data Analysis; AR/VR,Sports; Officiating; High performance; Broadcasting,https://motionlytics.ai,
AURYON INNOVATIONS PTE. LTD.,2025,1 - 10,Pre-seed,Infotech; AI; Enterprise Solutions; SaaS,SaaS; Application Development; Dev Tool,https://savyre.com/,
